new_filename,original_filename,original_byte_length
충돌_예인선_77신정호의_피예인부선_케이제이-3001호_낚시어선_은빛호_충돌ᄉ_6691206a.hwp,충돌_예인선_77신정호의_피예인부선_케이제이-3001호_낚시어선_은빛호_충돌사건.hwp,243
충돌_유류_및_액체화학품산적운반선_와이엔_오션_어선_305광림호_충돌_f5c78e53.hwp,충돌_유류_및_액체화학품산적운반선_와이엔_오션_어선_305광림호_충돌사건.hwp,246
충돌_유류_및_액체화학품산적운반선_우진_켈리_석유제품운반선_골_055f93f7.hwp,충돌_유류_및_액체화학품산적운반선_우진_켈리_석유제품운반선_골드1호_충돌사건.hwp,277
충돌_예인선_광진월드7호_피예인부선_광진8001호와_크루즈_여객선_퀀텀_오_3de313c0.hwp,충돌_예인선_광진월드7호_피예인부선_광진8001호와_크루즈_여객선_퀀텀_오브_더_시스_충돌사건.hwp,290
충돌_중앙해심_제2022-003(어선_제25일성호.냉동운반선_스바루_충돌사건)_공_0a03d2e2.hwp,충돌_중앙해심_제2022-003(어선_제25일성호.냉동운반선_스바루_충돌사건)_공개용.hwp,245
접촉_예인선_삼양305호의_피예인항만건설작업용기중기부선_아주450호_거_3fa1ee7d.hwp,접촉_예인선_삼양305호의_피예인항만건설작업용기중기부선_아주450호_거가대교_접촉사건.hwp,283
충돌_카페리여객선_코리아익스프레스카훼리호카페리여객선_대부고속페리3호__d584002c.pdf,충돌_카페리여객선_코리아익스프레스카훼리호카페리여객선_대부고속페리3호_충돌사건.pdf,264
충돌_석유제품운반선_성진에이스호·_석유제품운반선_제96동방호_충ᄃ_3933e6e4.hwp,충돌_석유제품운반선_성진에이스호·_석유제품운반선_제96동방호_충돌사건.hwp,250
"충돌_화물_및_카페리선_케이에스_헤르메스호,_액화천연가스운반선_에스엠__8b440578.hwpx","충돌_화물_및_카페리선_케이에스_헤르메스호,_액화천연가스운반선_에스엠_제주_엘엔지1_충돌사건.hwpx",302
시설물손상_예인선_201교동호의_피예인부선_교동비피101호에_의한_어선_연가_d7a3b8d4.hwp,시설물손상_예인선_201교동호의_피예인부선_교동비피101호에_의한_어선_연가호_계류시설_손상사건.hwp,298
충돌_액화석유가스운반선_제9에스제이가스_케미칼운반선_케이티에스블루_89fde571.hwp,충돌_액화석유가스운반선_제9에스제이가스_케미칼운반선_케이티에스블루_충돌사건.hwp,265
"충돌_어선_제1구진호,_유류_및_액체화학품_산적운반선_에코_조슈아_파크_추_77c7cce8.hwp","충돌_어선_제1구진호,_유류_및_액체화학품_산적운반선_에코_조슈아_파크_충돌사건.hwp",256
"충돌_석유제품운반선_피브이티_넵튠,_석유제품운반선_글로리윈드_충_5823239d.hwp","충돌_석유제품운반선_피브이티_넵튠,_석유제품운반선_글로리윈드_충돌사건.hwp",254
충돌_예인선_광진107호의_피예인부선_재성101호·카페리화물부선_동서6001호_충_75ddac1e.pdf,충돌_예인선_광진107호의_피예인부선_재성101호·카페리화물부선_동서6001호_충돌사건.pdf,253
충돌_일반화물선_우현_호프·유류_및_액체화학품산적운반선_스카이케_9227fc19.hwpx,충돌_일반화물선_우현_호프·유류_및_액체화학품산적운반선_스카이케미_충돌사건.hwpx,269
충돌_중앙해심_제2022-001호(낚시어선_금성피싱호.어선_수진호_충돌사건)_공_733ef807.hwp,충돌_중앙해심_제2022-001호(낚시어선_금성피싱호.어선_수진호_충돌사건)_공개용.hwp,246
접촉_어선_제22대양호의_피예인어선_제201윤경호_울돌목_조류발전기지_접ᄎ_80e306e1.hwpx,접촉_어선_제22대양호의_피예인어선_제201윤경호_울돌목_조류발전기지_접촉사건.hwpx,251
해양오염_인천해심_제2025-013호_유류_및_액체화학품운반선_범영_해양오염_56318a7f.pdf,해양오염_인천해심_제2025-013호_유류_및_액체화학품운반선_범영_해양오염사건.pdf,244
충돌_예인선_안진1호의_피예인부선_현대프린세스·기타선_삼성더블유-2호__108f14c9.hwp,충돌_예인선_안진1호의_피예인부선_현대프린세스·기타선_삼성더블유-2호_충돌사건.hwp,264
충돌_컨테이너운반선_요코하마_트레이더_예인선_901조양의_피예인부선_세방2_d0606463.pdf,충돌_컨테이너운반선_요코하마_트레이더_예인선_901조양의_피예인부선_세방20001_충돌사건.pdf,269
"충돌_모래채취운반선_오션리프호,_일체형압항선_원진7호의_압항부선_ᄋ_787b3be3.pdf","충돌_모래채취운반선_오션리프호,_일체형압항선_원진7호의_압항부선_원진9호_충돌사건.pdf",287
충돌_유류_및_액체화학품산적운반선_울산_파이오니어_자동차운반선__f5b9037f.hwp,충돌_유류_및_액체화학품산적운반선_울산_파이오니어_자동차운반선_뱟코_충돌사건.hwp,279
충돌_예인선_케이-1호의_피예인부선_현대미포8001호ㆍ어선_해영3호_등_2척_충돌_d34f5078.pdf,충돌_예인선_케이-1호의_피예인부선_현대미포8001호ㆍ어선_해영3호_등_2척_충돌사건.pdf,245
충돌_유류_및_액체화학품산적운반선_케이티에스_그린호-어선_제322광덕ᄒ_08035755.pdf,충돌_유류_및_액체화학품산적운반선_케이티에스_그린호-어선_제322광덕호_충돌사건(약식).pdf,287
충돌_유류_및_액체화학품산적운반선_제이앤_아이리스_중국_모래운반ᄉ_a393b3f9.pdf,충돌_유류_및_액체화학품산적운반선_제이앤_아이리스_중국_모래운반선_저지아샨호03650_충돌사건.pdf,309
충돌_예인선_에스에스_티3호의_피예인부선_에스에스_비1호_·어선_거성호_충돌ᄉ_48e1432b.hwp,충돌_예인선_에스에스_티3호의_피예인부선_에스에스_비1호_·어선_거성호_충돌사건.hwp,242
충돌_석유제품운반선_목림부산_예인선_금오티3호의_피예인부선_금오7001_7d4518fb.hwp,충돌_석유제품운반선_목림부산_예인선_금오티3호의_피예인부선_금오7001호_충돌사건.hwp,271
접촉_예인선_서진호의_피예인부선_광진6001호_울돌목_조류발전기지_접촉_446d4c6c.hwp,접촉_예인선_서진호의_피예인부선_광진6001호_울돌목_조류발전기지_접촉사건.hwp,246
충돌_일반화물선_에스앤케이_레이디호-예인선_삼표201호의_피예인부선_삼ᄑ_387cd8ed.pdf,충돌_일반화물선_에스앤케이_레이디호-예인선_삼표201호의_피예인부선_삼표102호_충돌사건.pdf,276
