id,category,filename,x,y,cluster
기관손상_석유제품운반선_제1은희호_기관손상사건,기관손상,기관손상_석유제품운반선_제1은희호_기관손상사건.hwp,-2.8407,18.0429,0
기관손상_어선_제209신광호_기관손상사건,기관손상,기관손상_어선_제209신광호_기관손상사건.hwp,-8.6037,-13.6163,3
기관손상_카페리선_골드카페리호_기관손상사건,기관손상,기관손상_카페리선_골드카페리호_기관손상사건.pdf,-14.0376,28.4778,0
기관손상_카페리여객선_대형카훼리3호_기관손상사건,기관손상,기관손상_카페리여객선_대형카훼리3호_기관손상사건.hwp,-2.4532,22.7328,4
기관손상_카페리여객선_드림아일랜드호_기관손상사건,기관손상,기관손상_카페리여객선_드림아일랜드호_기관손상사건.hwp,3.6376,23.4936,4
기관손상_카페리여객선_섬사랑6호_기관손상사건,기관손상,기관손상_카페리여객선_섬사랑6호_기관손상사건.hwp,4.6317,10.8123,3
기타_광석운반선_시노글로리호_침수사건,기타,기타_광석운반선_시노글로리호_침수사건.hwp,-15.5558,13.8836,0
기타_낚시어선_호진호_선체손상사건,기타,기타_낚시어선_호진호_선체손상사건.hwp,29.4046,1.7436,1
기타_산적화물선_씨칭다오_기관실_침수사건,기타,기타_산적화물선_씨칭다오_기관실_침수사건.pdf,-15.9539,24.4816,0
기타_어선_동강2호_닻줄_손상사건,기타,기타_어선_동강2호_닻줄_손상사건.pdf,-0.9915,-22.2885,3
기타_어선_신아호_침수사건,기타,기타_어선_신아호_침수사건.pdf,-11.1118,8.1745,0
기타_어선_제207성진호_침수사건,기타,기타_어선_제207성진호_침수사건.hwpx,-3.5487,-12.2668,3
기타_여객선_북도고속페리호_정박_부표줄_감김사건,기타,기타_여객선_북도고속페리호_정박_부표줄_감김사건.pdf,0.4286,14.6302,0
기타_여객선_씨스타11호_기타(객실_창문_손상)사건,기타,기타_여객선_씨스타11호_기타(객실_창문_손상)사건.hwp,-0.1559,-4.8524,3
기타_예인선_201해송의_피예인부선_마린1호_침수사건,기타,기타_예인선_201해송의_피예인부선_마린1호_침수사건.hwpx,-16.2002,15.7894,0
기타_예인선_강남티-15호_침수사건,기타,기타_예인선_강남티-15호_침수사건.hwp,-8.7368,13.2089,0
기타_철광석운반선_솔라앰버(SOLAR_EMBER)_기타(선체외판손상)_사건,기타,기타_철광석운반선_솔라앰버(SOLAR_EMBER)_기타(선체외판손상)_사건.hwp,-17.8745,15.0388,0
기타_철광석운반선_스텔라유니콘(STELLAR_UNICORN)_기타(선체외판손상)_사건,기타,기타_철광석운반선_스텔라유니콘(STELLAR_UNICORN)_기타(선체외판손상)_사건.hwp,-18.5409,14.6724,0
기타_철광석운반선_스텔라퀸_기타(상갑판손상)사건,기타,기타_철광석운반선_스텔라퀸_기타(상갑판손상)사건.hwp,-18.7353,14.5555,0
속구손상_예인선_36금양호_속구손상사건,속구손상,속구손상_예인선_36금양호_속구손상사건.pdf,-4.3633,14.7991,0
시설물손상_어선_베드로호_양식장_손상사건,시설물손상,시설물손상_어선_베드로호_양식장_손상사건.hwp,-15.2228,-0.8857,3
시설물손상_여객선_북도고속페리호_장봉도선착장_손상사건,시설물손상,시설물손상_여객선_북도고속페리호_장봉도선착장_손상사건.pdf,0.2582,16.8762,0
시설물손상_예인선_201교동호의_피예인부선_교동비피101호에_의한_어선_연가_d7a3b8d4,시설물손상,시설물손상_예인선_201교동호의_피예인부선_교동비피101호에_의한_어선_연가_d7a3b8d4.hwp,-6.1271,8.4082,0
시설물손상_유류_및_액체화학품산적운반선_거영드림3_폭발사건,시설물손상,시설물손상_유류_및_액체화학품산적운반선_거영드림3_폭발사건.hwp,-16.3741,16.5211,0
시설물손상_철광석운반선_스텔라퀸기타(상갑판_손상)사건,시설물손상,시설물손상_철광석운반선_스텔라퀸기타(상갑판_손상)사건.hwp,-13.6523,25.403,0
운항저해_여객선_북도고속페리호_운항저해사건,운항저해,운항저해_여객선_북도고속페리호_운항저해사건.pdf,0.2693,16.8732,0
운항저해_카페리여객선_비금아일랜드호_운항저해사건,운항저해,운항저해_카페리여객선_비금아일랜드호_운항저해사건.hwp,3.5973,23.386,4
인명사상_광석운반선_시_차오페이뎬_선원사망사건,인명사상,인명사상_광석운반선_시_차오페이뎬_선원사망사건.hwpx,-4.0053,-22.9537,0
인명사상_급유선_대양호_선원_등_부상사건,인명사상,인명사상_급유선_대양호_선원_등_부상사건.hwpx,-16.7086,24.862,2
인명사상_기타선_빼리호_전복사건,인명사상,인명사상_기타선_빼리호_전복사건.hwp,-3.7082,6.1467,1
인명사상_기타선_해바라기호_관광객부상사건,인명사상,인명사상_기타선_해바라기호_관광객부상사건.hwp,18.8484,18.8547,1
인명사상_낚시어선_다원호_승객부상사건,인명사상,인명사상_낚시어선_다원호_승객부상사건.hwp,25.3822,-4.9757,1
인명사상_낚시어선_삼흥호_승객사망사건,인명사상,인명사상_낚시어선_삼흥호_승객사망사건.hwpx,22.8469,17.3299,1
인명사상_낚시어선_신진호_승객부상사건,인명사상,인명사상_낚시어선_신진호_승객부상사건.hwp,-25.4052,7.5928,2
인명사상_낚시어선_트윈스호_수중레저활동자_부상사건,인명사상,인명사상_낚시어선_트윈스호_수중레저활동자_부상사건.hwp,18.1798,-15.1084,1
인명사상_모터보트_라운지_잠수부_사망사건,인명사상,인명사상_모터보트_라운지_잠수부_사망사건.hwp,-4.7396,-0.9135,3
인명사상_모터보트_로얄마린_수중레저활동자_사망사건,인명사상,인명사상_모터보트_로얄마린_수중레저활동자_사망사건.hwpx,-5.0666,-2.3139,3
인명사상_부선_한강6호_선원사망사건,인명사상,인명사상_부선_한강6호_선원사망사건.pdf,-12.6928,-12.7252,3
인명사상_산적화물선_디엘아이비_작업원_사망사건,인명사상,인명사상_산적화물선_디엘아이비_작업원_사망사건.pdf,-7.1713,-20.2661,0
인명사상_산적화물선_프린세스호_작업원부상사건,인명사상,인명사상_산적화물선_프린세스호_작업원부상사건.hwp,-28.5172,5.7211,0
인명사상_석유제품운반선_한유비전_선원부상사건,인명사상,인명사상_석유제품운반선_한유비전_선원부상사건.hwpx,-4.8602,10.3111,0
인명사상_시험조사선_이사부호_선원사망사건,인명사상,인명사상_시험조사선_이사부호_선원사망사건.hwp,-5.6674,-16.4284,4
인명사상_액체화학품산적운반선_골든_브리지_하나_선원사망사건,인명사상,인명사상_액체화학품산적운반선_골든_브리지_하나_선원사망사건.hwp,-29.5254,2.2493,0
인명사상_액화천연가스운반선_현대_테크노피아_선원사망사건,인명사상,인명사상_액화천연가스운반선_현대_테크노피아_선원사망사건.hwp,-27.9467,6.1468,0
인명사상_어선_103대승호_선원부상사건,인명사상,인명사상_어선_103대승호_선원부상사건.pdf,-0.5418,-15.8979,3
인명사상_어선_12재성호_선원부상사건,인명사상,인명사상_어선_12재성호_선원부상사건.hwp,-22.7598,-5.2124,2
인명사상_어선_1만복호_선원사망사건,인명사상,인명사상_어선_1만복호_선원사망사건.hwp,-23.1641,-11.3152,2
인명사상_어선_2020안성호_선원사망사건,인명사상,인명사상_어선_2020안성호_선원사망사건.hwpx,-8.3868,-17.7891,3
인명사상_어선_202미성호_선원사망사건,인명사상,인명사상_어선_202미성호_선원사망사건.hwpx,-28.5291,-0.1282,2
인명사상_어선_203남광호_선원사망사건,인명사상,인명사상_어선_203남광호_선원사망사건.hwp,-16.148,-6.6844,2
인명사상_어선_206분도호_선원사망사건,인명사상,인명사상_어선_206분도호_선원사망사건.hwpx,-28.1633,0.1868,2
인명사상_어선_209대청호_선원사망사건,인명사상,인명사상_어선_209대청호_선원사망사건.hwpx,-26.2865,-10.9513,2
인명사상_어선_219신흥호_선원부상사건,인명사상,인명사상_어선_219신흥호_선원부상사건.hwp,-14.1549,-5.9247,2
인명사상_어선_221대성호_선원사망사건,인명사상,인명사상_어선_221대성호_선원사망사건.pdf,-27.1219,-2.8734,2
인명사상_어선_27협신호_선원사망사건,인명사상,인명사상_어선_27협신호_선원사망사건.hwpx,-15.9641,-6.9699,2
인명사상_어선_2유덕호_선원부상사건,인명사상,인명사상_어선_2유덕호_선원부상사건.hwpx,-17.0063,-2.1457,2
인명사상_어선_2통일호_선원사망사건,인명사상,인명사상_어선_2통일호_선원사망사건.pdf,-13.9843,-8.5825,2
인명사상_어선_301광명호_선원사망사건,인명사상,인명사상_어선_301광명호_선원사망사건.hwpx,-16.4447,-6.1692,2
인명사상_어선_313태양호_선원사망사건,인명사상,인명사상_어선_313태양호_선원사망사건.hwpx,-9.1692,-17.962,3
인명사상_어선_603조일호_선원사망사건,인명사상,인명사상_어선_603조일호_선원사망사건.hwp,-27.2829,-11.0438,2
인명사상_어선_78임수호_선원사망사건,인명사상,인명사상_어선_78임수호_선원사망사건.hwp,-14.9935,-18.9685,0
인명사상_어선_9009경진호_선원사망사건,인명사상,인명사상_어선_9009경진호_선원사망사건.hwp,-25.6672,-12.4979,2
인명사상_어선_9민성호_선원부상사건,인명사상,인명사상_어선_9민성호_선원부상사건.pdf,-21.3701,-1.5471,2
인명사상_어선_가람호_선원부상사건,인명사상,인명사상_어선_가람호_선원부상사건.pdf,-25.1326,-1.7349,2
인명사상_어선_건양호_선원사망사건,인명사상,인명사상_어선_건양호_선원사망사건.pdf,-28.4449,-1.9683,2
인명사상_어선_광일호_선원부상사건,인명사상,인명사상_어선_광일호_선원부상사건.pdf,-27.3297,1.3438,2
인명사상_어선_광정15호_선원사망사건,인명사상,인명사상_어선_광정15호_선원사망사건.hwpx,-8.3231,-7.6873,3
인명사상_어선_금강7호_선원사망사건,인명사상,인명사상_어선_금강7호_선원사망사건.pdf,-21.7533,1.2889,2
인명사상_어선_대건호_선원부상사건,인명사상,인명사상_어선_대건호_선원부상사건.pdf,-22.3802,0.8808,2
인명사상_어선_대신5호_선원부상사건,인명사상,인명사상_어선_대신5호_선원부상사건.pdf,-24.9291,-1.0707,2
인명사상_어선_대신호_선원실종사건,인명사상,인명사상_어선_대신호_선원실종사건.pdf,-26.2314,3.3755,2
인명사상_어선_대양호_선원사망사건,인명사상,인명사상_어선_대양호_선원사망사건.hwp,-25.5799,-7.3952,2
인명사상_어선_동운호_선원사망사건,인명사상,인명사상_어선_동운호_선원사망사건.hwp,-17.9989,-7.5068,2
인명사상_어선_동진호_선원부상사건,인명사상,인명사상_어선_동진호_선원부상사건.pdf,-21.9802,-0.4721,2
인명사상_어선_만복호_선원부상사건,인명사상,인명사상_어선_만복호_선원부상사건.hwp,-20.7895,-5.0952,2
인명사상_어선_만진호_선원사망사건,인명사상,인명사상_어선_만진호_선원사망사건.pdf,-17.7202,-14.3765,2
인명사상_어선_매일호_선원사망사건,인명사상,인명사상_어선_매일호_선원사망사건.hwpx,-10.7138,-4.5007,3
인명사상_어선_명성호_선원부상사건,인명사상,인명사상_어선_명성호_선원부상사건.pdf,-20.6478,3.4747,2
인명사상_어선_명성호_선원사망사건,인명사상,인명사상_어선_명성호_선원사망사건.hwp,-25.8998,-6.2403,2
인명사상_어선_명성호_선원사상사건,인명사상,인명사상_어선_명성호_선원사상사건.hwp,-24.6395,-6.0525,2
인명사상_어선_민성1호_선원사망사건,인명사상,인명사상_어선_민성1호_선원사망사건.pdf,-18.8963,-5.8529,2
인명사상_어선_바다2호_선원사망사건,인명사상,인명사상_어선_바다2호_선원사망사건.pdf,-13.2961,-5.821,3
인명사상_어선_반석호_선원사망사건,인명사상,인명사상_어선_반석호_선원사망사건.pdf,-25.9779,-8.7602,2
인명사상_어선_벽강호_선원사망사건,인명사상,인명사상_어선_벽강호_선원사망사건.hwp,-17.8316,8.0941,0
인명사상_어선_복연호_선원사망사건,인명사상,인명사상_어선_복연호_선원사망사건.hwp,-15.8159,-12.9212,2
인명사상_어선_봉민호_선원사망사건,인명사상,인명사상_어선_봉민호_선원사망사건.hwpx,-23.8444,-6.6038,2
인명사상_어선_부성호_선원실종사건,인명사상,인명사상_어선_부성호_선원실종사건.hwp,-6.086,-8.1142,2
인명사상_어선_블루드래곤호_선원실종사건,인명사상,인명사상_어선_블루드래곤호_선원실종사건.hwp,-21.6316,-8.7652,3
인명사상_어선_선경2호_선원사망사건,인명사상,인명사상_어선_선경2호_선원사망사건.hwp,-23.2914,-1.109,2
인명사상_어선_선경호_선원부상사건,인명사상,인명사상_어선_선경호_선원부상사건.pdf,-21.1943,-0.1251,2
인명사상_어선_성림5호_선원사망사건,인명사상,인명사상_어선_성림5호_선원사망사건.pdf,-22.8942,0.5593,2
인명사상_어선_성복호_선원사망사건,인명사상,인명사상_어선_성복호_선원사망사건.pdf,-15.6809,-4.2261,2
인명사상_어선_성운호_잠수부사망사건,인명사상,인명사상_어선_성운호_잠수부사망사건.hwp,-17.5633,8.5043,0
인명사상_어선_수정호_잠사부사망사건,인명사상,인명사상_어선_수정호_잠사부사망사건.hwp,13.3284,-22.9753,3
인명사상_어선_신영51호_선원사망사건,인명사상,인명사상_어선_신영51호_선원사망사건.pdf,-4.9533,-15.563,3
인명사상_어선_신영호_선원사망사건,인명사상,인명사상_어선_신영호_선원사망사건.pdf,-14.393,-4.0986,3
인명사상_어선_영광호_선원부상사건,인명사상,인명사상_어선_영광호_선원부상사건.hwp,-12.5801,-5.114,2
인명사상_어선_용진호_선원사망사건,인명사상,인명사상_어선_용진호_선원사망사건.hwp,-29.4763,-4.3692,2
인명사상_어선_원성호_선원부상사건(약식),인명사상,인명사상_어선_원성호_선원부상사건(약식).hwpx,-18.2967,-6.0395,2
인명사상_어선_유일호_선원부상사건,인명사상,인명사상_어선_유일호_선원부상사건.pdf,-24.505,-5.1293,2
인명사상_어선_유정호_선원부상사건,인명사상,인명사상_어선_유정호_선원부상사건.hwp,-20.8678,-2.6207,2
인명사상_어선_유정호_선원부상사건,인명사상,인명사상_어선_유정호_선원부상사건.pdf,-25.709,2.8832,2
인명사상_어선_유정호_선원사망사건,인명사상,인명사상_어선_유정호_선원사망사건.hwpx,-2.2806,-13.99,3
인명사상_어선_은성호_선원사망사건,인명사상,인명사상_어선_은성호_선원사망사건.hwp,-28.8299,-0.1734,3
인명사상_어선_은성호_선원사망사건,인명사상,인명사상_어선_은성호_선원사망사건.hwpx,2.1776,-16.6985,3
인명사상_어선_은진호_선원사망사건,인명사상,인명사상_어선_은진호_선원사망사건.hwpx,-20.2319,-13.9379,2
인명사상_어선_장미2호_선원사망사건,인명사상,인명사상_어선_장미2호_선원사망사건.pdf,-13.2141,-6.916,3
인명사상_어선_장순호_선원사망사건,인명사상,인명사상_어선_장순호_선원사망사건.pdf,-27.6212,-6.7373,2
인명사상_어선_정복호_선원부상사건,인명사상,인명사상_어선_정복호_선원부상사건.pdf,-20.0086,-7.0904,2
인명사상_어선_정빈호_선원사망사건,인명사상,인명사상_어선_정빈호_선원사망사건.hwp,-28.8171,-3.2346,2
인명사상_어선_정원호_선원부상사건,인명사상,인명사상_어선_정원호_선원부상사건.pdf,-27.196,-5.3344,2
인명사상_어선_제101부창호_선원사망사건,인명사상,인명사상_어선_제101부창호_선원사망사건.hwp,-20.2509,-10.9859,2
인명사상_어선_제101성화호_선원부상사건,인명사상,인명사상_어선_제101성화호_선원부상사건.hwp,-21.5522,-6.4523,2
인명사상_어선_제101순흥호_선원부상사건,인명사상,인명사상_어선_제101순흥호_선원부상사건.pdf,-19.9148,-0.3712,2
인명사상_어선_제101통영호_선원사상사건,인명사상,인명사상_어선_제101통영호_선원사상사건.hwp,-2.6088,-12.8441,3
인명사상_어선_제103부일호에_임시승선한_어선_제2007호_선원사망사건,인명사상,인명사상_어선_제103부일호에_임시승선한_어선_제2007호_선원사망사건.pdf,-14.0944,-7.2412,2
인명사상_어선_제103해금호_선원부상사건,인명사상,인명사상_어선_제103해금호_선원부상사건.hwp,-23.7857,5.2088,2
인명사상_어선_제105대진호_선원사망사건,인명사상,인명사상_어선_제105대진호_선원사망사건.hwp,5.9337,-21.6294,3
인명사상_어선_제107명진호_선원사망사건,인명사상,인명사상_어선_제107명진호_선원사망사건.hwp,-28.7073,-2.0351,2
인명사상_어선_제118금성호_선원부상사건,인명사상,인명사상_어선_제118금성호_선원부상사건.pdf,-30.5738,4.3371,2
인명사상_어선_제11태화호_선원사망사건,인명사상,인명사상_어선_제11태화호_선원사망사건.hwpx,-22.5737,-14.7221,2
인명사상_어선_제128대진호_선원사상사건,인명사상,인명사상_어선_제128대진호_선원사상사건.hwp,-30.1924,4.5663,0
인명사상_어선_제15수영호_선원실종사건,인명사상,인명사상_어선_제15수영호_선원실종사건.pdf,-29.9543,6.2859,0
인명사상_어선_제17덕진호_선원사망사건,인명사상,인명사상_어선_제17덕진호_선원사망사건.hwpx,-10.1894,-18.387,0
인명사상_어선_제1만선호_부상사건,인명사상,인명사상_어선_제1만선호_부상사건.hwpx,-25.8713,-1.5826,2
인명사상_어선_제2017세종호_선원사망사건,인명사상,인명사상_어선_제2017세종호_선원사망사건.hwpx,-28.6539,3.9149,2
인명사상_어선_제201창남호_선원부상사건,인명사상,인명사상_어선_제201창남호_선원부상사건.hwpx,-26.8984,3.2499,2
인명사상_어선_제2022대경호_선원부상사건,인명사상,인명사상_어선_제2022대경호_선원부상사건.hwpx,-15.965,-11.3247,2
인명사상_어선_제203대성호_선원사망사건,인명사상,인명사상_어선_제203대성호_선원사망사건.pdf,-22.478,-2.5987,2
인명사상_어선_제203대영호_선원부상사건,인명사상,인명사상_어선_제203대영호_선원부상사건.pdf,-19.4793,-0.5107,2
인명사상_어선_제205금성호_선원사망사건,인명사상,인명사상_어선_제205금성호_선원사망사건.hwpx,-17.1678,-5.2031,2
인명사상_어선_제205연흥호_선원사망사건,인명사상,인명사상_어선_제205연흥호_선원사망사건.pdf,-3.1682,-16.4484,3
인명사상_어선_제207해선호_선원사망사건,인명사상,인명사상_어선_제207해선호_선원사망사건.hwp,-22.5159,-11.15,2
인명사상_어선_제208대일호_선원실종사건,인명사상,인명사상_어선_제208대일호_선원실종사건.pdf,-18.3635,-11.219,3
인명사상_어선_제21구진호_선원부상사건,인명사상,인명사상_어선_제21구진호_선원부상사건.hwp,-20.1003,1.7069,2
인명사상_어선_제21남경호_부유물감김사건으로_인한_선원사망사건,인명사상,인명사상_어선_제21남경호_부유물감김사건으로_인한_선원사망사건.pdf,-8.0168,-17.713,3
인명사상_어선_제237양창호_선원사망사건,인명사상,인명사상_어선_제237양창호_선원사망사건.hwp,-11.5799,4.4999,0
인명사상_어선_제23보경호_선원사망사건,인명사상,인명사상_어선_제23보경호_선원사망사건.hwp,-25.08,-10.586,2
인명사상_어선_제25민성호_선원부상사건,인명사상,인명사상_어선_제25민성호_선원부상사건.pdf,-22.8929,1.1066,2
인명사상_어선_제27연정호_선원사망사건,인명사상,인명사상_어선_제27연정호_선원사망사건.hwpx,-7.1077,-16.7331,2
인명사상_어선_제286혜승호_선원사망사건,인명사상,인명사상_어선_제286혜승호_선원사망사건.hwp,22.9381,-0.8518,1
인명사상_어선_제28득명호_선원사망사건,인명사상,인명사상_어선_제28득명호_선원사망사건.hwp,-24.8607,4.6337,2
인명사상_어선_제2고려호_선원실종사건,인명사상,인명사상_어선_제2고려호_선원실종사건.pdf,4.4782,-18.7581,3
인명사상_어선_제2성화호_선원부상사건,인명사상,인명사상_어선_제2성화호_선원부상사건.pdf,-19.169,-2.2693,2
인명사상_어선_제2창성호_선원실종사건,인명사상,인명사상_어선_제2창성호_선원실종사건.pdf,-27.8381,-4.8294,2
인명사상_어선_제2천양호_선원부상사건,인명사상,인명사상_어선_제2천양호_선원부상사건.hwp,-25.2951,8.0257,2
인명사상_어선_제302용선호_선원부상사건,인명사상,인명사상_어선_제302용선호_선원부상사건.hwpx,-17.3662,-8.3192,3
인명사상_어선_제306민금호_선원부상사건,인명사상,인명사상_어선_제306민금호_선원부상사건.hwp,-24.5898,-12.2017,2
인명사상_어선_제306민금호_선원사망사건,인명사상,인명사상_어선_제306민금호_선원사망사건.hwp,-25.0784,-11.5818,2
인명사상_어선_제307상진호_선원부상사건,인명사상,인명사상_어선_제307상진호_선원부상사건.hwp,-23.1351,-14.1526,2
인명사상_어선_제307영용호_선원사망사건,인명사상,인명사상_어선_제307영용호_선원사망사건.hwp,-3.59,-13.3039,3
인명사상_어선_제309부영호_선원사망사건,인명사상,인명사상_어선_제309부영호_선원사망사건.hwp,-11.7357,4.5644,0
인명사상_어선_제311길령호_선원사망사건,인명사상,인명사상_어선_제311길령호_선원사망사건.hwp,-26.8055,-13.4583,2
인명사상_어선_제31금영호_선원부상사건,인명사상,인명사상_어선_제31금영호_선원부상사건.hwpx,-19.7421,-13.9647,2
인명사상_어선_제31금영호_선원실종사건,인명사상,인명사상_어선_제31금영호_선원실종사건.hwp,-19.3584,-15.1863,2
인명사상_어선_제322광덕호_선원부상사건,인명사상,인명사상_어선_제322광덕호_선원부상사건.pdf,-12.1445,-8.3873,3
인명사상_어선_제33동익호_선원사망사건,인명사상,인명사상_어선_제33동익호_선원사망사건.hwp,-12.1907,-11.1521,3
인명사상_어선_제33영신호_선원사망사건,인명사상,인명사상_어선_제33영신호_선원사망사건.hwp,-9.1852,-2.5005,3
인명사상_어선_제33창남호_선원사상사건,인명사상,인명사상_어선_제33창남호_선원사상사건.hwp,-24.2005,2.1507,2
인명사상_어선_제388미래호_선원사망사건,인명사상,인명사상_어선_제388미래호_선원사망사건.hwpx,-21.4993,-10.864,2
인명사상_어선_제38미래호_선원부상사건,인명사상,인명사상_어선_제38미래호_선원부상사건.hwpx,-24.8192,-2.9404,2
인명사상_어선_제3명신호_선원사망사건,인명사상,인명사상_어선_제3명신호_선원사망사건.hwp,-9.1898,-2.3058,3
인명사상_어선_제505한진호_선원부상사건,인명사상,인명사상_어선_제505한진호_선원부상사건.hwp,-26.2909,0.0629,2
인명사상_어선_제505협신호_선원사망사건,인명사상,인명사상_어선_제505협신호_선원사망사건.hwp,-24.4324,0.7811,2
인명사상_어선_제505협신호_선원사망사건_1,인명사상,인명사상_어선_제505협신호_선원사망사건_1.hwp,-23.7072,-11.6715,2
인명사상_어선_제608승진호_선원사망사건,인명사상,인명사상_어선_제608승진호_선원사망사건.hwp,-20.8252,-12.0725,3
인명사상_어선_제608승진호_선원사망사건_1,인명사상,인명사상_어선_제608승진호_선원사망사건_1.hwp,-26.7685,-13.3183,2
인명사상_어선_제609천금호_선원부상사건,인명사상,인명사상_어선_제609천금호_선원부상사건.hwp,-25.5782,0.4824,2
인명사상_어선_제707우성호_잠수부사망사건,인명사상,인명사상_어선_제707우성호_잠수부사망사건.hwpx,-20.8409,-14.5631,2
인명사상_어선_제72해영호_선원사망사건,인명사상,인명사상_어선_제72해영호_선원사망사건.hwp,-20.7203,-12.3473,3
인명사상_어선_제77태광호_선원부상사건,인명사상,인명사상_어선_제77태광호_선원부상사건.pdf,-23.4848,-6.2492,2
인명사상_어선_제793금정호_선원실종사건,인명사상,인명사상_어선_제793금정호_선원실종사건.pdf,-1.1976,-13.9633,3
인명사상_어선_제7대성호_선원사망사건,인명사상,인명사상_어선_제7대성호_선원사망사건.hwp,22.1561,-4.5612,3
인명사상_어선_제7만복호_선원사망사건,인명사상,인명사상_어선_제7만복호_선원사망사건.hwp,-22.9685,-9.9453,2
인명사상_어선_제7조흥호_선원사망사건,인명사상,인명사상_어선_제7조흥호_선원사망사건.pdf,-19.5443,-9.4404,2
인명사상_어선_제7환경호_선원부상사건,인명사상,인명사상_어선_제7환경호_선원부상사건.hwp,-20.7123,-5.1266,2
인명사상_어선_제802덕해호_선원부상사건,인명사상,인명사상_어선_제802덕해호_선원부상사건.hwpx,-17.5386,-2.2478,2
인명사상_어선_제809주영호_선원부상사건,인명사상,인명사상_어선_제809주영호_선원부상사건.hwp,-9.8081,-13.9052,3
인명사상_어선_제809주영호_선원사망사건,인명사상,인명사상_어선_제809주영호_선원사망사건.hwp,-9.76,-13.9255,3
인명사상_어선_제909주영호_선원실종사건,인명사상,인명사상_어선_제909주영호_선원실종사건.hwp,-10.4903,-2.1228,0
인명사상_어선_제99부영호_선원사망사건,인명사상,인명사상_어선_제99부영호_선원사망사건.hwp,-6.177,-10.7686,3
인명사상_어선_제99희영호_선원부상사건,인명사상,인명사상_어선_제99희영호_선원부상사건.hwp,-13.0731,-15.1151,3
인명사상_어선_주용호_선원사망사건,인명사상,인명사상_어선_주용호_선원사망사건.pdf,-23.1323,-3.4212,2
인명사상_어선_창덕호_선원부상사건,인명사상,인명사상_어선_창덕호_선원부상사건.pdf,-18.3952,-0.1562,2
인명사상_어선_창오호_선원사망사건,인명사상,인명사상_어선_창오호_선원사망사건.hwp,-12.0065,-1.0142,3
인명사상_어선_천금호_선원사망사건,인명사상,인명사상_어선_천금호_선원사망사건.hwp,-23.7253,-13.8859,2
인명사상_어선_천일호_선원사망사건,인명사상,인명사상_어선_천일호_선원사망사건.pdf,-22.665,2.745,2
인명사상_어선_청강호_선원사망사건,인명사상,인명사상_어선_청강호_선원사망사건.pdf,-22.8875,-0.3052,2
인명사상_어선_청용호_잠수부사망사건,인명사상,인명사상_어선_청용호_잠수부사망사건.hwp,-17.7072,8.24,0
인명사상_어선_통일호_선원사망사건,인명사상,인명사상_어선_통일호_선원사망사건.pdf,-13.506,-9.8067,3
인명사상_어선_한별호_선원사망사건,인명사상,인명사상_어선_한별호_선원사망사건.pdf,-10.0966,-5.2768,3
인명사상_어선_해성호_선원사망사건,인명사상,인명사상_어선_해성호_선원사망사건.hwpx,-22.8931,-8.1676,2
인명사상_어선_현대호_선원사상사건,인명사상,인명사상_어선_현대호_선원사상사건.pdf,-19.7397,-8.8129,2
인명사상_어선_화영호_선원사망사건,인명사상,인명사상_어선_화영호_선원사망사건.hwp,-23.0406,-8.1657,2
인명사상_어업지도선_무궁화37호_선원사망사건,인명사상,인명사상_어업지도선_무궁화37호_선원사망사건.hwpx,-24.4515,5.2566,2
인명사상_예선_바다2호_선원사망사건,인명사상,인명사상_예선_바다2호_선원사망사건.hwp,-1.6236,6.9923,0
인명사상_예인선_101한진호_선원부상사건,인명사상,인명사상_예인선_101한진호_선원부상사건.hwp,10.8338,17.9354,1
인명사상_예인선_101한진호_선원사망사건,인명사상,인명사상_예인선_101한진호_선원사망사건.pdf,-10.5431,-15.2197,0
인명사상_예인선_2002해영_선원사망사건,인명사상,인명사상_예인선_2002해영_선원사망사건.hwp,-2.7778,2.5701,3
인명사상_예인선_77신정호_선원부상사건,인명사상,인명사상_예인선_77신정호_선원부상사건.hwp,-25.0188,5.8691,2
인명사상_예인선_건우1200호_선원사망사건,인명사상,인명사상_예인선_건우1200호_선원사망사건.hwp,-9.958,11.6438,0
인명사상_예인선_용진_선원부상사건,인명사상,인명사상_예인선_용진_선원부상사건.hwp,4.3043,-3.8065,3
인명사상_예인선_재원3호_선원부상사건,인명사상,인명사상_예인선_재원3호_선원부상사건.pdf,-22.6712,5.0699,0
인명사상_예인선_전남912호의_피예인부선_6001고려호_선원사망사건,인명사상,인명사상_예인선_전남912호의_피예인부선_6001고려호_선원사망사건.hwpx,-2.2463,7.6425,0
인명사상_예인선_제201동성호_선원사망사건,인명사상,인명사상_예인선_제201동성호_선원사망사건.hwp,0.9935,-14.7644,3
인명사상_예인선_제3001광진호_선원사망사건,인명사상,인명사상_예인선_제3001광진호_선원사망사건.hwp,19.1648,-1.3276,1
인명사상_예인선_태양25호_선원부상사건,인명사상,인명사상_예인선_태양25호_선원부상사건.hwpx,-22.2865,8.296,0
인명사상_예인선_해성1호_잠수사사망사건,인명사상,인명사상_예인선_해성1호_잠수사사망사건.hwp,-7.9342,-20.6555,0
인명사상_예인선_현대쥬베일호_선원사망사건,인명사상,인명사상_예인선_현대쥬베일호_선원사망사건.hwp,5.0703,7.6875,0
인명사상_예인선_현대쥬베일호_선원사망사건,인명사상,인명사상_예인선_현대쥬베일호_선원사망사건.pdf,-5.7475,-22.3342,0
인명사상_예인선_효종호_선원사망사건,인명사상,인명사상_예인선_효종호_선원사망사건.hwp,-3.0559,7.3396,0
인명사상_원양어선_사조_패밀리아호_선원사망사건,인명사상,인명사상_원양어선_사조_패밀리아호_선원사망사건.hwp,-9.7035,-9.5294,0
인명사상_원양어선_세인_파이오니아호_선원사망사건,인명사상,인명사상_원양어선_세인_파이오니아호_선원사망사건.hwpx,-20.4905,-3.3235,2
인명사상_원양어선_슐에스테701호_선원사망사건,인명사상,인명사상_원양어선_슐에스테701호_선원사망사건.hwpx,0.6744,-10.1722,3
인명사상_유류_및_액체화학품_산적운반선_한림에이스_선원사망사건,인명사상,인명사상_유류_및_액체화학품_산적운반선_한림에이스_선원사망사건.hwp,-8.0768,-24.378,0
인명사상_유류_및_액체화학품산적운반선_아라하나_선원사망사건,인명사상,인명사상_유류_및_액체화학품산적운반선_아라하나_선원사망사건.hwp,-13.8852,24.3457,0
인명사상_일반화물선_썬_이스턴_도선사_사망사건,인명사상,인명사상_일반화물선_썬_이스턴_도선사_사망사건.hwpx,-4.5341,-19.932,3
인명사상_일반화물선_제27금진호_줄잡이원부상사건,인명사상,인명사상_일반화물선_제27금진호_줄잡이원부상사건.hwpx,-8.0168,-0.0976,0
인명사상_일반화물선_제니스로얄호_선원사망사건,인명사상,인명사상_일반화물선_제니스로얄호_선원사망사건.pdf,-4.5082,9.7003,0
인명사상_일반화물선_통마오6_화물감정사_사망사건,인명사상,인명사상_일반화물선_통마오6_화물감정사_사망사건.hwpx,-5.0189,-19.1702,0
인명사상_컨테이너선_홍콩_보이저_선원사망사건,인명사상,인명사상_컨테이너선_홍콩_보이저_선원사망사건.pdf,-11.7337,-23.1867,0
인명사상_통선_백조102호_승객사망사건,인명사상,인명사상_통선_백조102호_승객사망사건.hwp,-10.3298,16.8414,0
인명사상_통선_제1동양호_승객사망사건,인명사상,인명사상_통선_제1동양호_승객사망사건.hwp,-1.7541,8.5576,0
인명사상_통선_제3성원호_승객사망사건,인명사상,인명사상_통선_제3성원호_승객사망사건.pdf,-1.852,21.3289,0
전복_공사작업용부선_동방2005호_전복사건,전복,전복_공사작업용부선_동방2005호_전복사건.hwpx,-6.6936,7.5026,0
전복_모터보트_마린스포츠호_전복사건,전복,전복_모터보트_마린스포츠호_전복사건.pdf,-11.0795,-7.0856,2
전복_모터보트_송광2호_전복사건,전복,전복_모터보트_송광2호_전복사건.pdf,-1.9987,-18.9118,0
전복_모터보트_혜성호_전복사건,전복,전복_모터보트_혜성호_전복사건.pdf,27.8228,0.7824,1
전복_어선_153해월호_전복사건,전복,전복_어선_153해월호_전복사건.hwpx,-5.809,2.4546,3
전복_어선_2006만진호_전복사건,전복,전복_어선_2006만진호_전복사건.hwp,-1.9696,-1.4397,3
전복_어선_2008만선호_전복사건,전복,전복_어선_2008만선호_전복사건.hwpx,-1.214,-1.8392,3
전복_어선_7대봉산호_전복사건,전복,전복_어선_7대봉산호_전복사건.pdf,-11.5168,-11.5146,0
전복_어선_85대양호_전복사건,전복,전복_어선_85대양호_전복사건.pdf,-13.6483,-2.3948,2
전복_어선_대광호_전복사건,전복,전복_어선_대광호_전복사건.hwpx,-15.54,4.7316,2
전복_어선_동진호_전복사건,전복,전복_어선_동진호_전복사건.pdf,-0.9396,-20.8257,3
전복_어선_순경7호_전복사건,전복,전복_어선_순경7호_전복사건.pdf,19.6166,-8.7963,1
전복_어선_영광호_전복사건,전복,전복_어선_영광호_전복사건.hwp,-20.0096,4.1639,2
전복_어선_제0519복길호_전복사건,전복,전복_어선_제0519복길호_전복사건.hwpx,-13.4738,-3.1446,2
전복_어선_제102해진호_전복사건,전복,전복_어선_제102해진호_전복사건.hwpx,-10.0705,7.0427,2
전복_어선_제105동건호_전복사건,전복,전복_어선_제105동건호_전복사건.hwpx,-6.7823,2.927,3
전복_어선_제136다누리호_전복사건,전복,전복_어선_제136다누리호_전복사건.pdf,-9.9439,4.0947,1
전복_어선_제1부경호_전복사건,전복,전복_어선_제1부경호_전복사건.hwp,-9.873,8.298,0
전복_어선_제2014민성호_전복사건,전복,전복_어선_제2014민성호_전복사건.hwp,-7.362,2.6929,3
전복_어선_제207남양호_전복사건,전복,전복_어선_제207남양호_전복사건.hwp,-6.779,-12.8636,3
전복_어선_제2해신호_전복사건,전복,전복_어선_제2해신호_전복사건.hwpx,-0.1534,-1.7288,1
전복_어선_제32명민호_전복사건,전복,전복_어선_제32명민호_전복사건.hwp,-7.8783,3.3008,0
전복_어선_제7074창진호_전복사건,전복,전복_어선_제7074창진호_전복사건.hwp,-2.2291,-2.4054,3
전복_어선_제708만복호_전복사건,전복,전복_어선_제708만복호_전복사건.hwp,-2.3481,-2.5379,3
전복_어선_진곤호_전복사건,전복,전복_어선_진곤호_전복사건.hwp,-8.7553,-12.8398,3
전복_어선_청보호_전복사건,전복,전복_어선_청보호_전복사건.hwpx,-2.1532,-9.9502,3
전복_어선_해광호_전복사건,전복,전복_어선_해광호_전복사건.pdf,-7.2788,5.8193,2
전복_어선_해성호_전복사건,전복,전복_어선_해성호_전복사건.pdf,-6.0031,5.2851,0
전복_여객선_플라잉카페리호에_의한_어선_대동2호_전복사건,전복,전복_여객선_플라잉카페리호에_의한_어선_대동2호_전복사건.pdf,-12.4814,-7.0962,0
전복_예인선_101유한_전복사건,전복,전복_예인선_101유한_전복사건.hwp,-0.0358,6.7568,0
전복_예인선_153강성5호의_피예인부선_강성3500호_전복사건,전복,전복_예인선_153강성5호의_피예인부선_강성3500호_전복사건.hwp,-6.8986,13.5306,0
전복_예인선_우성호의_피예인부선_연안호_전복사건,전복,전복_예인선_우성호의_피예인부선_연안호_전복사건.hwp,4.6572,5.1014,0
전복_예인선_웅진티-3600호_전복사건,전복,전복_예인선_웅진티-3600호_전복사건.hwpx,2.9498,-22.3539,3
전복_예인선_재원1호의_피예인부선_미래9003호_전복사건,전복,전복_예인선_재원1호의_피예인부선_미래9003호_전복사건.pdf,5.5443,5.8373,0
전복_자동차운반선_골든레이_전도(전복)사건,전복,전복_자동차운반선_골든레이_전도(전복)사건.hwpx,0.6135,7.8834,0
접촉_기타선(실습선)_세계로_등부표_접촉사건,접촉,접촉_기타선(실습선)_세계로_등부표_접촉사건.hwpx,0.0867,1.8058,3
접촉_기타선_강남티-3호_양식장접촉사건,접촉,접촉_기타선_강남티-3호_양식장접촉사건.hwp,4.3465,6.0998,0
접촉_낚시어선_뉴여명호_갯바위_접촉사건,접촉,접촉_낚시어선_뉴여명호_갯바위_접촉사건.hwp,10.0435,-13.7968,3
접촉_낚시어선_모하비호_거가대교_교각접촉사건,접촉,접촉_낚시어선_모하비호_거가대교_교각접촉사건.hwp,27.1745,4.3792,1
접촉_낚시어선_세진호_등부표접촉사건,접촉,접촉_낚시어선_세진호_등부표접촉사건.hwp,17.9169,9.4601,1
접촉_낚시어선_씨엔피대물2호_부두접촉사건,접촉,접촉_낚시어선_씨엔피대물2호_부두접촉사건.hwp,-4.1342,-12.0178,3
접촉_낚시어선_준성호_해상펜션구조물_접촉사건,접촉,접촉_낚시어선_준성호_해상펜션구조물_접촉사건.hwp,18.7461,18.791,1
접촉_낚시어선_챌린지피싱호_돌핀접촉사건,접촉,접촉_낚시어선_챌린지피싱호_돌핀접촉사건.pdf,15.0773,-2.2725,1
접촉_낚시어선_챔프호_신거제대교_교각접촉사건,접촉,접촉_낚시어선_챔프호_신거제대교_교각접촉사건.hwpx,27.318,3.6124,1
접촉_낚시어선_챔피언호_교각공사시설_접촉사건,접촉,접촉_낚시어선_챔피언호_교각공사시설_접촉사건.pdf,15.6593,-2.8214,3
접촉_낚시어선_푸른바다호_교각접촉사건,접촉,접촉_낚시어선_푸른바다호_교각접촉사건.pdf,-15.7991,-18.9425,3
접촉_낚시어선_허리케인호_거가대교_교각접촉사건,접촉,접촉_낚시어선_허리케인호_거가대교_교각접촉사건.hwp,27.4022,4.6428,1
접촉_산적화물선_엘스_하동항_부두_하역기_접촉사건,접촉,접촉_산적화물선_엘스_하동항_부두_하역기_접촉사건.hwpx,2.7669,9.7242,0
접촉_산적화물선_윌리엄_올덴도르프_부두접촉사건,접촉,접촉_산적화물선_윌리엄_올덴도르프_부두접촉사건.pdf,-3.9771,-20.9552,3
접촉_산적화물선_플레차_부두접촉사건(공개용_재결서),접촉,접촉_산적화물선_플레차_부두접촉사건(공개용_재결서).pdf,-3.9106,-21.143,3
접촉_석유제품운반선_삼진1호_방파제접촉사건,접촉,접촉_석유제품운반선_삼진1호_방파제접촉사건.hwpx,2.4213,0.8247,0
접촉_석유제품운반선_유성호_양식장_접촉사건,접촉,접촉_석유제품운반선_유성호_양식장_접촉사건.hwp,25.5117,-0.0119,1
접촉_어선_개척2호_암벽접촉사건,접촉,접촉_어선_개척2호_암벽접촉사건.pdf,10.9933,-11.7213,3
접촉_어선_광영호_방파제_접촉사건,접촉,접촉_어선_광영호_방파제_접촉사건.hwp,-0.988,-7.4377,3
접촉_어선_제101평진호_등부표접촉사건,접촉,접촉_어선_제101평진호_등부표접촉사건.hwp,17.9349,9.5531,1
접촉_어선_제108제일호_문도해상기상탑_접촉사건,접촉,접촉_어선_제108제일호_문도해상기상탑_접촉사건.hwp,5.5264,-14.7262,3
접촉_어선_제22대양호의_피예인어선_제201윤경호_울돌목_조류발전기지_접ᄎ_80e306e1,접촉,접촉_어선_제22대양호의_피예인어선_제201윤경호_울돌목_조류발전기지_접ᄎ_80e306e1.hwpx,-0.0226,4.4699,1
접촉_여객선_샹쉐란_부두접촉사건,접촉,접촉_여객선_샹쉐란_부두접촉사건.pdf,-0.5598,12.5156,0
접촉_예인선_153강성호5호_양식장_접촉사건,접촉,접촉_예인선_153강성호5호_양식장_접촉사건.hwp,-6.7939,15.006,0
접촉_예인선_303고려호의_피예인부선_5005영빈호_시아해등부표접촉사건,접촉,접촉_예인선_303고려호의_피예인부선_5005영빈호_시아해등부표접촉사건.hwp,7.3866,9.6497,1
접촉_예인선_광진107호_부두접촉사건,접촉,접촉_예인선_광진107호_부두접촉사건.pdf,3.0566,1.906,1
접촉_예인선_대승105호의_피예인부선_대승2호_울돌목_조류발전소_접촉사건,접촉,접촉_예인선_대승105호의_피예인부선_대승2호_울돌목_조류발전소_접촉사건.hwpx,-0.3476,4.5283,3
접촉_예인선_삼양305호의_피예인항만건설작업용기중기부선_아주450호_거_3fa1ee7d,접촉,접촉_예인선_삼양305호의_피예인항만건설작업용기중기부선_아주450호_거_3fa1ee7d.hwp,7.8612,5.678,0
접촉_예인선_서진호의_피예인부선_광진6001호_울돌목_조류발전기지_접촉_446d4c6c,접촉,접촉_예인선_서진호의_피예인부선_광진6001호_울돌목_조류발전기지_접촉_446d4c6c.hwp,20.8783,-11.6215,1
접촉_예인선_안진1호_앵커체인_접촉사건,접촉,접촉_예인선_안진1호_앵커체인_접촉사건.hwp,4.2671,8.4547,0
접촉_예인선_울산705호의_피예인선_울산10001호_송전선접촉사건,접촉,접촉_예인선_울산705호의_피예인선_울산10001호_송전선접촉사건.hwpx,7.1041,9.4557,0
접촉_예인선_제1태양호의_피예인선_제1영화호_테트라포드_접촉사건,접촉,접촉_예인선_제1태양호의_피예인선_제1영화호_테트라포드_접촉사건.pdf,6.2166,16.81,0
접촉_예인선_하준티-1호의_피예인부선_와이케이에스비-17_부두접촉사건,접촉,접촉_예인선_하준티-1호의_피예인부선_와이케이에스비-17_부두접촉사건.pdf,4.4587,14.3344,0
접촉_유람선_해금강2호_선착장_접촉사건,접촉,접촉_유람선_해금강2호_선착장_접촉사건.hwp,13.0728,16.7362,1
접촉_유선_한강아라_마포대교_접촉사건,접촉,접촉_유선_한강아라_마포대교_접촉사건.pdf,-13.5309,2.9237,0
접촉_유조선_동아_테미스_부두접촉사건,접촉,접촉_유조선_동아_테미스_부두접촉사건.hwp,1.5103,9.4316,0
접촉_일반화물선_제25금진호_부두시설접촉사건,접촉,접촉_일반화물선_제25금진호_부두시설접촉사건.hwp,-4.2191,18.7617,4
접촉_카페리여객선_송림블루오션_부두접촉사건,접촉,접촉_카페리여객선_송림블루오션_부두접촉사건.hwp,5.4581,9.7825,0
접촉_카페리여객선_슬로아일랜드_등부표_접촉사건,접촉,접촉_카페리여객선_슬로아일랜드_등부표_접촉사건.hwpx,6.214,-13.0923,3
접촉_카페리여객선_한일골드스텔라_부두접촉사건,접촉,접촉_카페리여객선_한일골드스텔라_부두접촉사건.hwp,-0.8375,-25.9748,3
접촉_컨테이너선_밀라노브릿지_부산신항_크레인_접촉사건,접촉,접촉_컨테이너선_밀라노브릿지_부산신항_크레인_접촉사건.hwp,-9.6473,13.7659,0
접촉_컨테이너선_밀라노브릿지_부산신항_크레인_접촉사건_1,접촉,접촉_컨테이너선_밀라노브릿지_부산신항_크레인_접촉사건_1.hwp,-9.6982,13.8156,0
접촉_컨테이너선_스카이_챌린지_방파제접촉사건,접촉,접촉_컨테이너선_스카이_챌린지_방파제접촉사건.hwp,11.2766,-22.5794,3
접촉_컨테이너선_스타_익스프레스_부두시설_접촉사건,접촉,접촉_컨테이너선_스타_익스프레스_부두시설_접촉사건.hwp,12.8589,13.2967,1
접촉_컨테이너선_칭다오_트레이더_부두시설_접촉사건,접촉,접촉_컨테이너선_칭다오_트레이더_부두시설_접촉사건.hwp,0.2726,10.5321,0
접촉_컨테이너선_케이엠티씨_다롄_부두접촉사건,접촉,접촉_컨테이너선_케이엠티씨_다롄_부두접촉사건.pdf,1.2628,11.6136,0
접촉_컨테이너운반선_하카타_보이저_기상부이_접촉사건,접촉,접촉_컨테이너운반선_하카타_보이저_기상부이_접촉사건.hwp,4.1425,3.4002,0
접촉_케미컬운반선_나비그8_스카이_부두접촉사건,접촉,접촉_케미컬운반선_나비그8_스카이_부두접촉사건.hwp,6.5653,12.0746,0
접촉_화물_및_카페리선_케이에스_헤르메스호_방파제_접촉사건,접촉,접촉_화물_및_카페리선_케이에스_헤르메스호_방파제_접촉사건.hwp,-4.5509,-26.2328,3
좌초_낚시어선_구룡호_좌초사건,좌초,좌초_낚시어선_구룡호_좌초사건.hwp,16.9576,-13.5631,1
좌초_낚시어선_나이키호_좌초사건,좌초,좌초_낚시어선_나이키호_좌초사건.pdf,17.7526,-15.264,3
좌초_낚시어선_돌핀호_좌초사건,좌초,좌초_낚시어선_돌핀호_좌초사건.pdf,27.46,-0.2451,1
좌초_낚시어선_동바루호_좌초사건,좌초,좌초_낚시어선_동바루호_좌초사건.hwpx,18.0897,-16.5351,3
좌초_낚시어선_동우호_좌초사건,좌초,좌초_낚시어선_동우호_좌초사건.hwpx,12.3322,3.7671,1
좌초_낚시어선_라이트호_좌초사건,좌초,좌초_낚시어선_라이트호_좌초사건.pdf,27.3172,0.3491,1
좌초_낚시어선_레드스카이호_좌초사건,좌초,좌초_낚시어선_레드스카이호_좌초사건.pdf,15.9552,-20.2757,3
좌초_낚시어선_세븐피싱호_좌초사건,좌초,좌초_낚시어선_세븐피싱호_좌초사건.hwp,26.8828,-1.4556,1
좌초_낚시어선_오션마스터호_좌초사건,좌초,좌초_낚시어선_오션마스터호_좌초사건.hwpx,12.4888,-17.7262,3
좌초_낚시어선_은갈치호_좌초사건,좌초,좌초_낚시어선_은갈치호_좌초사건.hwp,15.0935,-18.3715,3
좌초_낚시어선_제주사랑호_좌초사건,좌초,좌초_낚시어선_제주사랑호_좌초사건.hwp,5.5591,-20.766,3
좌초_낚시어선_조광호_좌초사건,좌초,좌초_낚시어선_조광호_좌초사건.pdf,16.6566,-14.9889,3
좌초_낚시어선_지귀도피싱호_좌초사건,좌초,좌초_낚시어선_지귀도피싱호_좌초사건.hwp,16.5974,-18.9925,3
좌초_낚시어선_진스타호_좌초사건,좌초,좌초_낚시어선_진스타호_좌초사건.hwp,12.4519,-16.7987,3
좌초_낚시어선_짱구피싱호_좌초사건,좌초,좌초_낚시어선_짱구피싱호_좌초사건.pdf,27.4807,-0.9495,1
좌초_낚시어선_초이스호_좌초사건,좌초,좌초_낚시어선_초이스호_좌초사건.pdf,28.7667,-0.7299,1
좌초_낚시어선_테슬란호_좌초사건,좌초,좌초_낚시어선_테슬란호_좌초사건.pdf,14.2587,-14.4903,3
좌초_낚시어선_피싱랜드호_좌초사건,좌초,좌초_낚시어선_피싱랜드호_좌초사건.hwpx,12.4021,-19.9989,3
좌초_낚시어선_한바다호_좌초사건,좌초,좌초_낚시어선_한바다호_좌초사건.hwp,14.5191,-12.3819,3
좌초_모래운반선_505삼일호_좌초사건,좌초,좌초_모래운반선_505삼일호_좌초사건.hwpx,0.4836,-22.8806,3
좌초_모터보트_라운지_부유물_감김으로_인한_좌초사건,좌초,좌초_모터보트_라운지_부유물_감김으로_인한_좌초사건.hwp,-4.7101,-0.7216,3
좌초_산적화물선_라이아테아_좌초사건,좌초,좌초_산적화물선_라이아테아_좌초사건.pdf,10.5156,12.8399,0
좌초_산적화물선_신롱_좌초사건,좌초,좌초_산적화물선_신롱_좌초사건.hwpx,1.2951,-21.734,3
좌초_산적화물선_케이씨_하동_좌초사건,좌초,좌초_산적화물선_케이씨_하동_좌초사건.hwpx,-11.9479,-23.5909,0
좌초_시멘트운반선_한라1호_좌초사건,좌초,좌초_시멘트운반선_한라1호_좌초사건.hwpx,8.1424,8.0614,1
좌초_액화천연가스운반선_에스엠_골든이글_좌초사건,좌초,좌초_액화천연가스운반선_에스엠_골든이글_좌초사건.hwpx,15.9505,8.3842,1
좌초_어선_2020안성호_좌초사건,좌초,좌초_어선_2020안성호_좌초사건.hwp,-5.4522,-8.926,3
좌초_어선_21길성호_좌초사건,좌초,좌초_어선_21길성호_좌초사건.pdf,9.7237,7.7155,1
좌초_어선_303우진호_좌초사건,좌초,좌초_어선_303우진호_좌초사건.hwpx,-6.7201,-9.8275,3
좌초_어선_807현진호_좌초사건,좌초,좌초_어선_807현진호_좌초사건.hwp,18.8079,-10.104,1
좌초_어선_9009경진호_좌초사건,좌초,좌초_어선_9009경진호_좌초사건.hwp,8.9094,-11.5114,3
좌초_어선_경신호_좌초사건,좌초,좌초_어선_경신호_좌초사건.hwp,-0.098,23.23,3
좌초_어선_경인3호_좌초사건,좌초,좌초_어선_경인3호_좌초사건.hwpx,11.251,-12.9324,3
좌초_어선_금화3호_좌초사건,좌초,좌초_어선_금화3호_좌초사건.hwp,9.276,3.5334,1
좌초_어선_기흥호_좌초사건,좌초,좌초_어선_기흥호_좌초사건.hwp,13.1764,-9.9013,3
좌초_어선_대명호_좌초사건,좌초,좌초_어선_대명호_좌초사건.hwp,27.2494,-6.4032,3
좌초_어선_대창호_좌초사건,좌초,좌초_어선_대창호_좌초사건.hwp,-8.1985,-14.1266,3
좌초_어선_덕명호_좌초사건,좌초,좌초_어선_덕명호_좌초사건.hwp,12.1906,-10.6784,3
좌초_어선_동광호_좌초사건,좌초,좌초_어선_동광호_좌초사건.hwpx,12.4575,-12.8062,3
좌초_어선_라온호_좌초사건,좌초,좌초_어선_라온호_좌초사건.hwp,-16.0736,-1.6751,2
좌초_어선_만경호_좌초사건,좌초,좌초_어선_만경호_좌초사건.hwp,-7.1986,-12.7261,3
좌초_어선_매일호_좌초사건,좌초,좌초_어선_매일호_좌초사건.hwp,15.078,-10.8461,3
좌초_어선_방주1호_좌초사건,좌초,좌초_어선_방주1호_좌초사건.hwp,-1.3838,4.5571,3
좌초_어선_방주호_좌초사건,좌초,좌초_어선_방주호_좌초사건.hwp,13.8963,-0.3124,1
좌초_어선_서온호_좌초사건,좌초,좌초_어선_서온호_좌초사건.hwp,14.0936,-10.822,1
좌초_어선_세주호_좌초사건,좌초,좌초_어선_세주호_좌초사건.pdf,14.8016,-8.4496,3
좌초_어선_어선호_좌초사건,좌초,좌초_어선_어선호_좌초사건.hwp,26.5469,12.821,1
좌초_어선_정일호_좌초사건,좌초,좌초_어선_정일호_좌초사건.pdf,9.2943,8.7195,1
좌초_어선_제102영선호_좌초사건,좌초,좌초_어선_제102영선호_좌초사건.hwpx,9.1645,-11.0238,3
좌초_어선_제105신광호_좌초사건,좌초,좌초_어선_제105신광호_좌초사건.pdf,1.2329,-10.4255,3
좌초_어선_제11동일호_좌초사건,좌초,좌초_어선_제11동일호_좌초사건.hwp,0.176,-13.4886,3
좌초_어선_제156대화호_촤조사건,좌초,좌초_어선_제156대화호_촤조사건.hwpx,-2.1774,-3.9964,3
좌초_어선_제2019덕성호_좌초사건,좌초,좌초_어선_제2019덕성호_좌초사건.hwp,8.4805,-11.54,3
좌초_어선_제203남해호_좌초사건,좌초,좌초_어선_제203남해호_좌초사건.hwp,9.1667,-15.683,3
좌초_어선_제26남성호_좌초사건,좌초,좌초_어선_제26남성호_좌초사건.hwp,0.5871,-12.6527,3
좌초_어선_제3금진호_좌초사건,좌초,좌초_어선_제3금진호_좌초사건.hwpx,20.2901,-14.3936,1
좌초_어선_제5해창호_좌초사건,좌초,좌초_어선_제5해창호_좌초사건.hwp,3.4839,0.0876,3
좌초_어선_제66함성호_좌초사건,좌초,좌초_어선_제66함성호_좌초사건.hwpx,7.9432,-12.5997,3
좌초_어선_제83양진호_좌초사건,좌초,좌초_어선_제83양진호_좌초사건.hwp,-7.8669,-12.7363,3
좌초_어선_제99동명호_좌초사건,좌초,좌초_어선_제99동명호_좌초사건.pdf,8.3825,-13.6504,3
좌초_어선_지영호_좌초사건,좌초,좌초_어선_지영호_좌초사건.hwp,-7.6017,-10.2371,3
좌초_어선_창원호_좌초사건,좌초,좌초_어선_창원호_좌초사건.hwp,13.0287,-10.4601,3
좌초_어선_창원호_좌초사건,좌초,좌초_어선_창원호_좌초사건.pdf,9.2617,-12.3595,3
좌초_어선_청룡호_좌초사건,좌초,좌초_어선_청룡호_좌초사건.hwpx,7.4385,-15.5738,3
좌초_어선_청운호_좌초사건,좌초,좌초_어선_청운호_좌초사건.hwp,13.85,-11.5147,3
좌초_어선_팔팔호_전복사건,좌초,좌초_어선_팔팔호_전복사건.hwp,-12.3748,-10.9784,3
좌초_어선_평은77호_좌초사건,좌초,좌초_어선_평은77호_좌초사건.hwp,12.5229,-11.6405,3
좌초_어선_해성호_좌초사건,좌초,좌초_어선_해성호_좌초사건.pdf,15.271,-3.9069,1
좌초_어선_해영호_좌초사건,좌초,좌초_어선_해영호_좌초사건.hwpx,-8.6339,-10.1154,3
좌초_여객선_북도고속페리호_좌초사건,좌초,좌초_여객선_북도고속페리호_좌초사건.pdf,1.1408,14.6734,1
좌초_여객선_북도고속페리호_좌초사건_1,좌초,좌초_여객선_북도고속페리호_좌초사건_1.pdf,0.9741,14.5292,1
좌초_예인선_202피닉스호_좌초사건,좌초,좌초_예인선_202피닉스호_좌초사건.pdf,-11.5831,-22.2874,0
좌초_예인선_대인호_좌초사건,좌초,좌초_예인선_대인호_좌초사건.hwpx,27.694,13.6962,1
좌초_예인선_대인호_좌초사건_1,좌초,좌초_예인선_대인호_좌초사건_1.hwpx,27.694,13.6962,1
좌초_예인선_동명11호의_피예인부선_에스디2100호_좌초사건,좌초,좌초_예인선_동명11호의_피예인부선_에스디2100호_좌초사건.hwp,3.9744,-3.8966,3
좌초_예인선_성원3호_좌초사건,좌초,좌초_예인선_성원3호_좌초사건.pdf,-2.5968,15.2013,0
좌초_예인선_우국티5호의_피예인부선_금오7호_좌초사건,좌초,좌초_예인선_우국티5호의_피예인부선_금오7호_좌초사건.hwp,0.2056,6.284,3
좌초_예인선_울산705호_좌초사건(약식),좌초,좌초_예인선_울산705호_좌초사건(약식).hwp,7.6453,14.4365,0
좌초_예인선_해건티1호의_피예인부선_해건9001호_좌초사건,좌초,좌초_예인선_해건티1호의_피예인부선_해건9001호_좌초사건.hwpx,-4.7603,14.9037,0
좌초_일반화물선_대호제주_좌초사건(약식),좌초,좌초_일반화물선_대호제주_좌초사건(약식).hwp,17.1562,8.6076,1
좌초_일반화물선_오성3호_좌초사건,좌초,좌초_일반화물선_오성3호_좌초사건.hwp,9.0683,6.881,1
좌초_준설선_조원G-13호_좌초사건,좌초,좌초_준설선_조원G-13호_좌초사건.hwp,3.1315,15.1131,0
좌초_카페리여객선_섬사랑11호_좌초사건,좌초,좌초_카페리여객선_섬사랑11호_좌초사건.hwp,18.5411,-9.595,1
좌초_카페리여객선_섬사랑6호_좌초사건,좌초,좌초_카페리여객선_섬사랑6호_좌초사건.hwp,19.4547,-5.4738,3
좌초_컨테이너선_써니메이플호_좌초사건,좌초,좌초_컨테이너선_써니메이플호_좌초사건.hwpx,10.5445,-24.7221,1
좌초_통선_산막이1호_좌초사건,좌초,좌초_통선_산막이1호_좌초사건.pdf,23.2863,-13.2038,1
추진축계손상_도선_여수경도골프앤리조트호_추진축계손상사건,추진축계손상,추진축계손상_도선_여수경도골프앤리조트호_추진축계손상사건.hwp,3.4643,22.463,0
추진축계손상_유선_새만금호_추친축계손상사건,추진축계손상,추진축계손상_유선_새만금호_추친축계손상사건.pdf,3.5042,12.1922,0
추진축계손상_이접안용예선_대동11호_추진축계_손상사건,추진축계손상,추진축계손상_이접안용예선_대동11호_추진축계_손상사건.pdf,12.0547,8.7403,1
충돌_군함_마라도함_원양어선_제718오룡호_충돌사건,충돌,충돌_군함_마라도함_원양어선_제718오룡호_충돌사건.hwp,20.4898,-3.5664,1
충돌_군함_박동진함&어선_제808서창호_충돌사건,충돌,충돌_군함_박동진함&어선_제808서창호_충돌사건.hwp,16.8113,-8.4119,3
충돌_군함_서울함_도선선_태창6호_충돌사건,충돌,충돌_군함_서울함_도선선_태창6호_충돌사건.hwp,1.7098,-1.9737,4
"충돌_급수선_대명11호,_어선_대진호_충돌사건",충돌,"충돌_급수선_대명11호,_어선_대진호_충돌사건.hwp",17.755,-9.8894,1
충돌_기타선_두루미호_·_어선_제3만성호_충돌사건,충돌,충돌_기타선_두루미호_·_어선_제3만성호_충돌사건.hwp,4.4958,-6.6339,1
"충돌_기타선_코롤2호,_일반화물선_엠엠러너_충돌사건",충돌,"충돌_기타선_코롤2호,_일반화물선_엠엠러너_충돌사건.hwpx",5.8294,11.5523,0
"충돌_낚시어선_500형빈호,_모터보트_킹스마린호_충돌사건",충돌,"충돌_낚시어선_500형빈호,_모터보트_킹스마린호_충돌사건.hwp",14.8489,3.5919,1
"충돌_낚시어선_금강호,_부선_창신2002호_충돌사건",충돌,"충돌_낚시어선_금강호,_부선_창신2002호_충돌사건.hwpx",8.5181,4.6742,3
충돌_낚시어선_금성피싱호&어선_수진호_충돌사건,충돌,충돌_낚시어선_금성피싱호&어선_수진호_충돌사건.hwp,13.4421,-16.9421,3
충돌_낚시어선_기림호·어선_성화호_충돌사건,충돌,충돌_낚시어선_기림호·어선_성화호_충돌사건.hwp,11.6154,-4.7444,3
"충돌_낚시어선_나라2호,_무등록선박_충돌사건",충돌,"충돌_낚시어선_나라2호,_무등록선박_충돌사건.hwpx",16.7319,-6.5913,1
충돌_낚시어선_나라2호_무등록_선박_충돌사건,충돌,충돌_낚시어선_나라2호_무등록_선박_충돌사건.hwpx,16.731,-6.5913,1
"충돌_낚시어선_뉴청해호,_낚시어선_이프로1호_충돌사건",충돌,"충돌_낚시어선_뉴청해호,_낚시어선_이프로1호_충돌사건.hwpx",13.6946,-20.418,1
충돌_낚시어선_뉴해랑호-고무보트_딱따구리2호_충돌사건,충돌,충돌_낚시어선_뉴해랑호-고무보트_딱따구리2호_충돌사건.pdf,20.477,-18.6647,1
충돌_낚시어선_대복호_낚시어선_덕성호_충돌사건,충돌,충돌_낚시어선_대복호_낚시어선_덕성호_충돌사건.hwp,4.4995,-6.5612,3
"충돌_낚시어선_라온호,_낚시어선_대양1호_충돌사건",충돌,"충돌_낚시어선_라온호,_낚시어선_대양1호_충돌사건.hwp",24.7522,6.6267,1
충돌_낚시어선_라온호_낚시어선_대양1호_충돌사건,충돌,충돌_낚시어선_라온호_낚시어선_대양1호_충돌사건.hwp,24.9835,6.0581,1
"충돌_낚시어선_레전드호,_어선_진양호_충돌사건",충돌,"충돌_낚시어선_레전드호,_어선_진양호_충돌사건.pdf",12.6112,-7.3621,1
"충돌_낚시어선_마스터1호,_모터보트_청해호_충돌사건",충돌,"충돌_낚시어선_마스터1호,_모터보트_청해호_충돌사건.hwp",10.0318,-17.8382,3
충돌_낚시어선_만물호·낚시어선_수덕호_충돌사건,충돌,충돌_낚시어선_만물호·낚시어선_수덕호_충돌사건.hwp,14.977,-15.8425,3
충돌_낚시어선_명진2호_어선_상진호_충돌사건,충돌,충돌_낚시어선_명진2호_어선_상진호_충돌사건.hwpx,12.4519,-17.3594,3
충돌_낚시어선_몬스터호&어선_정운호_충돌사건,충돌,충돌_낚시어선_몬스터호&어선_정운호_충돌사건.hwp,6.4081,-7.3702,3
충돌_낚시어선_배짱호-낚시어선_챌린지피싱호_충돌사건,충돌,충돌_낚시어선_배짱호-낚시어선_챌린지피싱호_충돌사건.pdf,22.5121,-16.7108,1
충돌_낚시어선_베스트2호_어선_어양호_충돌사건,충돌,충돌_낚시어선_베스트2호_어선_어양호_충돌사건.hwp,24.0387,9.0779,1
"충돌_낚시어선_블랙이글호,_모터보트_성진호_충돌사건",충돌,"충돌_낚시어선_블랙이글호,_모터보트_성진호_충돌사건.hwpx",14.7222,-18.3936,3
충돌_낚시어선_스마트2호.부선_제103백석호_충돌사건,충돌,충돌_낚시어선_스마트2호.부선_제103백석호_충돌사건.pdf,12.987,-4.9997,3
충돌_낚시어선_스텔라호_어선_동성호_충돌사건,충돌,충돌_낚시어선_스텔라호_어선_동성호_충돌사건.hwp,24.935,-5.6584,1
충돌_낚시어선_스텔라호어선_동성호_충돌사건,충돌,충돌_낚시어선_스텔라호어선_동성호_충돌사건.hwp,21.0082,10.341,1
"충돌_낚시어선_스피드호,_어선_풍정호_충돌사건",충돌,"충돌_낚시어선_스피드호,_어선_풍정호_충돌사건.hwpx",8.4811,-18.5199,3
"충돌_낚시어선_시온호,_어선_97흥성호_충돌사건",충돌,"충돌_낚시어선_시온호,_어선_97흥성호_충돌사건.hwpx",11.8776,-20.0477,3
충돌_낚시어선_아레스호·낚시어선_길성3호_충돌사건,충돌,충돌_낚시어선_아레스호·낚시어선_길성3호_충돌사건.pdf,26.1144,7.0352,1
"충돌_낚시어선_여수휴리호,_어선_진영호_충돌사건",충돌,"충돌_낚시어선_여수휴리호,_어선_진영호_충돌사건.hwpx",13.1118,-15.412,3
충돌_낚시어선_오렌지호_낚시어선_포세이돈호_충돌사건,충돌,충돌_낚시어선_오렌지호_낚시어선_포세이돈호_충돌사건.hwp,24.9796,8.67,1
충돌_낚시어선_용진호·모터보트_빛나리독수리호_충돌사건(공개용),충돌,충돌_낚시어선_용진호·모터보트_빛나리독수리호_충돌사건(공개용).hwp,21.9351,4.171,1
충돌_낚시어선_유빈호_모터보트_대양호_충돌사건,충돌,충돌_낚시어선_유빈호_모터보트_대양호_충돌사건.hwp,25.1312,-4.7613,1
충돌_낚시어선_인성호_모터보트_윤진호_충돌사건,충돌,충돌_낚시어선_인성호_모터보트_윤진호_충돌사건.pdf,9.4115,-19.5594,3
충돌_낚시어선_제1대영호_모터보트_여명호_충돌사건,충돌,충돌_낚시어선_제1대영호_모터보트_여명호_충돌사건.hwp,23.1517,-5.4092,1
충돌_낚시어선_제우스호_어장관리선_용성호_충돌사건,충돌,충돌_낚시어선_제우스호_어장관리선_용성호_충돌사건.hwp,7.152,-20.456,3
"충돌_낚시어선_청광호,_낚시어선_플로렌스호_충돌사건",충돌,"충돌_낚시어선_청광호,_낚시어선_플로렌스호_충돌사건.pdf",11.0358,-15.893,3
"충돌_낚시어선_킹몬스터호,_어선_행복호_충돌사건",충돌,"충돌_낚시어선_킹몬스터호,_어선_행복호_충돌사건.hwp",23.5688,6.3175,1
충돌_낚시어선_팀루비나호-고무보트_선명무_충돌사건,충돌,충돌_낚시어선_팀루비나호-고무보트_선명무_충돌사건.pdf,18.5375,-14.7954,1
충돌_낚시어선_파트너호ㆍ부선_금신에스비2005호_충돌사건,충돌,충돌_낚시어선_파트너호ㆍ부선_금신에스비2005호_충돌사건.pdf,13.8966,-2.8553,1
충돌_낚시어선_하나호·어선_솔섬호_충돌사건,충돌,충돌_낚시어선_하나호·어선_솔섬호_충돌사건.hwp,17.1466,-19.0547,1
"충돌_낚시어선_현대호,_어선_풍차호_충돌사건",충돌,"충돌_낚시어선_현대호,_어선_풍차호_충돌사건.hwp",5.5929,-10.3645,3
충돌_낚시어선_화성호_낚시어선_뉴웨이브호_충돌사건,충돌,충돌_낚시어선_화성호_낚시어선_뉴웨이브호_충돌사건.hwp,17.5474,-12.4748,1
"충돌_낚시어선_희망호,_모터보트_몽돌바당_충돌사건",충돌,"충돌_낚시어선_희망호,_모터보트_몽돌바당_충돌사건.hwp",27.1545,-11.7836,1
충돌_도선선_포항파일럿2호.어선_일성호_충돌사건,충돌,충돌_도선선_포항파일럿2호.어선_일성호_충돌사건.hwp,-11.803,0.9808,3
"충돌_모래채취운반선_오션리프호,_일체형압항선_원진7호의_압항부선_ᄋ_787b3be3",충돌,"충돌_모래채취운반선_오션리프호,_일체형압항선_원진7호의_압항부선_ᄋ_787b3be3.pdf",-12.6757,-22.0462,3
충돌_석유제품운반선_12삼부호_어선_제8세진호_충돌사건,충돌,충돌_석유제품운반선_12삼부호_어선_제8세진호_충돌사건.hwp,3.1337,-11.8705,3
"충돌_석유제품운반선_13대양,_어선_제207윤경호_충돌사건",충돌,"충돌_석유제품운반선_13대양,_어선_제207윤경호_충돌사건.hwp",5.1695,-9.5753,3
충돌_석유제품운반선_동명에이스호_어선_99흥원호_충돌사건,충돌,충돌_석유제품운반선_동명에이스호_어선_99흥원호_충돌사건.hwp,8.1224,-5.4089,3
충돌_석유제품운반선_디엘_제이드·예인선_돌핀2호_충돌사건,충돌,충돌_석유제품운반선_디엘_제이드·예인선_돌핀2호_충돌사건.pdf,5.5445,13.8151,0
충돌_석유제품운반선_만수호_기타선_제1오복호_충돌사건,충돌,충돌_석유제품운반선_만수호_기타선_제1오복호_충돌사건.hwp,23.2029,8.8103,1
충돌_석유제품운반선_목림부산_예인선_금오티3호의_피예인부선_금오7001_7d4518fb,충돌,충돌_석유제품운반선_목림부산_예인선_금오티3호의_피예인부선_금오7001_7d4518fb.hwp,2.1376,4.9164,0
충돌_석유제품운반선_성진에이스호·_석유제품운반선_제96동방호_충ᄃ_3933e6e4,충돌,충돌_석유제품운반선_성진에이스호·_석유제품운반선_제96동방호_충ᄃ_3933e6e4.hwp,14.5468,14.1857,1
충돌_석유제품운반선_신성호_어선_제17만구호_충돌사건,충돌,충돌_석유제품운반선_신성호_어선_제17만구호_충돌사건.hwp,9.3843,-2.226,3
충돌_석유제품운반선_에이원·급수선_삼양201호_충돌사건,충돌,충돌_석유제품운반선_에이원·급수선_삼양201호_충돌사건.hwp,2.7289,6.7554,0
충돌_석유제품운반선_에이치와이_부산_어선_제319용천호_충돌사건,충돌,충돌_석유제품운반선_에이치와이_부산_어선_제319용천호_충돌사건.hwpx,-15.0242,19.4214,0
충돌_석유제품운반선_유성·석유제품운반선_부광1호_충돌사건,충돌,충돌_석유제품운반선_유성·석유제품운반선_부광1호_충돌사건.hwp,9.1981,-0.5746,3
충돌_석유제품운반선_유성호_낚시어선_매니아1호_충돌사건,충돌,충돌_석유제품운반선_유성호_낚시어선_매니아1호_충돌사건.hwp,21.1166,0.3809,1
충돌_석유제품운반선_제3남성호&어선_대왕호_충돌사건,충돌,충돌_석유제품운반선_제3남성호&어선_대왕호_충돌사건.hwp,7.5433,0.226,3
충돌_석유제품운반선_제3남성호_어선_대왕호_충돌사건,충돌,충돌_석유제품운반선_제3남성호_어선_대왕호_충돌사건.hwp,7.4272,0.4639,3
충돌_석유제품운반선_제7보광호-어선_대영호_충돌사건,충돌,충돌_석유제품운반선_제7보광호-어선_대영호_충돌사건.hwp,10.9492,5.6821,1
충돌_석유제품운반선_카리스_낚시어선_선경호_충돌사건,충돌,충돌_석유제품운반선_카리스_낚시어선_선경호_충돌사건.hwp,20.2675,5.7108,1
충돌_석유제품운반선_태양호_어선_제505한진호_충돌사건,충돌,충돌_석유제품운반선_태양호_어선_제505한진호_충돌사건.hwpx,13.8106,4.1665,1
"충돌_석유제품운반선_피브이티_넵튠,_석유제품운반선_글로리윈드_충_5823239d",충돌,"충돌_석유제품운반선_피브이티_넵튠,_석유제품운반선_글로리윈드_충_5823239d.hwp",15.8831,15.7312,1
충돌_석유제품운반선·12삼부호_어선_쌍둥이호_충돌사건,충돌,충돌_석유제품운반선·12삼부호_어선_쌍둥이호_충돌사건.hwpx,13.5143,13.3177,1
충돌_세일링요트_나바다호_낚시어선_수성호_충돌사건,충돌,충돌_세일링요트_나바다호_낚시어선_수성호_충돌사건.hwp,23.5646,-9.3401,1
충돌_세일링요트_나바다호·낚시어선_수성호_충돌사건,충돌,충돌_세일링요트_나바다호·낚시어선_수성호_충돌사건.hwp,22.762,-9.7643,1
충돌_세일링요트_니모호_전복사건,충돌,충돌_세일링요트_니모호_전복사건.hwp,-4.5332,-2.665,3
"충돌_시멘트운반선_근양호,_어선_제2003성재호_충돌사건",충돌,"충돌_시멘트운반선_근양호,_어선_제2003성재호_충돌사건.hwpx",12.1537,-3.1203,3
충돌_시멘트운반선_수성에이스호_어선_1신창호_충돌사건,충돌,충돌_시멘트운반선_수성에이스호_어선_1신창호_충돌사건.hwp,8.9591,-5.0901,1
충돌_액화석유가스운반선_가스_유토피아_어선_샴시_충돌사건,충돌,충돌_액화석유가스운반선_가스_유토피아_어선_샴시_충돌사건.hwp,11.1692,-1.0834,3
충돌_액화석유가스운반선_제9에스제이가스_케미칼운반선_케이티에스블루_89fde571,충돌,충돌_액화석유가스운반선_제9에스제이가스_케미칼운반선_케이티에스블루_89fde571.hwp,-13.7488,16.4014,0
충돌_어선_103매일호-산적화물선_만다린차이나_충돌사건,충돌,충돌_어선_103매일호-산적화물선_만다린차이나_충돌사건.hwp,3.5456,-8.6883,3
충돌_어선_107성보호·어선_제113웅천호_등_2척_충돌사건,충돌,충돌_어선_107성보호·어선_제113웅천호_등_2척_충돌사건.hwp,6.3991,-6.4263,3
충돌_어선_1만복호&어선_금산호_충돌사건,충돌,충돌_어선_1만복호&어선_금산호_충돌사건.hwp,-3.6732,-7.1402,3
"충돌_어선_2007연흥호,_냉동운반선_씽_유에_충돌사건",충돌,"충돌_어선_2007연흥호,_냉동운반선_씽_유에_충돌사건.hwp",3.9482,-9.7296,3
충돌_어선_203원창호.어선_제3광림호_충돌사건,충돌,충돌_어선_203원창호.어선_제3광림호_충돌사건.hwp,-7.9076,-0.8539,2
충돌_어선_203원창호_어선_제3광림호_충돌사건,충돌,충돌_어선_203원창호_어선_제3광림호_충돌사건.hwp,21.1833,8.481,1
충돌_어선_212성지호&어선_용궁호_충돌사건,충돌,충돌_어선_212성지호&어선_용궁호_충돌사건.hwp,16.4981,-12.4195,3
충돌_어선_2하나호.어선_지영호_충돌사건,충돌,충돌_어선_2하나호.어선_지영호_충돌사건.hwp,5.9813,18.8166,0
"충돌_어선_300형빈호,_어선_동백호_충돌사건",충돌,"충돌_어선_300형빈호,_어선_동백호_충돌사건.hwp",15.4827,0.2371,3
충돌_어선_77예은호·어선_제9유진호_충돌사건,충돌,충돌_어선_77예은호·어선_제9유진호_충돌사건.hwp,7.9452,-7.0647,1
충돌_어선_9청진호.어선_제3천일호_충돌사건,충돌,충돌_어선_9청진호.어선_제3천일호_충돌사건.hwp,-4.2598,-10.6954,3
충돌_어선_강동호·예인선_샤흐트요르스크6_충돌사건,충돌,충돌_어선_강동호·예인선_샤흐트요르스크6_충돌사건.hwp,15.0317,18.7461,0
충돌_어선_건영호&어선_아시아호_충돌사건,충돌,충돌_어선_건영호&어선_아시아호_충돌사건.hwp,6.2421,-22.59,3
"충돌_어선_경덕호,_모터보트_봄봄_충돌사건",충돌,"충돌_어선_경덕호,_모터보트_봄봄_충돌사건.hwpx",7.1199,-9.7085,3
"충돌_어선_광덕호,_어선_제2황금호_충돌사건",충돌,"충돌_어선_광덕호,_어선_제2황금호_충돌사건.hwp",16.0343,-5.4575,1
"충돌_어선_광영호,_낚시어선_온누리호_충돌사건",충돌,"충돌_어선_광영호,_낚시어선_온누리호_충돌사건.hwp",22.8061,4.2263,1
충돌_어선_광영호_좌초사건,충돌,충돌_어선_광영호_좌초사건.hwp,14.5164,-10.2548,3
"충돌_어선_광정8호,_어선_광정88호_충돌사건",충돌,"충돌_어선_광정8호,_어선_광정88호_충돌사건.hwp",-7.3168,-6.0844,3
"충돌_어선_국한호,_어선_좋은호_충돌사건(약식)",충돌,"충돌_어선_국한호,_어선_좋은호_충돌사건(약식).pdf",10.904,-6.9681,3
충돌_어선_글로벌호_어선_해양호_충돌사건,충돌,충돌_어선_글로벌호_어선_해양호_충돌사건.hwp,25.0449,6.9802,1
충돌_어선_금천호.어선_한나루호_충돌사건,충돌,충돌_어선_금천호.어선_한나루호_충돌사건.hwpx,19.5939,4.3962,1
충돌_어선_길양호·어선_해성호_충돌사건,충돌,충돌_어선_길양호·어선_해성호_충돌사건.hwpx,19.547,6.2994,1
"충돌_어선_뉴만중호,_예인선_강남티-27호의_피예인부선_강남5009호_충돌사건",충돌,"충돌_어선_뉴만중호,_예인선_강남티-27호의_피예인부선_강남5009호_충돌사건.hwpx",22.593,0.4539,1
충돌_어선_다온호.산적화물선_버러티_충돌사건,충돌,충돌_어선_다온호.산적화물선_버러티_충돌사건.hwpx,-6.1711,19.7254,0
충돌_어선_대림호_어선_한청호_충돌사건,충돌,충돌_어선_대림호_어선_한청호_충돌사건.hwp,9.6763,22.8366,3
"충돌_어선_대명호,_어선_제1승창호_충돌사건",충돌,"충돌_어선_대명호,_어선_제1승창호_충돌사건.pdf",10.955,-6.9152,3
충돌_어선_대복호.어선_아진호_충돌사건,충돌,충돌_어선_대복호.어선_아진호_충돌사건.hwp,15.157,2.2012,1
충돌_어선_대복호_어선_아진호_충돌사건,충돌,충돌_어선_대복호_어선_아진호_충돌사건.hwp,22.1638,5.8869,1
"충돌_어선_대승1호,_어선_진선7호_충돌사건",충돌,"충돌_어선_대승1호,_어선_진선7호_충돌사건.hwpx",18.5325,2.651,1
충돌_어선_대영호_선원사망사건,충돌,충돌_어선_대영호_선원사망사건.pdf,-17.8759,-10.7854,3
충돌_어선_대원호.어선_희주호_충돌사건,충돌,충돌_어선_대원호.어선_희주호_충돌사건.hwp,-5.3645,-5.6511,2
충돌_어선_대일호ㆍ산적화물선_이제이_오션_충돌사건,충돌,충돌_어선_대일호ㆍ산적화물선_이제이_오션_충돌사건.pdf,10.0986,-4.4428,1
"충돌_어선_대흥1호,_어선_제3승창호_충돌사건",충돌,"충돌_어선_대흥1호,_어선_제3승창호_충돌사건.pdf",1.8127,-19.6071,3
충돌_어선_도진호_어선_진성호_충돌사건,충돌,충돌_어선_도진호_어선_진성호_충돌사건.pdf,11.0514,-8.8642,3
충돌_어선_도청호ㆍ어선_제206동양호_충돌사건,충돌,충돌_어선_도청호ㆍ어선_제206동양호_충돌사건.pdf,2.7288,-17.6595,3
충돌_어선_동우호_냉동냉장선_시에라_충돌사건,충돌,충돌_어선_동우호_냉동냉장선_시에라_충돌사건.hwp,14.7584,9.6706,1
충돌_어선_루이호·어선_현승호_충돌사건,충돌,충돌_어선_루이호·어선_현승호_충돌사건.hwpx,24.8417,-2.9828,1
충돌_어선_명윤호_어선_대양호_충돌사건,충돌,충돌_어선_명윤호_어선_대양호_충돌사건.hwp,21.2277,9.1044,1
충돌_어선_보성호_어선_진성호_충돌사건,충돌,충돌_어선_보성호_어선_진성호_충돌사건.hwp,19.2954,9.9027,1
충돌_어선_봉진호_·_어선_동영호_충돌사건,충돌,충돌_어선_봉진호_·_어선_동영호_충돌사건.hwp,18.871,8.559,1
충돌_어선_부성호.어선_해성호_충돌사건,충돌,충돌_어선_부성호.어선_해성호_충돌사건.hwpx,13.3609,-2.3665,1
충돌_어선_부영호.어선_복지호_충돌사건,충돌,충돌_어선_부영호.어선_복지호_충돌사건.hwp,16.4868,1.1805,1
충돌_어선_빅토리_1호-어선_해송_2호_충돌사건,충돌,충돌_어선_빅토리_1호-어선_해송_2호_충돌사건.hwp,18.727,0.8375,1
충돌_어선_삼광호.어선_성동호_충돌사건,충돌,충돌_어선_삼광호.어선_성동호_충돌사건.hwp,16.712,1.4543,1
충돌_어선_삼양호.낚시어선_대진호_충돌사건,충돌,충돌_어선_삼양호.낚시어선_대진호_충돌사건.hwpx,12.0153,-3.725,3
충돌_어선_삼운호.어선_제3일광호_충돌사건,충돌,충돌_어선_삼운호.어선_제3일광호_충돌사건.hwpx,10.2569,3.0049,1
"충돌_어선_서양호,_어선_수만호_충돌사건",충돌,"충돌_어선_서양호,_어선_수만호_충돌사건.hwp",2.2791,-5.1305,3
"충돌_어선_성광호,_어선_충남호_충돌사건",충돌,"충돌_어선_성광호,_어선_충남호_충돌사건.pdf",29.4175,-2.309,1
충돌_어선_성안호-모터보트_동해호_충돌사건,충돌,충돌_어선_성안호-모터보트_동해호_충돌사건.hwp,14.3694,-6.0402,1
충돌_어선_성진호_어선_남성호_충돌사건,충돌,충돌_어선_성진호_어선_남성호_충돌사건.hwp,12.8413,2.8602,1
"충돌_어선_세영7호,_낚시어선_팀슈프림호_충돌사건",충돌,"충돌_어선_세영7호,_낚시어선_팀슈프림호_충돌사건.hwpx",11.7329,-18.7224,3
충돌_어선_세종호&어선_수진호_충돌사건,충돌,충돌_어선_세종호&어선_수진호_충돌사건.hwp,12.8675,-8.1551,3
"충돌_어선_세종호,_어선_명진호_충돌사건",충돌,"충돌_어선_세종호,_어선_명진호_충돌사건.pdf",5.0018,-24.816,3
충돌_어선_세진호ㆍ어선_양성호_충돌사건,충돌,충돌_어선_세진호ㆍ어선_양성호_충돌사건.pdf,2.5389,-6.9005,3
충돌_어선_수덕호&어선_영광호_충돌사건,충돌,충돌_어선_수덕호&어선_영광호_충돌사건.hwp,0.7857,-8.1476,3
"충돌_어선_수영호,_낚시어선_참사랑호_충돌사건",충돌,"충돌_어선_수영호,_낚시어선_참사랑호_충돌사건.hwp",14.3145,-16.5505,3
"충돌_어선_수현호,_어선_제306한일호_충돌사건",충돌,"충돌_어선_수현호,_어선_제306한일호_충돌사건.hwp",16.6422,6.3523,1
충돌_어선_신성호_선원사망사건,충돌,충돌_어선_신성호_선원사망사건.pdf,-27.7145,-10.8854,2
충돌_어선_영복호-어선_성운호_충돌사건,충돌,충돌_어선_영복호-어선_성운호_충돌사건.hwp,18.0936,-7.1179,1
충돌_어선_영신호_모터보트_바다여행_충돌사건,충돌,충돌_어선_영신호_모터보트_바다여행_충돌사건.hwp,25.5679,3.6297,1
충돌_어선_영용호-어선_제2한경호_충돌사건,충돌,충돌_어선_영용호-어선_제2한경호_충돌사건.hwp,12.1072,0.9047,1
충돌_어선_영주호ㆍ어선_일진2호_충돌사건,충돌,충돌_어선_영주호ㆍ어선_일진2호_충돌사건.pdf,13.8371,13.5466,1
충돌_어선_영진호&어선_정윤호_충돌사건,충돌,충돌_어선_영진호&어선_정윤호_충돌사건.hwp,-8.3971,-6.9184,3
충돌_어선_영진호_어선_금수호_충돌사건,충돌,충돌_어선_영진호_어선_금수호_충돌사건.hwp,6.3278,-4.448,3
충돌_어선_용성호·어선_범일호_충돌사건,충돌,충돌_어선_용성호·어선_범일호_충돌사건.hwp,0.8895,-12.2997,3
충돌_어선_원진호_어선_아라호_충돌사건,충돌,충돌_어선_원진호_어선_아라호_충돌사건.hwp,19.3013,10.9436,1
충돌_어선_유정호-모터보트_우리호_충돌사건,충돌,충돌_어선_유정호-모터보트_우리호_충돌사건.hwp,21.6327,6.5215,1
"충돌_어선_유조호,어선_하늬호_충돌사건",충돌,"충돌_어선_유조호,어선_하늬호_충돌사건.hwp",9.7474,2.2025,1
"충돌_어선_윤성호,_산적화물선_제이씨_루비_충돌사건",충돌,"충돌_어선_윤성호,_산적화물선_제이씨_루비_충돌사건.hwp",2.9755,-8.7392,3
충돌_어선_윤용3호_좌초사건,충돌,충돌_어선_윤용3호_좌초사건.pdf,30.7039,-2.5892,0
충돌_어선_윤정호.어선_영남호_충돌사건,충돌,충돌_어선_윤정호.어선_영남호_충돌사건.pdf,4.1102,-14.2142,3
"충돌_어선_은성호,_어선_이화호_충돌사건",충돌,"충돌_어선_은성호,_어선_이화호_충돌사건.hwp",6.0596,-11.1366,3
"충돌_어선_일성호,_어선_복성2호_충돌사건",충돌,"충돌_어선_일성호,_어선_복성2호_충돌사건.hwpx",-2.1787,-9.061,3
충돌_어선_장광호_선원사망사건,충돌,충돌_어선_장광호_선원사망사건.pdf,-26.1021,1.8594,2
"충돌_어선_정원호,_어선_제109신광호_충돌사건",충돌,"충돌_어선_정원호,_어선_제109신광호_충돌사건.pdf",1.7573,-3.279,3
충돌_어선_제101형성호_일반화물선_트레져오션_충돌사건,충돌,충돌_어선_제101형성호_일반화물선_트레져오션_충돌사건.hwp,20.4327,-1.6662,1
"충돌_어선_제102동해호,_모터보트_청양호_충돌사건",충돌,"충돌_어선_제102동해호,_모터보트_청양호_충돌사건.hwpx",5.7701,-10.9939,3
충돌_어선_제102영화호_어선_광영호_충돌사건,충돌,충돌_어선_제102영화호_어선_광영호_충돌사건.hwp,21.7998,-2.0099,1
충돌_어선_제102일광호_일반화물선_헬렌_충돌사건,충돌,충돌_어선_제102일광호_일반화물선_헬렌_충돌사건.hwp,21.4793,-3.3298,1
충돌_어선_제103금진호_유조선_에스엠화이트훼일1_충돌사건,충돌,충돌_어선_제103금진호_유조선_에스엠화이트훼일1_충돌사건.hwp,20.237,12.9557,1
충돌_어선_제103유성호_어선_제207만어호_충돌사건,충돌,충돌_어선_제103유성호_어선_제207만어호_충돌사건.hwp,22.2714,-4.6216,3
충돌_어선_제103청해호&낚시어선_뉴피닉스호_충돌사건,충돌,충돌_어선_제103청해호&낚시어선_뉴피닉스호_충돌사건.hwp,11.7332,-21.9246,3
"충돌_어선_제108연창호,_모터보트_야호_충돌사건",충돌,"충돌_어선_제108연창호,_모터보트_야호_충돌사건.hwp",5.8735,-11.8178,3
"충돌_어선_제111금성호,_어선_선우호_충돌사건",충돌,"충돌_어선_제111금성호,_어선_선우호_충돌사건.hwpx",7.0884,-19.491,3
충돌_어선_제133삼화호.어선_제303진영호_충돌사건,충돌,충돌_어선_제133삼화호.어선_제303진영호_충돌사건.hwp,7.6245,2.4528,3
충돌_어선_제153혜승호_일반화물선_헹유_충돌사건,충돌,충돌_어선_제153혜승호_일반화물선_헹유_충돌사건.hwp,-1.1071,-10.1962,3
"충돌_어선_제1구진호,_유류_및_액체화학품_산적운반선_에코_조슈아_파크_추_77c7cce8",충돌,"충돌_어선_제1구진호,_유류_및_액체화학품_산적운반선_에코_조슈아_파크_추_77c7cce8.hwp",8.0213,-1.3006,1
충돌_어선_제1구진호_액화석유가스운반선_위닝로드_충돌사건,충돌,충돌_어선_제1구진호_액화석유가스운반선_위닝로드_충돌사건.hwp,21.1492,-0.0261,1
"충돌_어선_제1신흥호,_어선_정웅호_충돌사건",충돌,"충돌_어선_제1신흥호,_어선_정웅호_충돌사건.hwpx",7.1914,-18.1614,3
충돌_어선_제1원석호_어선_제7은수호_충돌사건,충돌,충돌_어선_제1원석호_어선_제7은수호_충돌사건.hwp,23.4824,9.7163,1
충돌_어선_제2013현진호_어선_용성호_충돌사건,충돌,충돌_어선_제2013현진호_어선_용성호_충돌사건.hwp,1.8984,-11.1297,3
충돌_어선_제2017대청호&어선_경덕호_충돌사건,충돌,충돌_어선_제2017대청호&어선_경덕호_충돌사건.hwp,3.9154,-2.1762,3
충돌_어선_제2019하람호-어선_수광호_충돌사건,충돌,충돌_어선_제2019하람호-어선_수광호_충돌사건.hwp,-3.7736,-7.5018,3
충돌_어선_제2019하람호ㆍ어선_만경호_충돌사건,충돌,충돌_어선_제2019하람호ㆍ어선_만경호_충돌사건.pdf,-1.6952,11.3919,0
"충돌_어선_제2021신영호,_일반화물선_디케이_이토니아_충돌사건",충돌,"충돌_어선_제2021신영호,_일반화물선_디케이_이토니아_충돌사건.hwpx",21.018,12.2245,1
충돌_어선_제202경남호_어선_경민호_충돌사건,충돌,충돌_어선_제202경남호_어선_경민호_충돌사건.hwp,17.9046,3.5596,1
충돌_어선_제205광성호.일반화물선_오스트로브_아틀라소바_충돌사건,충돌,충돌_어선_제205광성호.일반화물선_오스트로브_아틀라소바_충돌사건.hwp,-5.2679,-5.3632,1
"충돌_어선_제205창남호,_예인선_창성6호의_피예인부선_사하5_충돌사건",충돌,"충돌_어선_제205창남호,_예인선_창성6호의_피예인부선_사하5_충돌사건.hwpx",-2.1147,3.2309,3
충돌_어선_제207상진호_어선_동인호_충돌사건,충돌,충돌_어선_제207상진호_어선_동인호_충돌사건.hwp,17.1408,-1.449,1
충돌_어선_제211은진호.어선_제88부영호_충돌사건,충돌,충돌_어선_제211은진호.어선_제88부영호_충돌사건.hwpx,7.4061,-4.1291,3
충돌_어선_제21남경호-어선_제3003덕일호_충돌사건,충돌,충돌_어선_제21남경호-어선_제3003덕일호_충돌사건.hwpx,3.651,-16.0535,3
"충돌_어선_제22성영호,_어선_포레나호_충돌사건",충돌,"충돌_어선_제22성영호,_어선_포레나호_충돌사건.hwp",6.9235,-4.2271,3
충돌_어선_제27세길호_어선_풍어호_충돌사건,충돌,충돌_어선_제27세길호_어선_풍어호_충돌사건.hwp,23.2485,1.4705,1
충돌_어선_제27화승호&어선_화경호_충돌사건,충돌,충돌_어선_제27화승호&어선_화경호_충돌사건.hwp,8.5724,-18.079,3
"충돌_어선_제2영성호,_어선_성진호_등_3척_충돌사건",충돌,"충돌_어선_제2영성호,_어선_성진호_등_3척_충돌사건.hwpx",5.6761,2.2953,1
충돌_어선_제2정훈호_선원부상사건,충돌,충돌_어선_제2정훈호_선원부상사건.pdf,-24.8328,0.456,2
"충돌_어선_제301동하호,_어선_광일호_충돌사건",충돌,"충돌_어선_제301동하호,_어선_광일호_충돌사건.hwp",4.2173,-18.283,3
충돌_어선_제305만석호&어선_제3한진호_충돌사건,충돌,충돌_어선_제305만석호&어선_제3한진호_충돌사건.hwp,5.2633,-12.8269,3
"충돌_어선_제307풍성호,_컨테이너운반선_에스아이티씨_얀타이_충돌사건",충돌,"충돌_어선_제307풍성호,_컨테이너운반선_에스아이티씨_얀타이_충돌사건.hwp",7.0896,4.6477,1
충돌_어선_제307한창호_어선_제203무영호_충돌사건,충돌,충돌_어선_제307한창호_어선_제203무영호_충돌사건.hwp,20.7315,13.6882,1
충돌_어선_제33제성호_유조선_스완_충돌사건,충돌,충돌_어선_제33제성호_유조선_스완_충돌사건.hwp,2.5136,-14.0709,3
충돌_어선_제3공선호.어선_제5준영호_충돌사건,충돌,충돌_어선_제3공선호.어선_제5준영호_충돌사건.hwp,21.1707,2.7609,1
"충돌_어선_제3대광호,_어선_영창호_충돌사건",충돌,"충돌_어선_제3대광호,_어선_영창호_충돌사건.pdf",2.0653,-17.4668,3
"충돌_어선_제3명신호,_어선_일출호_충돌사건",충돌,"충돌_어선_제3명신호,_어선_일출호_충돌사건.hwpx",20.2948,7.5723,1
충돌_어선_제3명신호.산적화물선_서던_스피릿_충돌사건,충돌,충돌_어선_제3명신호.산적화물선_서던_스피릿_충돌사건.hwp,-7.3598,-3.355,3
충돌_어선_제5002성보호_어선_제86평진호_충돌사건,충돌,충돌_어선_제5002성보호_어선_제86평진호_충돌사건.hwp,12.1656,11.0133,1
충돌_어선_제52금영호_어선_광명호_충돌사건,충돌,충돌_어선_제52금영호_어선_광명호_충돌사건.hwp,17.7565,6.2672,1
"충돌_어선_제53삼광호,_어선_동일호_충돌사건",충돌,"충돌_어선_제53삼광호,_어선_동일호_충돌사건.hwpx",22.1898,11.407,1
충돌_어선_제5대광호_어선_제209광진호_충돌사건,충돌,충돌_어선_제5대광호_어선_제209광진호_충돌사건.hwp,4.5702,-1.8166,3
충돌_어선_제5삼영호_낚시어선_동해호_충돌사건,충돌,충돌_어선_제5삼영호_낚시어선_동해호_충돌사건.hwp,12.3693,-1.6337,3
충돌_어선_제5정민호_어선_제710태양호_충돌사건,충돌,충돌_어선_제5정민호_어선_제710태양호_충돌사건.hwp,13.8801,1.3332,1
"충돌_어선_제600만성호,_어선_재경호_충돌사건",충돌,"충돌_어선_제600만성호,_어선_재경호_충돌사건.hwpx",12.1925,0.5617,1
충돌_어선_제607명성호_일반화물선_트러윈드어코드_충돌사건,충돌,충돌_어선_제607명성호_일반화물선_트러윈드어코드_충돌사건.hwp,16.8214,11.0818,1
충돌_어선_제608명성호-어선_5부성호_충돌사건,충돌,충돌_어선_제608명성호-어선_5부성호_충돌사건.hwp,3.9938,-15.9286,3
충돌_어선_제69해동호&산적화물선_오션레전드_충돌사건,충돌,충돌_어선_제69해동호&산적화물선_오션레전드_충돌사건.hwp,7.855,-7.5523,3
충돌_어선_제6용성호&어선_한일호_충돌사건,충돌,충돌_어선_제6용성호&어선_한일호_충돌사건.hwp,0.754,-8.5459,3
충돌_어선_제703유경호_어선_세양호_충돌사건,충돌,충돌_어선_제703유경호_어선_세양호_충돌사건.pdf,-1.9534,-12.2079,3
"충돌_어선_제708우리호,_어선_제909민성호_충돌사건",충돌,"충돌_어선_제708우리호,_어선_제909민성호_충돌사건.hwp",21.3408,7.6067,1
충돌_어선_제76대창호.어선_제2대부호_충돌사건,충돌,충돌_어선_제76대창호.어선_제2대부호_충돌사건.hwpx,3.4304,0.1205,3
충돌_어선_제7덕연호ㆍ어선_서해호_충돌사건,충돌,충돌_어선_제7덕연호ㆍ어선_서해호_충돌사건.pdf,2.6363,-19.5505,3
충돌_어선_제7이성호-어선_골든_크라운_충돌사건,충돌,충돌_어선_제7이성호-어선_골든_크라운_충돌사건.hwp,1.454,-12.3702,3
"충돌_어선_제7청진호,_어선_포레나호_충돌사건",충돌,"충돌_어선_제7청진호,_어선_포레나호_충돌사건.hwp",8.4863,-17.1018,3
"충돌_어선_제87조일호,_어선_제88조일호_충돌사건",충돌,"충돌_어선_제87조일호,_어선_제88조일호_충돌사건.pdf",12.6611,12.0482,1
"충돌_어선_제902금성호,_일반화물선_순신_충돌사건",충돌,"충돌_어선_제902금성호,_일반화물선_순신_충돌사건.hwp",3.8197,-9.0249,3
"충돌_어선_제903청룡호,_어선_제2010대승호_충돌사건",충돌,"충돌_어선_제903청룡호,_어선_제2010대승호_충돌사건.hwp",0.397,-16.8381,3
"충돌_어선_제97임수호,_액화석유가스운반선_구이페이_충돌사건",충돌,"충돌_어선_제97임수호,_액화석유가스운반선_구이페이_충돌사건.hwp",2.3338,-7.4291,3
충돌_어선_제98평진호_활어운반선_동유안_6(DONG_YUAN_6)_충돌사건,충돌,충돌_어선_제98평진호_활어운반선_동유안_6(DONG_YUAN_6)_충돌사건.hwp,4.971,0.203,4
충돌_어선_제9창남호_어선_제638신양호_충돌사건,충돌,충돌_어선_제9창남호_어선_제638신양호_충돌사건.hwp,22.5863,8.0499,1
충돌_어선_진영2호·낚시어선_해상2호_충돌사건,충돌,충돌_어선_진영2호·낚시어선_해상2호_충돌사건.pdf,14.1629,-4.3629,1
"충돌_어선_진흥호,_어선_찬성호_충돌사건",충돌,"충돌_어선_진흥호,_어선_찬성호_충돌사건.pdf",1.1286,-19.2657,3
충돌_어선_찬영호.어선_의지3호_충돌사건,충돌,충돌_어선_찬영호.어선_의지3호_충돌사건.pdf,2.5546,7.2076,0
충돌_어선_창준2호-어선_세훈호_충돌사건,충돌,충돌_어선_창준2호-어선_세훈호_충돌사건.pdf,11.0808,10.3152,1
충돌_어선_청일호.어선_동인1호_충돌사건,충돌,충돌_어선_청일호.어선_동인1호_충돌사건.hwpx,10.382,3.264,1
충돌_어선_청정호.어선_제3풍성호_충돌사건,충돌,충돌_어선_청정호.어선_제3풍성호_충돌사건.hwpx,19.5949,-10.6816,3
충돌_어선_춘심_·_모터보트_글로리_충돌사건,충돌,충돌_어선_춘심_·_모터보트_글로리_충돌사건.hwp,17.0329,16.25,1
충돌_어선_킹스타호_수상오토바이_2017제이에프51_충돌사건,충돌,충돌_어선_킹스타호_수상오토바이_2017제이에프51_충돌사건.hwp,7.3115,-1.9639,3
충돌_어선_태곤호_어선_주영2호_충돌사건,충돌,충돌_어선_태곤호_어선_주영2호_충돌사건.hwp,18.7658,-3.4856,1
충돌_어선_태성호의_계류줄_풀림으로_인한_대원호_충돌사건,충돌,충돌_어선_태성호의_계류줄_풀림으로_인한_대원호_충돌사건.pdf,-0.5004,0.7261,3
"충돌_어선_태종호,_어선_단경호_충돌사건",충돌,"충돌_어선_태종호,_어선_단경호_충돌사건.hwpx",18.3217,7.6661,1
충돌_어선_풍천호-어선_삼광호_충돌사건,충돌,충돌_어선_풍천호-어선_삼광호_충돌사건.hwp,10.1577,0.779,1
"충돌_어선_해우리호,_어선_혜은호_충돌사건",충돌,"충돌_어선_해우리호,_어선_혜은호_충돌사건.hwp",5.5324,-8.9016,3
충돌_어선_혜수호-모터보트_해호_충돌사건,충돌,충돌_어선_혜수호-모터보트_해호_충돌사건.hwp,-4.7483,2.0172,3
충돌_어선_휘동호·어선_동해26호_충돌사건,충돌,충돌_어선_휘동호·어선_동해26호_충돌사건.hwp,0.6649,-5.935,3
충돌_어선_흥성호_어선_태성호_충돌사건,충돌,충돌_어선_흥성호_어선_태성호_충돌사건.hwp,24.2188,-8.6445,3
충돌_어선경림호.압항예선_제101삼일호의_압항부선_제103삼일호_충돌사건,충돌,충돌_어선경림호.압항예선_제101삼일호의_압항부선_제103삼일호_충돌사건.hwpx,-12.8974,12.3053,0
충돌_어업지도선_무궁화14호·어선_대광호_충돌사건,충돌,충돌_어업지도선_무궁화14호·어선_대광호_충돌사건.pdf,29.8482,-3.2389,1
충돌_여객선_하모니플라워호_선원부상사건,충돌,충돌_여객선_하모니플라워호_선원부상사건.hwp,-12.1134,25.5666,4
충돌_예인선_101경원호의_피예인부선_동일502호·부선_해건9001호_충돌사건,충돌,충돌_예인선_101경원호의_피예인부선_동일502호·부선_해건9001호_충돌사건.pdf,-10.793,-21.4903,0
충돌_예인선_101삼우호_침수사건,충돌,충돌_예인선_101삼우호_침수사건.hwp,10.9037,16.3941,1
"충돌_예인선_29조양호의_피예인부선_해광5005호,_어선_제801금승호_충돌사건",충돌,"충돌_예인선_29조양호의_피예인부선_해광5005호,_어선_제801금승호_충돌사건.hwpx",10.5857,9.1367,1
충돌_예인선_301조양호의_피예인부선_건민17000호ㆍ어선_광해호_충돌사건,충돌,충돌_예인선_301조양호의_피예인부선_건민17000호ㆍ어선_광해호_충돌사건.pdf,-1.2025,-18.7237,3
충돌_예인선_305성신호의_피예인부선_5003성신호_어선_5운반호_충돌사건,충돌,충돌_예인선_305성신호의_피예인부선_5003성신호_어선_5운반호_충돌사건.hwp,9.2851,-8.6995,1
충돌_예인선_77신정호의_피예인부선_케이제이-3001호_낚시어선_은빛호_충돌ᄉ_6691206a,충돌,충돌_예인선_77신정호의_피예인부선_케이제이-3001호_낚시어선_은빛호_충돌ᄉ_6691206a.hwp,18.6549,10.8988,1
충돌_예인선_광진107호-어선_제212창성호_충돌사건,충돌,충돌_예인선_광진107호-어선_제212창성호_충돌사건.pdf,1.2568,-17.3834,3
충돌_예인선_광진107호의_피예인부선_재성101호·카페리화물부선_동서6001호_충_75ddac1e,충돌,충돌_예인선_광진107호의_피예인부선_재성101호·카페리화물부선_동서6001호_충_75ddac1e.pdf,-10.486,-21.1081,3
충돌_예인선_광진월드7호_피예인부선_광진8001호와_크루즈_여객선_퀀텀_오_3de313c0,충돌,충돌_예인선_광진월드7호_피예인부선_광진8001호와_크루즈_여객선_퀀텀_오_3de313c0.hwp,18.2244,11.6686,1
충돌_예인선_남영호의_피예인부선_장원5001호·어선_3만성호_충돌사건,충돌,충돌_예인선_남영호의_피예인부선_장원5001호·어선_3만성호_충돌사건.hwp,13.7292,20.7221,1
충돌_예인선_부경103호의_피예인부선_광진1501호·어선_신성호_충돌사건,충돌,충돌_예인선_부경103호의_피예인부선_광진1501호·어선_신성호_충돌사건.hwpx,-9.8041,12.0455,0
"충돌_예인선_삼표301호의_피예인부선_삼표302호,_일반화물선_창성_충돌사건",충돌,"충돌_예인선_삼표301호의_피예인부선_삼표302호,_일반화물선_창성_충돌사건.hwp",12.9545,5.5652,1
충돌_예인선_안진1호의_피예인부선_현대프린세스·기타선_삼성더블유-2호__108f14c9,충돌,충돌_예인선_안진1호의_피예인부선_현대프린세스·기타선_삼성더블유-2호__108f14c9.hwp,15.9877,11.6713,1
충돌_예인선_에스에스_티3호의_피예인부선_에스에스_비1호_·어선_거성호_충돌ᄉ_48e1432b,충돌,충돌_예인선_에스에스_티3호의_피예인부선_에스에스_비1호_·어선_거성호_충돌ᄉ_48e1432b.hwp,-12.0003,12.0583,0
충돌_예인선_울산109호의_피예인부선_울산6003호·어선_1신창호_충돌사건,충돌,충돌_예인선_울산109호의_피예인부선_울산6003호·어선_1신창호_충돌사건.hwpx,3.4069,-12.5241,3
충돌_예인선_제305해송호&피예인부선_디씨지1호_충돌사건,충돌,충돌_예인선_제305해송호&피예인부선_디씨지1호_충돌사건.hwp,-12.0005,11.407,0
충돌_예인선_케이-1호의_피예인부선_현대미포8001호ㆍ어선_해영3호_등_2척_충돌_d34f5078,충돌,충돌_예인선_케이-1호의_피예인부선_현대미포8001호ㆍ어선_해영3호_등_2척_충돌_d34f5078.pdf,2.1595,-25.9412,3
충돌_예인선_현대쥬베일호·어선_제311명천호_충돌사건,충돌,충돌_예인선_현대쥬베일호·어선_제311명천호_충돌사건.pdf,9.9561,9.5496,1
충돌_원양어선_제38한성호_석유제품운반선_대운호_충돌사건,충돌,충돌_원양어선_제38한성호_석유제품운반선_대운호_충돌사건.hwp,18.1909,14.0714,1
충돌_유류_및_액체화학품산적운반선_와이엔_오션_어선_305광림호_충돌_f5c78e53,충돌,충돌_유류_및_액체화학품산적운반선_와이엔_오션_어선_305광림호_충돌_f5c78e53.hwp,21.7808,13.8315,1
충돌_유류_및_액체화학품산적운반선_우진_켈리_석유제품운반선_골_055f93f7,충돌,충돌_유류_및_액체화학품산적운반선_우진_켈리_석유제품운반선_골_055f93f7.hwp,8.5415,14.6031,0
충돌_유류_및_액체화학품산적운반선_울산_파이오니어_자동차운반선__f5b9037f,충돌,충돌_유류_및_액체화학품산적운반선_울산_파이오니어_자동차운반선__f5b9037f.hwp,14.966,12.6964,1
충돌_유류_및_액체화학품산적운반선_제이앤_아이리스_중국_모래운반ᄉ_a393b3f9,충돌,충돌_유류_및_액체화학품산적운반선_제이앤_아이리스_중국_모래운반ᄉ_a393b3f9.pdf,1.8188,12.5154,1
충돌_유류_및_액체화학품산적운반선_케이티에스_그린호-어선_제322광덕ᄒ_08035755,충돌,충돌_유류_및_액체화학품산적운반선_케이티에스_그린호-어선_제322광덕ᄒ_08035755.pdf,1.1055,-18.218,3
충돌_유선_충무공거북선_낚시어선_올레호_충돌사건,충돌,충돌_유선_충무공거북선_낚시어선_올레호_충돌사건.pdf,20.3669,-0.8683,1
충돌_유조선_1거성_예인선_303일신호의_피예인_지질조사용_구조물_충돌사건,충돌,충돌_유조선_1거성_예인선_303일신호의_피예인_지질조사용_구조물_충돌사건.hwp,7.0138,7.5251,1
충돌_유조선_308효동케미호ㆍ어선_이화호_충돌사건,충돌,충돌_유조선_308효동케미호ㆍ어선_이화호_충돌사건.pdf,8.188,12.0743,1
충돌_유조선_사핀스트렝스_방파제_접촉사건,충돌,충돌_유조선_사핀스트렝스_방파제_접촉사건.hwpx,6.6794,10.8887,1
충돌_일반화물선_광양7호_어선_해동호_충돌사건,충돌,충돌_일반화물선_광양7호_어선_해동호_충돌사건.hwp,20.4966,12.275,1
충돌_일반화물선_광저우스타_엘피지운반선_카시마마루8_충돌사건,충돌,충돌_일반화물선_광저우스타_엘피지운반선_카시마마루8_충돌사건.hwp,14.1386,9.6734,1
충돌_일반화물선_대호제주ㆍ어선_한연호_충돌사건,충돌,충돌_일반화물선_대호제주ㆍ어선_한연호_충돌사건.pdf,12.9869,7.4825,1
충돌_일반화물선_에스앤케이_레이디호-예인선_삼표201호의_피예인부선_삼ᄑ_387cd8ed,충돌,충돌_일반화물선_에스앤케이_레이디호-예인선_삼표201호의_피예인부선_삼ᄑ_387cd8ed.pdf,0.0448,1.4318,3
충돌_일반화물선_우현_호프·유류_및_액체화학품산적운반선_스카이케_9227fc19,충돌,충돌_일반화물선_우현_호프·유류_및_액체화학품산적운반선_스카이케_9227fc19.hwpx,14.4462,5.9668,1
충돌_일반화물선_일현정호&어선_제2008성해호_충돌사건,충돌,충돌_일반화물선_일현정호&어선_제2008성해호_충돌사건.hwp,1.4167,-14.5548,3
충돌_일반화물선_일현정호_어선_제2해성호_충돌사건,충돌,충돌_일반화물선_일현정호_어선_제2해성호_충돌사건.pdf,9.995,11.2541,3
충돌_일반화물선_제니스_로얄호-어선_제27한일호_충돌사건,충돌,충돌_일반화물선_제니스_로얄호-어선_제27한일호_충돌사건.hwp,10.2474,-2.0638,3
충돌_일반화물선_포세이돈_어선_형통호_충돌사건,충돌,충돌_일반화물선_포세이돈_어선_형통호_충돌사건.hwp,19.2317,8.5117,1
"충돌_잠수함_나대용함,_자동차운반선_호그런던_충돌사건",충돌,"충돌_잠수함_나대용함,_자동차운반선_호그런던_충돌사건.hwp",16.2771,4.517,1
충돌_잠수함_나대용함_자동차운반선_호그런던_충돌사건,충돌,충돌_잠수함_나대용함_자동차운반선_호그런던_충돌사건.hwp,16.344,4.5313,1
충돌_중앙해심_제2022-001호(낚시어선_금성피싱호.어선_수진호_충돌사건)_공_733ef807,충돌,충돌_중앙해심_제2022-001호(낚시어선_금성피싱호.어선_수진호_충돌사건)_공_733ef807.hwp,21.5083,3.6593,1
충돌_중앙해심_제2022-003(어선_제25일성호.냉동운반선_스바루_충돌사건)_공_0a03d2e2,충돌,충돌_중앙해심_제2022-003(어선_제25일성호.냉동운반선_스바루_충돌사건)_공_0a03d2e2.hwp,6.2805,-1.9966,3
"충돌_청항선_포항해양3호,_어선_해동호_충돌사건",충돌,"충돌_청항선_포항해양3호,_어선_해동호_충돌사건.hwp",13.6516,3.1844,1
충돌_카페리선_뉴은혜페리호_실뱀장어안강망_바지접촉사건,충돌,충돌_카페리선_뉴은혜페리호_실뱀장어안강망_바지접촉사건.hwpx,6.5342,4.9664,1
충돌_카페리선_성우제주-화물_및_카페리선_금영레드포스_충돌사건,충돌,충돌_카페리선_성우제주-화물_및_카페리선_금영레드포스_충돌사건.hwp,-4.824,-27.1184,0
충돌_카페리여객선_금오고속페리호&어선_신성호_충돌사건,충돌,충돌_카페리여객선_금오고속페리호&어선_신성호_충돌사건.hwp,7.7894,-21.832,3
충돌_카페리여객선_비금아일랜드호·어선_영준2호_등_3척_충돌사건,충돌,충돌_카페리여객선_비금아일랜드호·어선_영준2호_등_3척_충돌사건.hwp,-0.4013,14.1577,0
충돌_카페리여객선_섬드리비금농협고속페리_기관손상사건,충돌,충돌_카페리여객선_섬드리비금농협고속페리_기관손상사건.hwp,-7.1092,15.971,0
"충돌_카페리여객선_여수경도골프앤리조트_,_어선_대성호_충돌사건",충돌,"충돌_카페리여객선_여수경도골프앤리조트_,_어선_대성호_충돌사건.hwpx",12.3103,-14.8538,3
충돌_카페리여객선_오션_비스타_제주&해경함_3012함_충돌사건,충돌,충돌_카페리여객선_오션_비스타_제주&해경함_3012함_충돌사건.hwp,5.2223,10.4436,1
충돌_카페리여객선_욕지영동골드고속호.낚시어선_제2비너스호_충돌사건,충돌,충돌_카페리여객선_욕지영동골드고속호.낚시어선_제2비너스호_충돌사건.hwpx,24.8358,-6.5144,3
충돌_카페리여객선_코리아익스프레스카훼리호카페리여객선_대부고속페리3호__d584002c,충돌,충돌_카페리여객선_코리아익스프레스카훼리호카페리여객선_대부고속페리3호__d584002c.pdf,15.2747,15.195,1
충돌_카페리여객선_태평양_3호-어선_제2입성호_충돌사건,충돌,충돌_카페리여객선_태평양_3호-어선_제2입성호_충돌사건.hwp,10.7959,5.7551,1
충돌_카페리여객선_한일골드스텔라-카페리여객선_뉴스타_충돌사건,충돌,충돌_카페리여객선_한일골드스텔라-카페리여객선_뉴스타_충돌사건.hwp,-2.0482,-26.1693,3
충돌_카페리여객선_한일골드스텔라호&일반화물선_제107대양호_충돌사건,충돌,충돌_카페리여객선_한일골드스텔라호&일반화물선_제107대양호_충돌사건.hwp,6.1001,-16.4897,3
"충돌_카페리화물선_금광11호,_어선_제27만창호_충돌사건",충돌,"충돌_카페리화물선_금광11호,_어선_제27만창호_충돌사건.hwp",8.7959,-3.9178,1
충돌_카페리화물선_미래15호.도선_죽도_해바라기호_충돌사건,충돌,충돌_카페리화물선_미래15호.도선_죽도_해바라기호_충돌사건.hwpx,7.18,-15.6417,3
충돌_컨테이너선_스카이챌린지_어선_제101성창호_충돌사건,충돌,충돌_컨테이너선_스카이챌린지_어선_제101성창호_충돌사건.hwp,20.9903,-1.443,1
"충돌_컨테이너선_홍콩_보이저호,_컨테이너선_티엔_푸_허_충돌사건",충돌,"충돌_컨테이너선_홍콩_보이저호,_컨테이너선_티엔_푸_허_충돌사건.hwpx",18.2558,14.2253,1
"충돌_컨테이너운반선_동진엔터프라이즈,_일반화물선_삼성2호_충돌사건",충돌,"충돌_컨테이너운반선_동진엔터프라이즈,_일반화물선_삼성2호_충돌사건.hwpx",9.2404,-5.7423,3
충돌_컨테이너운반선_요코하마_트레이더_예인선_901조양의_피예인부선_세방2_d0606463,충돌,충돌_컨테이너운반선_요코하마_트레이더_예인선_901조양의_피예인부선_세방2_d0606463.pdf,0.771,10.2727,0
"충돌_케미컬운반선_포천수완,_원유운반선_프론트_더체스_충돌사건",충돌,"충돌_케미컬운반선_포천수완,_원유운반선_프론트_더체스_충돌사건.hwp",-9.4474,22.8547,0
충돌_화물_및_카페리선_세주프런티어호&기타선_해천마린2호,충돌,충돌_화물_및_카페리선_세주프런티어호&기타선_해천마린2호.hwp,15.6059,6.4322,1
"충돌_화물_및_카페리선_케이에스_헤르메스호,_액화천연가스운반선_에스엠__8b440578",충돌,"충돌_화물_및_카페리선_케이에스_헤르메스호,_액화천연가스운반선_에스엠__8b440578.hwpx",-2.318,-26.1919,3
충돌_화물선_헤세드호.어선_길영호_충돌사건,충돌,충돌_화물선_헤세드호.어선_길영호_충돌사건.hwp,13.8291,4.4593,1
침몰_기타선_대곡호_침몰사건,침몰,침몰_기타선_대곡호_침몰사건.hwp,-2.519,9.2917,2
침몰_기타선_동평호_침몰사건,침몰,침몰_기타선_동평호_침몰사건.hwp,-11.2622,14.5344,0
침몰_녹조제거선_무등록부선_침몰사건,침몰,침몰_녹조제거선_무등록부선_침몰사건.hwpx,8.2775,10.1633,1
침몰_방제선_물사랑호_침몰사건,침몰,침몰_방제선_물사랑호_침몰사건.pdf,-12.7268,6.6,0
침몰_어선_고려호의_피예인어선_금강호_침몰사건,침몰,침몰_어선_고려호의_피예인어선_금강호_침몰사건.hwp,-16.8755,22.296,0
침몰_어선_유동호·어선_유동2호_침몰사건,침몰,침몰_어선_유동호·어선_유동2호_침몰사건.pdf,-6.7623,6.2572,1
침몰_어선_제127대양호_침몰사건,침몰,침몰_어선_제127대양호_침몰사건.hwp,8.834,-8.5904,3
침몰_어선_제1두두호_침몰사건,침몰,침몰_어선_제1두두호_침몰사건.hwp,-11.7661,1.8076,0
침몰_어선_제2나일호_침몰사건,침몰,침몰_어선_제2나일호_침몰사건.pdf,4.8058,-19.6711,3
침몰_어선_제71용득호_침몰사건,침몰,침몰_어선_제71용득호_침몰사건.hwp,-10.1022,6.9602,1
침몰_예인선_707대진호의_피예인부선_제202한성호_침몰사건,침몰,침몰_예인선_707대진호의_피예인부선_제202한성호_침몰사건.hwp,-10.2645,1.0457,3
침몰_예인선_7삼영호_침몰사건,침몰,침몰_예인선_7삼영호_침몰사건.hwp,25.7873,16.4592,1
침몰_예인선_금신101호_침몰사건,침몰,침몰_예인선_금신101호_침몰사건.pdf,-3.1474,-5.7949,0
침몰_예인선_신동2_침몰사건,침몰,침몰_예인선_신동2_침몰사건.hwp,10.9196,15.4018,0
침몰_예인선_제2종영호_침몰사건,침몰,침몰_예인선_제2종영호_침몰사건.hwpx,5.8061,18.0926,0
침몰_예인선_제66동원호_침몰사건,침몰,침몰_예인선_제66동원호_침몰사건.hwp,10.9919,15.5384,1
침몰_일반화물선_현대_패션호_침몰사건,침몰,침몰_일반화물선_현대_패션호_침몰사건.pdf,-4.1581,12.2198,0
폭발_기타유조선_제3우진호_폭발사건,폭발,폭발_기타유조선_제3우진호_폭발사건.hwpx,-17.0702,20.0169,0
폭발_어선_209금영호_폭발사건,폭발,폭발_어선_209금영호_폭발사건.pdf,-7.9837,17.7132,0
폭발_어선_금강1호_폭발사건,폭발,폭발_어선_금강1호_폭발사건.hwpx,-8.7164,24.9658,4
폭발_어선_누리호_폭발사건,폭발,폭발_어선_누리호_폭발사건.pdf,-9.0178,19.1415,0
폭발_어선_청해7호_폭발사건,폭발,폭발_어선_청해7호_폭발사건.hwp,-6.5302,23.7965,4
폭발_어선_해달수산호_폭발사건,폭발,폭발_어선_해달수산호_폭발사건.hwpx,-11.3266,26.9741,4
폭발_컨테이너선_케이엠티씨_홍콩호_폭발사건,폭발,폭발_컨테이너선_케이엠티씨_홍콩호_폭발사건.pdf,-17.0368,15.5902,0
해양오염_건설기계등록_준설선_해양오염사건,해양오염,해양오염_건설기계등록_준설선_해양오염사건.hwpx,-8.0908,-28.2613,0
해양오염_부선_에스비1603호_해양오염사건,해양오염,해양오염_부선_에스비1603호_해양오염사건.hwpx,-7.9802,10.3372,0
해양오염_부선_제108송양호_해양오염사건,해양오염,해양오염_부선_제108송양호_해양오염사건.hwp,-11.6334,20.6666,0
해양오염_석유제품운반선_덕성2호_해양오염사건,해양오염,해양오염_석유제품운반선_덕성2호_해양오염사건.hwpx,-11.1835,18.3191,0
해양오염_석유제품운반선_미션_해양오염사건,해양오염,해양오염_석유제품운반선_미션_해양오염사건.hwp,-13.291,17.817,0
해양오염_석유제품운반선_보광토파즈_해양오염사건,해양오염,해양오염_석유제품운반선_보광토파즈_해양오염사건.hwp,-13.6468,22.7768,0
해양오염_석유제품운반선_삼우7호_해양오염사건,해양오염,해양오염_석유제품운반선_삼우7호_해양오염사건.pdf,-15.9753,21.7748,0
해양오염_석유제품운반선_아람_해양오염사건,해양오염,해양오염_석유제품운반선_아람_해양오염사건.hwpx,-12.0931,20.187,0
해양오염_석유제품운반선_아성호_해양오염사건,해양오염,해양오염_석유제품운반선_아성호_해양오염사건.hwp,-12.4863,18.6294,0
해양오염_석유제품운반선_제9원양호_해양오염사건,해양오염,해양오염_석유제품운반선_제9원양호_해양오염사건.hwp,-12.0947,15.7619,0
해양오염_액체화학품산적운반선_107효동케미_해양오염사건,해양오염,해양오염_액체화학품산적운반선_107효동케미_해양오염사건.hwp,-13.0693,24.5029,0
해양오염_어선_제111대진호_해양오염사건,해양오염,해양오염_어선_제111대진호_해양오염사건.hwp,2.0949,2.9096,0
해양오염_어선_제123대양호_해양오염사건,해양오염,해양오염_어선_제123대양호_해양오염사건.hwp,-12.0227,23.9214,0
해양오염_어선_제155희영호_해양오염사건,해양오염,해양오염_어선_제155희영호_해양오염사건.hwp,-12.0755,22.2528,4
해양오염_어선_제89보광호_해양오염사건,해양오염,해양오염_어선_제89보광호_해양오염사건.hwp,-8.62,-28.2666,0
해양오염_예인선_303종영호_해양오염사건,해양오염,해양오염_예인선_303종영호_해양오염사건.hwp,-10.0384,10.6303,0
해양오염_예인선_광진107호_해양오염사건,해양오염,해양오염_예인선_광진107호_해양오염사건.pdf,-10.2339,21.6745,0
해양오염_예인선_금호스타호_해양오염사건,해양오염,해양오염_예인선_금호스타호_해양오염사건.hwp,-10.7844,19.8391,0
해양오염_예인선_동아티3호_해양오염사건,해양오염,해양오염_예인선_동아티3호_해양오염사건.pdf,-13.7616,19.5563,0
해양오염_예인선_창일201호_해양오염사건,해양오염,해양오염_예인선_창일201호_해양오염사건.hwpx,-7.1323,12.0999,0
해양오염_예인선_태성2000호_해양오염사건,해양오염,해양오염_예인선_태성2000호_해양오염사건.hwp,-11.8234,21.4523,0
해양오염_예인선_태양21호_해양오염사건,해양오염,해양오염_예인선_태양21호_해양오염사건.hwpx,-10.8012,21.5953,0
해양오염_유류_및_액체화학품산적운반선_그레이스_해양오염사건,해양오염,해양오염_유류_및_액체화학품산적운반선_그레이스_해양오염사건.hwp,-14.2315,22.8018,0
해양오염_유류_및_액체화학품산적운반선_뉴하모니호_해양오염사건,해양오염,해양오염_유류_및_액체화학품산적운반선_뉴하모니호_해양오염사건.pdf,-16.8843,18.8083,0
해양오염_유류_및_액체화학품산적운반선_우석호_해양오염사건,해양오염,해양오염_유류_및_액체화학품산적운반선_우석호_해양오염사건.hwp,-11.2489,19.2429,0
해양오염_유류운반부선_5덕승호_해양오염사건,해양오염,해양오염_유류운반부선_5덕승호_해양오염사건.hwp,-13.1576,22.1919,0
해양오염_유류운반부선_은성_해양오염사건,해양오염,해양오염_유류운반부선_은성_해양오염사건.hwpx,-12.4799,23.7806,0
해양오염_인천해심_제2025-013호_유류_및_액체화학품운반선_범영_해양오염_56318a7f,해양오염,해양오염_인천해심_제2025-013호_유류_및_액체화학품운반선_범영_해양오염_56318a7f.pdf,-13.1101,21.0252,0
해양오염_일반화물선_포스_해양오염사건,해양오염,해양오염_일반화물선_포스_해양오염사건.hwp,-10.2522,20.434,0
해양오염_카페리선_씨월드_마린_해양오염사건,해양오염,해양오염_카페리선_씨월드_마린_해양오염사건.hwp,-14.4074,20.2355,0
해양오염_카페리여객선_슬로아일랜드_해양오염사건,해양오염,해양오염_카페리여객선_슬로아일랜드_해양오염사건.hwpx,-15.2925,21.4423,0
해양오염_컨테이너선_스카이_티아라_해양오염사건,해양오염,해양오염_컨테이너선_스카이_티아라_해양오염사건.hwp,-14.1023,21.4438,0
행방불명_어선_대금호_선원실종사건,행방불명,행방불명_어선_대금호_선원실종사건.hwp,-9.0355,-5.4149,3
행방불명_어선_제2020유진호_선원실종사건,행방불명,행방불명_어선_제2020유진호_선원실종사건.hwp,-17.5167,2.3419,2
행방불명_어선_제3입성호_선원실종사건,행방불명,행방불명_어선_제3입성호_선원실종사건.hwpx,-18.8256,-12.5189,2
행방불명_어선_제8088해정호_선원실종사건,행방불명,행방불명_어선_제8088해정호_선원실종사건.hwpx,-4.3516,-13.7766,3
행방불명_어선_태건호_선원실종사건,행방불명,행방불명_어선_태건호_선원실종사건.hwp,-27.9888,-7.6911,2
행방불명_어선_해금호_선원실종사건,행방불명,행방불명_어선_해금호_선원실종사건.hwp,-18.8903,-3.3438,2
화재_기타선_리스폰더_화재사건,화재,화재_기타선_리스폰더_화재사건.hwp,-1.0425,27.372,4
화재_낚시어선_그랜드호_화재사건,화재,화재_낚시어선_그랜드호_화재사건.hwp,-7.963,27.404,4
화재_낚시어선_금까마귀호_화재사건,화재,화재_낚시어선_금까마귀호_화재사건.pdf,-1.5923,33.461,4
화재_낚시어선_영석호_화재사건,화재,화재_낚시어선_영석호_화재사건.pdf,-7.9415,-24.7109,4
화재_낚시어선_오션파티호_폭발사건,화재,화재_낚시어선_오션파티호_폭발사건.pdf,-9.0549,24.857,4
화재_낚시어선_트레비스호_화재사건,화재,화재_낚시어선_트레비스호_화재사건.hwp,2.556,19.8087,0
화재_낚시어선_파워호_화재사건,화재,화재_낚시어선_파워호_화재사건.pdf,-1.3319,33.9445,4
화재_모터보트_사라토카_화재사건,화재,화재_모터보트_사라토카_화재사건.hwpx,-2.1467,28.1048,4
화재_석유제품운반선_태화1호_화재사건,화재,화재_석유제품운반선_태화1호_화재사건.hwpx,-8.4341,28.6841,4
화재_어선_201태창호_화재사건,화재,화재_어선_201태창호_화재사건.hwp,-2.4053,28.3971,4
화재_어선_경일호_화재사건,화재,화재_어선_경일호_화재사건.pdf,-13.2822,7.8615,0
화재_어선_기원호_등_4척_화재사건,화재,화재_어선_기원호_등_4척_화재사건.hwpx,-6.3999,27.1088,4
화재_어선_길창호_화재사건,화재,화재_어선_길창호_화재사건.pdf,-2.5995,33.5421,4
화재_어선_대성호_화재사건,화재,화재_어선_대성호_화재사건.hwp,-3.9231,-8.9571,3
화재_어선_만금호_화재사건,화재,화재_어선_만금호_화재사건.hwp,-3.0968,30.2393,4
화재_어선_방주호_화재사건,화재,화재_어선_방주호_화재사건.pdf,-2.8215,31.4099,4
화재_어선_배양호_화재사건,화재,화재_어선_배양호_화재사건.hwp,0.5777,-5.927,3
화재_어선_벽강호_화재사건,화재,화재_어선_벽강호_화재사건.hwp,-4.1054,26.7289,4
화재_어선_서윤호_화재사건,화재,화재_어선_서윤호_화재사건.hwp,-0.9748,26.2677,4
화재_어선_수정호_화재사건,화재,화재_어선_수정호_화재사건.hwpx,-14.3085,8.9182,0
화재_어선_수진호_등_7척_화재사건,화재,화재_어선_수진호_등_7척_화재사건.hwp,2.591,19.7904,1
화재_어선_신금영호_등_35척_화재사건,화재,화재_어선_신금영호_등_35척_화재사건.pdf,0.0613,33.3016,4
화재_어선_안진호_화재사건,화재,화재_어선_안진호_화재사건.hwpx,-3.166,26.7788,4
화재_어선_영남호_화재사건,화재,화재_어선_영남호_화재사건.pdf,-1.7461,33.0616,4
화재_어선_영진호_화재사건,화재,화재_어선_영진호_화재사건.hwpx,-4.3605,27.9138,4
화재_어선_용성호_화재사건(약식),화재,화재_어선_용성호_화재사건(약식).hwpx,-5.1234,27.5611,4
화재_어선_유조호_화재사건,화재,화재_어선_유조호_화재사건.hwp,-5.8836,32.2221,4
화재_어선_제102동해호_화재사건,화재,화재_어선_제102동해호_화재사건.hwpx,-2.122,25.879,4
화재_어선_제103수복호_화재사건,화재,화재_어선_제103수복호_화재사건.hwp,-1.6029,31.4542,4
화재_어선_제105대승호_화재사건,화재,화재_어선_제105대승호_화재사건.pdf,-0.2282,26.0445,4
화재_어선_제107부창호_화재사건,화재,화재_어선_제107부창호_화재사건.hwp,-3.4816,26.6898,4
화재_어선_제153대복호_등_3척_화재사건,화재,화재_어선_제153대복호_등_3척_화재사건.hwpx,-5.6689,26.0594,4
화재_어선_제1금강호_화재사건,화재,화재_어선_제1금강호_화재사건.pdf,-3.5325,30.6883,4
화재_어선_제212창성호_화재사건,화재,화재_어선_제212창성호_화재사건.hwpx,-2.9592,-16.1779,3
화재_어선_제2구봉호_등_7척_화재사건,화재,화재_어선_제2구봉호_등_7척_화재사건.hwpx,-5.8217,29.0415,4
화재_어선_제301한창호_화재사건,화재,화재_어선_제301한창호_화재사건.pdf,-8.6629,18.9299,0
화재_어선_제307해양호_화재사건,화재,화재_어선_제307해양호_화재사건.hwp,-0.6222,29.7427,4
화재_어선_제365청신호_화재사건,화재,화재_어선_제365청신호_화재사건.hwp,-1.5919,31.0731,4
화재_어선_제3문성호_화재사건,화재,화재_어선_제3문성호_화재사건.hwpx,-2.5632,24.9516,4
화재_어선_제509유일호_화재사건,화재,화재_어선_제509유일호_화재사건.hwpx,-4.3582,25.2129,4
화재_어선_제7성현호_화재사건,화재,화재_어선_제7성현호_화재사건.pdf,-2.1315,34.4332,4
화재_어선_제927영창호_화재사건,화재,화재_어선_제927영창호_화재사건.hwp,-1.8577,29.8023,4
화재_어선_채민호_화재사건,화재,화재_어선_채민호_화재사건.hwpx,-3.1246,25.1566,4
화재_어선_태양호_화재사건,화재,화재_어선_태양호_화재사건.hwpx,7.3563,20.0926,3
화재_어선_평안2호_화재사건,화재,화재_어선_평안2호_화재사건.hwp,-3.0371,33.5993,4
화재_어선_한림호_화재사건,화재,화재_어선_한림호_화재사건.hwp,0.9803,28.5786,4
화재_어선_해덕호_화재사건,화재,화재_어선_해덕호_화재사건.hwpx,-2.6775,34.7287,4
화재_어선_해안호_등_3척_화재사건,화재,화재_어선_해안호_등_3척_화재사건.hwp,-4.5657,30.6632,4
화재_어선_효성호_등_6척_화재사건,화재,화재_어선_효성호_등_6척_화재사건.hwp,-7.9159,27.5893,4
화재_예인선_88경영호_화재사건,화재,화재_예인선_88경영호_화재사건.hwp,-7.6843,32.2498,4
화재_예인선_서진호_화재사건,화재,화재_예인선_서진호_화재사건.hwp,-9.9922,0.5094,0
화재_예인선_에스에스_티3_화재사건,화재,화재_예인선_에스에스_티3_화재사건.hwpx,-10.5999,23.5079,0
화재_예인선_태양21호의_피예인부선_태양5001호_화재사건,화재,화재_예인선_태양21호의_피예인부선_태양5001호_화재사건.hwp,-9.0316,29.438,4
화재_원양어선_슐_에스테709호_화재사건,화재,화재_원양어선_슐_에스테709호_화재사건.hwp,-9.1569,26.3999,4
화재_원양어선_아드리아_화재사건,화재,화재_원양어선_아드리아_화재사건.hwp,-3.5839,28.7435,4
화재_유류_및_액체화학품운반선_뉴_브라이트_폭발사건,화재,화재_유류_및_액체화학품운반선_뉴_브라이트_폭발사건.pdf,-3.4056,22.4573,0
화재_유류_및_액체화학품운반선_팔콘케미스트호_화재사건,화재,화재_유류_및_액체화학품운반선_팔콘케미스트호_화재사건.pdf,-8.1261,31.2154,4
화재_일반화물선_한진그린호_화재사건,화재,화재_일반화물선_한진그린호_화재사건.hwpx,-6.6887,30.4951,4
화재_일체형압항선_적봉호의_압항부선_대봉_화재사건,화재,화재_일체형압항선_적봉호의_압항부선_대봉_화재사건.hwp,-7.0864,30.1626,4
화재_제2017국제호_화재사건,화재,화재_제2017국제호_화재사건.hwp,-3.0624,-15.1336,3
화재_카페리선_골드카페리호_화재사건,화재,화재_카페리선_골드카페리호_화재사건.pdf,-7.1158,29.7767,4
화재_카페리여객선_비금아일랜드호_화재사건,화재,화재_카페리여객선_비금아일랜드호_화재사건.hwpx,-5.4162,32.5455,4
화재_카페리여객선_실버클라우드_화재사건,화재,화재_카페리여객선_실버클라우드_화재사건.hwp,-0.0097,30.8259,4
화재_컨테이너선_시노코_요코하마호_화재사건,화재,화재_컨테이너선_시노코_요코하마호_화재사건.hwp,-10.5556,25.1166,4
