index,id,category,filename
0,"기관손상_석유제품운반선_제1은희호_기관손상사건","기관손상","기관손상_석유제품운반선_제1은희호_기관손상사건.hwp"
1,"기관손상_어선_제209신광호_기관손상사건","기관손상","기관손상_어선_제209신광호_기관손상사건.hwp"
2,"기관손상_카페리선_골드카페리호_기관손상사건","기관손상","기관손상_카페리선_골드카페리호_기관손상사건.pdf"
3,"기관손상_카페리여객선_대형카훼리3호_기관손상사건","기관손상","기관손상_카페리여객선_대형카훼리3호_기관손상사건.hwp"
4,"기관손상_카페리여객선_드림아일랜드호_기관손상사건","기관손상","기관손상_카페리여객선_드림아일랜드호_기관손상사건.hwp"
5,"기관손상_카페리여객선_섬사랑6호_기관손상사건","기관손상","기관손상_카페리여객선_섬사랑6호_기관손상사건.hwp"
6,"기타_광석운반선_시노글로리호_침수사건","기타","기타_광석운반선_시노글로리호_침수사건.hwp"
7,"기타_낚시어선_호진호_선체손상사건","기타","기타_낚시어선_호진호_선체손상사건.hwp"
8,"기타_산적화물선_씨칭다오_기관실_침수사건","기타","기타_산적화물선_씨칭다오_기관실_침수사건.pdf"
9,"기타_어선_동강2호_닻줄_손상사건","기타","기타_어선_동강2호_닻줄_손상사건.pdf"
10,"기타_어선_신아호_침수사건","기타","기타_어선_신아호_침수사건.pdf"
11,"기타_어선_제207성진호_침수사건","기타","기타_어선_제207성진호_침수사건.hwpx"
12,"기타_여객선_북도고속페리호_정박_부표줄_감김사건","기타","기타_여객선_북도고속페리호_정박_부표줄_감김사건.pdf"
13,"기타_여객선_씨스타11호_기타(객실_창문_손상)사건","기타","기타_여객선_씨스타11호_기타(객실_창문_손상)사건.hwp"
14,"기타_예인선_201해송의_피예인부선_마린1호_침수사건","기타","기타_예인선_201해송의_피예인부선_마린1호_침수사건.hwpx"
15,"기타_예인선_강남티-15호_침수사건","기타","기타_예인선_강남티-15호_침수사건.hwp"
16,"기타_철광석운반선_솔라앰버(SOLAR_EMBER)_기타(선체외판손상)_사건","기타","기타_철광석운반선_솔라앰버(SOLAR_EMBER)_기타(선체외판손상)_사건.hwp"
17,"기타_철광석운반선_스텔라유니콘(STELLAR_UNICORN)_기타(선체외판손상)_사건","기타","기타_철광석운반선_스텔라유니콘(STELLAR_UNICORN)_기타(선체외판손상)_사건.hwp"
18,"기타_철광석운반선_스텔라퀸_기타(상갑판손상)사건","기타","기타_철광석운반선_스텔라퀸_기타(상갑판손상)사건.hwp"
19,"속구손상_예인선_36금양호_속구손상사건","속구손상","속구손상_예인선_36금양호_속구손상사건.pdf"
20,"시설물손상_어선_베드로호_양식장_손상사건","시설물손상","시설물손상_어선_베드로호_양식장_손상사건.hwp"
21,"시설물손상_여객선_북도고속페리호_장봉도선착장_손상사건","시설물손상","시설물손상_여객선_북도고속페리호_장봉도선착장_손상사건.pdf"
22,"시설물손상_예인선_201교동호의_피예인부선_교동비피101호에_의한_어선_연가_d7a3b8d4","시설물손상","시설물손상_예인선_201교동호의_피예인부선_교동비피101호에_의한_어선_연가_d7a3b8d4.hwp"
23,"시설물손상_유류_및_액체화학품산적운반선_거영드림3_폭발사건","시설물손상","시설물손상_유류_및_액체화학품산적운반선_거영드림3_폭발사건.hwp"
24,"시설물손상_철광석운반선_스텔라퀸기타(상갑판_손상)사건","시설물손상","시설물손상_철광석운반선_스텔라퀸기타(상갑판_손상)사건.hwp"
25,"운항저해_여객선_북도고속페리호_운항저해사건","운항저해","운항저해_여객선_북도고속페리호_운항저해사건.pdf"
26,"운항저해_카페리여객선_비금아일랜드호_운항저해사건","운항저해","운항저해_카페리여객선_비금아일랜드호_운항저해사건.hwp"
27,"인명사상_광석운반선_시_차오페이뎬_선원사망사건","인명사상","인명사상_광석운반선_시_차오페이뎬_선원사망사건.hwpx"
28,"인명사상_급유선_대양호_선원_등_부상사건","인명사상","인명사상_급유선_대양호_선원_등_부상사건.hwpx"
29,"인명사상_기타선_빼리호_전복사건","인명사상","인명사상_기타선_빼리호_전복사건.hwp"
30,"인명사상_기타선_해바라기호_관광객부상사건","인명사상","인명사상_기타선_해바라기호_관광객부상사건.hwp"
31,"인명사상_낚시어선_다원호_승객부상사건","인명사상","인명사상_낚시어선_다원호_승객부상사건.hwp"
32,"인명사상_낚시어선_삼흥호_승객사망사건","인명사상","인명사상_낚시어선_삼흥호_승객사망사건.hwpx"
33,"인명사상_낚시어선_신진호_승객부상사건","인명사상","인명사상_낚시어선_신진호_승객부상사건.hwp"
34,"인명사상_낚시어선_트윈스호_수중레저활동자_부상사건","인명사상","인명사상_낚시어선_트윈스호_수중레저활동자_부상사건.hwp"
35,"인명사상_모터보트_라운지_잠수부_사망사건","인명사상","인명사상_모터보트_라운지_잠수부_사망사건.hwp"
36,"인명사상_모터보트_로얄마린_수중레저활동자_사망사건","인명사상","인명사상_모터보트_로얄마린_수중레저활동자_사망사건.hwpx"
37,"인명사상_부선_한강6호_선원사망사건","인명사상","인명사상_부선_한강6호_선원사망사건.pdf"
38,"인명사상_산적화물선_디엘아이비_작업원_사망사건","인명사상","인명사상_산적화물선_디엘아이비_작업원_사망사건.pdf"
39,"인명사상_산적화물선_프린세스호_작업원부상사건","인명사상","인명사상_산적화물선_프린세스호_작업원부상사건.hwp"
40,"인명사상_석유제품운반선_한유비전_선원부상사건","인명사상","인명사상_석유제품운반선_한유비전_선원부상사건.hwpx"
41,"인명사상_시험조사선_이사부호_선원사망사건","인명사상","인명사상_시험조사선_이사부호_선원사망사건.hwp"
42,"인명사상_액체화학품산적운반선_골든_브리지_하나_선원사망사건","인명사상","인명사상_액체화학품산적운반선_골든_브리지_하나_선원사망사건.hwp"
43,"인명사상_액화천연가스운반선_현대_테크노피아_선원사망사건","인명사상","인명사상_액화천연가스운반선_현대_테크노피아_선원사망사건.hwp"
44,"인명사상_어선_103대승호_선원부상사건","인명사상","인명사상_어선_103대승호_선원부상사건.pdf"
45,"인명사상_어선_12재성호_선원부상사건","인명사상","인명사상_어선_12재성호_선원부상사건.hwp"
46,"인명사상_어선_1만복호_선원사망사건","인명사상","인명사상_어선_1만복호_선원사망사건.hwp"
47,"인명사상_어선_2020안성호_선원사망사건","인명사상","인명사상_어선_2020안성호_선원사망사건.hwpx"
48,"인명사상_어선_202미성호_선원사망사건","인명사상","인명사상_어선_202미성호_선원사망사건.hwpx"
49,"인명사상_어선_203남광호_선원사망사건","인명사상","인명사상_어선_203남광호_선원사망사건.hwp"
50,"인명사상_어선_206분도호_선원사망사건","인명사상","인명사상_어선_206분도호_선원사망사건.hwpx"
51,"인명사상_어선_209대청호_선원사망사건","인명사상","인명사상_어선_209대청호_선원사망사건.hwpx"
52,"인명사상_어선_219신흥호_선원부상사건","인명사상","인명사상_어선_219신흥호_선원부상사건.hwp"
53,"인명사상_어선_221대성호_선원사망사건","인명사상","인명사상_어선_221대성호_선원사망사건.pdf"
54,"인명사상_어선_27협신호_선원사망사건","인명사상","인명사상_어선_27협신호_선원사망사건.hwpx"
55,"인명사상_어선_2유덕호_선원부상사건","인명사상","인명사상_어선_2유덕호_선원부상사건.hwpx"
56,"인명사상_어선_2통일호_선원사망사건","인명사상","인명사상_어선_2통일호_선원사망사건.pdf"
57,"인명사상_어선_301광명호_선원사망사건","인명사상","인명사상_어선_301광명호_선원사망사건.hwpx"
58,"인명사상_어선_313태양호_선원사망사건","인명사상","인명사상_어선_313태양호_선원사망사건.hwpx"
59,"인명사상_어선_603조일호_선원사망사건","인명사상","인명사상_어선_603조일호_선원사망사건.hwp"
60,"인명사상_어선_78임수호_선원사망사건","인명사상","인명사상_어선_78임수호_선원사망사건.hwp"
61,"인명사상_어선_9009경진호_선원사망사건","인명사상","인명사상_어선_9009경진호_선원사망사건.hwp"
62,"인명사상_어선_9민성호_선원부상사건","인명사상","인명사상_어선_9민성호_선원부상사건.pdf"
63,"인명사상_어선_가람호_선원부상사건","인명사상","인명사상_어선_가람호_선원부상사건.pdf"
64,"인명사상_어선_건양호_선원사망사건","인명사상","인명사상_어선_건양호_선원사망사건.pdf"
65,"인명사상_어선_광일호_선원부상사건","인명사상","인명사상_어선_광일호_선원부상사건.pdf"
66,"인명사상_어선_광정15호_선원사망사건","인명사상","인명사상_어선_광정15호_선원사망사건.hwpx"
67,"인명사상_어선_금강7호_선원사망사건","인명사상","인명사상_어선_금강7호_선원사망사건.pdf"
68,"인명사상_어선_대건호_선원부상사건","인명사상","인명사상_어선_대건호_선원부상사건.pdf"
69,"인명사상_어선_대신5호_선원부상사건","인명사상","인명사상_어선_대신5호_선원부상사건.pdf"
70,"인명사상_어선_대신호_선원실종사건","인명사상","인명사상_어선_대신호_선원실종사건.pdf"
71,"인명사상_어선_대양호_선원사망사건","인명사상","인명사상_어선_대양호_선원사망사건.hwp"
72,"인명사상_어선_동운호_선원사망사건","인명사상","인명사상_어선_동운호_선원사망사건.hwp"
73,"인명사상_어선_동진호_선원부상사건","인명사상","인명사상_어선_동진호_선원부상사건.pdf"
74,"인명사상_어선_만복호_선원부상사건","인명사상","인명사상_어선_만복호_선원부상사건.hwp"
75,"인명사상_어선_만진호_선원사망사건","인명사상","인명사상_어선_만진호_선원사망사건.pdf"
76,"인명사상_어선_매일호_선원사망사건","인명사상","인명사상_어선_매일호_선원사망사건.hwpx"
77,"인명사상_어선_명성호_선원부상사건","인명사상","인명사상_어선_명성호_선원부상사건.pdf"
78,"인명사상_어선_명성호_선원사망사건","인명사상","인명사상_어선_명성호_선원사망사건.hwp"
79,"인명사상_어선_명성호_선원사상사건","인명사상","인명사상_어선_명성호_선원사상사건.hwp"
80,"인명사상_어선_민성1호_선원사망사건","인명사상","인명사상_어선_민성1호_선원사망사건.pdf"
81,"인명사상_어선_바다2호_선원사망사건","인명사상","인명사상_어선_바다2호_선원사망사건.pdf"
82,"인명사상_어선_반석호_선원사망사건","인명사상","인명사상_어선_반석호_선원사망사건.pdf"
83,"인명사상_어선_벽강호_선원사망사건","인명사상","인명사상_어선_벽강호_선원사망사건.hwp"
84,"인명사상_어선_복연호_선원사망사건","인명사상","인명사상_어선_복연호_선원사망사건.hwp"
85,"인명사상_어선_봉민호_선원사망사건","인명사상","인명사상_어선_봉민호_선원사망사건.hwpx"
86,"인명사상_어선_부성호_선원실종사건","인명사상","인명사상_어선_부성호_선원실종사건.hwp"
87,"인명사상_어선_블루드래곤호_선원실종사건","인명사상","인명사상_어선_블루드래곤호_선원실종사건.hwp"
88,"인명사상_어선_선경2호_선원사망사건","인명사상","인명사상_어선_선경2호_선원사망사건.hwp"
89,"인명사상_어선_선경호_선원부상사건","인명사상","인명사상_어선_선경호_선원부상사건.pdf"
90,"인명사상_어선_성림5호_선원사망사건","인명사상","인명사상_어선_성림5호_선원사망사건.pdf"
91,"인명사상_어선_성복호_선원사망사건","인명사상","인명사상_어선_성복호_선원사망사건.pdf"
92,"인명사상_어선_성운호_잠수부사망사건","인명사상","인명사상_어선_성운호_잠수부사망사건.hwp"
93,"인명사상_어선_수정호_잠사부사망사건","인명사상","인명사상_어선_수정호_잠사부사망사건.hwp"
94,"인명사상_어선_신영51호_선원사망사건","인명사상","인명사상_어선_신영51호_선원사망사건.pdf"
95,"인명사상_어선_신영호_선원사망사건","인명사상","인명사상_어선_신영호_선원사망사건.pdf"
96,"인명사상_어선_영광호_선원부상사건","인명사상","인명사상_어선_영광호_선원부상사건.hwp"
97,"인명사상_어선_용진호_선원사망사건","인명사상","인명사상_어선_용진호_선원사망사건.hwp"
98,"인명사상_어선_원성호_선원부상사건(약식)","인명사상","인명사상_어선_원성호_선원부상사건(약식).hwpx"
99,"인명사상_어선_유일호_선원부상사건","인명사상","인명사상_어선_유일호_선원부상사건.pdf"
100,"인명사상_어선_유정호_선원부상사건","인명사상","인명사상_어선_유정호_선원부상사건.hwp"
101,"인명사상_어선_유정호_선원부상사건","인명사상","인명사상_어선_유정호_선원부상사건.pdf"
102,"인명사상_어선_유정호_선원사망사건","인명사상","인명사상_어선_유정호_선원사망사건.hwpx"
103,"인명사상_어선_은성호_선원사망사건","인명사상","인명사상_어선_은성호_선원사망사건.hwp"
104,"인명사상_어선_은성호_선원사망사건","인명사상","인명사상_어선_은성호_선원사망사건.hwpx"
105,"인명사상_어선_은진호_선원사망사건","인명사상","인명사상_어선_은진호_선원사망사건.hwpx"
106,"인명사상_어선_장미2호_선원사망사건","인명사상","인명사상_어선_장미2호_선원사망사건.pdf"
107,"인명사상_어선_장순호_선원사망사건","인명사상","인명사상_어선_장순호_선원사망사건.pdf"
108,"인명사상_어선_정복호_선원부상사건","인명사상","인명사상_어선_정복호_선원부상사건.pdf"
109,"인명사상_어선_정빈호_선원사망사건","인명사상","인명사상_어선_정빈호_선원사망사건.hwp"
110,"인명사상_어선_정원호_선원부상사건","인명사상","인명사상_어선_정원호_선원부상사건.pdf"
111,"인명사상_어선_제101부창호_선원사망사건","인명사상","인명사상_어선_제101부창호_선원사망사건.hwp"
112,"인명사상_어선_제101성화호_선원부상사건","인명사상","인명사상_어선_제101성화호_선원부상사건.hwp"
113,"인명사상_어선_제101순흥호_선원부상사건","인명사상","인명사상_어선_제101순흥호_선원부상사건.pdf"
114,"인명사상_어선_제101통영호_선원사상사건","인명사상","인명사상_어선_제101통영호_선원사상사건.hwp"
115,"인명사상_어선_제103부일호에_임시승선한_어선_제2007호_선원사망사건","인명사상","인명사상_어선_제103부일호에_임시승선한_어선_제2007호_선원사망사건.pdf"
116,"인명사상_어선_제103해금호_선원부상사건","인명사상","인명사상_어선_제103해금호_선원부상사건.hwp"
117,"인명사상_어선_제105대진호_선원사망사건","인명사상","인명사상_어선_제105대진호_선원사망사건.hwp"
118,"인명사상_어선_제107명진호_선원사망사건","인명사상","인명사상_어선_제107명진호_선원사망사건.hwp"
119,"인명사상_어선_제118금성호_선원부상사건","인명사상","인명사상_어선_제118금성호_선원부상사건.pdf"
120,"인명사상_어선_제11태화호_선원사망사건","인명사상","인명사상_어선_제11태화호_선원사망사건.hwpx"
121,"인명사상_어선_제128대진호_선원사상사건","인명사상","인명사상_어선_제128대진호_선원사상사건.hwp"
122,"인명사상_어선_제15수영호_선원실종사건","인명사상","인명사상_어선_제15수영호_선원실종사건.pdf"
123,"인명사상_어선_제17덕진호_선원사망사건","인명사상","인명사상_어선_제17덕진호_선원사망사건.hwpx"
124,"인명사상_어선_제1만선호_부상사건","인명사상","인명사상_어선_제1만선호_부상사건.hwpx"
125,"인명사상_어선_제2017세종호_선원사망사건","인명사상","인명사상_어선_제2017세종호_선원사망사건.hwpx"
126,"인명사상_어선_제201창남호_선원부상사건","인명사상","인명사상_어선_제201창남호_선원부상사건.hwpx"
127,"인명사상_어선_제2022대경호_선원부상사건","인명사상","인명사상_어선_제2022대경호_선원부상사건.hwpx"
128,"인명사상_어선_제203대성호_선원사망사건","인명사상","인명사상_어선_제203대성호_선원사망사건.pdf"
129,"인명사상_어선_제203대영호_선원부상사건","인명사상","인명사상_어선_제203대영호_선원부상사건.pdf"
130,"인명사상_어선_제205금성호_선원사망사건","인명사상","인명사상_어선_제205금성호_선원사망사건.hwpx"
131,"인명사상_어선_제205연흥호_선원사망사건","인명사상","인명사상_어선_제205연흥호_선원사망사건.pdf"
132,"인명사상_어선_제207해선호_선원사망사건","인명사상","인명사상_어선_제207해선호_선원사망사건.hwp"
133,"인명사상_어선_제208대일호_선원실종사건","인명사상","인명사상_어선_제208대일호_선원실종사건.pdf"
134,"인명사상_어선_제21구진호_선원부상사건","인명사상","인명사상_어선_제21구진호_선원부상사건.hwp"
135,"인명사상_어선_제21남경호_부유물감김사건으로_인한_선원사망사건","인명사상","인명사상_어선_제21남경호_부유물감김사건으로_인한_선원사망사건.pdf"
136,"인명사상_어선_제237양창호_선원사망사건","인명사상","인명사상_어선_제237양창호_선원사망사건.hwp"
137,"인명사상_어선_제23보경호_선원사망사건","인명사상","인명사상_어선_제23보경호_선원사망사건.hwp"
138,"인명사상_어선_제25민성호_선원부상사건","인명사상","인명사상_어선_제25민성호_선원부상사건.pdf"
139,"인명사상_어선_제27연정호_선원사망사건","인명사상","인명사상_어선_제27연정호_선원사망사건.hwpx"
140,"인명사상_어선_제286혜승호_선원사망사건","인명사상","인명사상_어선_제286혜승호_선원사망사건.hwp"
141,"인명사상_어선_제28득명호_선원사망사건","인명사상","인명사상_어선_제28득명호_선원사망사건.hwp"
142,"인명사상_어선_제2고려호_선원실종사건","인명사상","인명사상_어선_제2고려호_선원실종사건.pdf"
143,"인명사상_어선_제2성화호_선원부상사건","인명사상","인명사상_어선_제2성화호_선원부상사건.pdf"
144,"인명사상_어선_제2창성호_선원실종사건","인명사상","인명사상_어선_제2창성호_선원실종사건.pdf"
145,"인명사상_어선_제2천양호_선원부상사건","인명사상","인명사상_어선_제2천양호_선원부상사건.hwp"
146,"인명사상_어선_제302용선호_선원부상사건","인명사상","인명사상_어선_제302용선호_선원부상사건.hwpx"
147,"인명사상_어선_제306민금호_선원부상사건","인명사상","인명사상_어선_제306민금호_선원부상사건.hwp"
148,"인명사상_어선_제306민금호_선원사망사건","인명사상","인명사상_어선_제306민금호_선원사망사건.hwp"
149,"인명사상_어선_제307상진호_선원부상사건","인명사상","인명사상_어선_제307상진호_선원부상사건.hwp"
150,"인명사상_어선_제307영용호_선원사망사건","인명사상","인명사상_어선_제307영용호_선원사망사건.hwp"
151,"인명사상_어선_제309부영호_선원사망사건","인명사상","인명사상_어선_제309부영호_선원사망사건.hwp"
152,"인명사상_어선_제311길령호_선원사망사건","인명사상","인명사상_어선_제311길령호_선원사망사건.hwp"
153,"인명사상_어선_제31금영호_선원부상사건","인명사상","인명사상_어선_제31금영호_선원부상사건.hwpx"
154,"인명사상_어선_제31금영호_선원실종사건","인명사상","인명사상_어선_제31금영호_선원실종사건.hwp"
155,"인명사상_어선_제322광덕호_선원부상사건","인명사상","인명사상_어선_제322광덕호_선원부상사건.pdf"
156,"인명사상_어선_제33동익호_선원사망사건","인명사상","인명사상_어선_제33동익호_선원사망사건.hwp"
157,"인명사상_어선_제33영신호_선원사망사건","인명사상","인명사상_어선_제33영신호_선원사망사건.hwp"
158,"인명사상_어선_제33창남호_선원사상사건","인명사상","인명사상_어선_제33창남호_선원사상사건.hwp"
159,"인명사상_어선_제388미래호_선원사망사건","인명사상","인명사상_어선_제388미래호_선원사망사건.hwpx"
160,"인명사상_어선_제38미래호_선원부상사건","인명사상","인명사상_어선_제38미래호_선원부상사건.hwpx"
161,"인명사상_어선_제3명신호_선원사망사건","인명사상","인명사상_어선_제3명신호_선원사망사건.hwp"
162,"인명사상_어선_제505한진호_선원부상사건","인명사상","인명사상_어선_제505한진호_선원부상사건.hwp"
163,"인명사상_어선_제505협신호_선원사망사건","인명사상","인명사상_어선_제505협신호_선원사망사건.hwp"
164,"인명사상_어선_제505협신호_선원사망사건_1","인명사상","인명사상_어선_제505협신호_선원사망사건_1.hwp"
165,"인명사상_어선_제608승진호_선원사망사건","인명사상","인명사상_어선_제608승진호_선원사망사건.hwp"
166,"인명사상_어선_제608승진호_선원사망사건_1","인명사상","인명사상_어선_제608승진호_선원사망사건_1.hwp"
167,"인명사상_어선_제609천금호_선원부상사건","인명사상","인명사상_어선_제609천금호_선원부상사건.hwp"
168,"인명사상_어선_제707우성호_잠수부사망사건","인명사상","인명사상_어선_제707우성호_잠수부사망사건.hwpx"
169,"인명사상_어선_제72해영호_선원사망사건","인명사상","인명사상_어선_제72해영호_선원사망사건.hwp"
170,"인명사상_어선_제77태광호_선원부상사건","인명사상","인명사상_어선_제77태광호_선원부상사건.pdf"
171,"인명사상_어선_제793금정호_선원실종사건","인명사상","인명사상_어선_제793금정호_선원실종사건.pdf"
172,"인명사상_어선_제7대성호_선원사망사건","인명사상","인명사상_어선_제7대성호_선원사망사건.hwp"
173,"인명사상_어선_제7만복호_선원사망사건","인명사상","인명사상_어선_제7만복호_선원사망사건.hwp"
174,"인명사상_어선_제7조흥호_선원사망사건","인명사상","인명사상_어선_제7조흥호_선원사망사건.pdf"
175,"인명사상_어선_제7환경호_선원부상사건","인명사상","인명사상_어선_제7환경호_선원부상사건.hwp"
176,"인명사상_어선_제802덕해호_선원부상사건","인명사상","인명사상_어선_제802덕해호_선원부상사건.hwpx"
177,"인명사상_어선_제809주영호_선원부상사건","인명사상","인명사상_어선_제809주영호_선원부상사건.hwp"
178,"인명사상_어선_제809주영호_선원사망사건","인명사상","인명사상_어선_제809주영호_선원사망사건.hwp"
179,"인명사상_어선_제909주영호_선원실종사건","인명사상","인명사상_어선_제909주영호_선원실종사건.hwp"
180,"인명사상_어선_제99부영호_선원사망사건","인명사상","인명사상_어선_제99부영호_선원사망사건.hwp"
181,"인명사상_어선_제99희영호_선원부상사건","인명사상","인명사상_어선_제99희영호_선원부상사건.hwp"
182,"인명사상_어선_주용호_선원사망사건","인명사상","인명사상_어선_주용호_선원사망사건.pdf"
183,"인명사상_어선_창덕호_선원부상사건","인명사상","인명사상_어선_창덕호_선원부상사건.pdf"
184,"인명사상_어선_창오호_선원사망사건","인명사상","인명사상_어선_창오호_선원사망사건.hwp"
185,"인명사상_어선_천금호_선원사망사건","인명사상","인명사상_어선_천금호_선원사망사건.hwp"
186,"인명사상_어선_천일호_선원사망사건","인명사상","인명사상_어선_천일호_선원사망사건.pdf"
187,"인명사상_어선_청강호_선원사망사건","인명사상","인명사상_어선_청강호_선원사망사건.pdf"
188,"인명사상_어선_청용호_잠수부사망사건","인명사상","인명사상_어선_청용호_잠수부사망사건.hwp"
189,"인명사상_어선_통일호_선원사망사건","인명사상","인명사상_어선_통일호_선원사망사건.pdf"
190,"인명사상_어선_한별호_선원사망사건","인명사상","인명사상_어선_한별호_선원사망사건.pdf"
191,"인명사상_어선_해성호_선원사망사건","인명사상","인명사상_어선_해성호_선원사망사건.hwpx"
192,"인명사상_어선_현대호_선원사상사건","인명사상","인명사상_어선_현대호_선원사상사건.pdf"
193,"인명사상_어선_화영호_선원사망사건","인명사상","인명사상_어선_화영호_선원사망사건.hwp"
194,"인명사상_어업지도선_무궁화37호_선원사망사건","인명사상","인명사상_어업지도선_무궁화37호_선원사망사건.hwpx"
195,"인명사상_예선_바다2호_선원사망사건","인명사상","인명사상_예선_바다2호_선원사망사건.hwp"
196,"인명사상_예인선_101한진호_선원부상사건","인명사상","인명사상_예인선_101한진호_선원부상사건.hwp"
197,"인명사상_예인선_101한진호_선원사망사건","인명사상","인명사상_예인선_101한진호_선원사망사건.pdf"
198,"인명사상_예인선_2002해영_선원사망사건","인명사상","인명사상_예인선_2002해영_선원사망사건.hwp"
199,"인명사상_예인선_77신정호_선원부상사건","인명사상","인명사상_예인선_77신정호_선원부상사건.hwp"
200,"인명사상_예인선_건우1200호_선원사망사건","인명사상","인명사상_예인선_건우1200호_선원사망사건.hwp"
201,"인명사상_예인선_용진_선원부상사건","인명사상","인명사상_예인선_용진_선원부상사건.hwp"
202,"인명사상_예인선_재원3호_선원부상사건","인명사상","인명사상_예인선_재원3호_선원부상사건.pdf"
203,"인명사상_예인선_전남912호의_피예인부선_6001고려호_선원사망사건","인명사상","인명사상_예인선_전남912호의_피예인부선_6001고려호_선원사망사건.hwpx"
204,"인명사상_예인선_제201동성호_선원사망사건","인명사상","인명사상_예인선_제201동성호_선원사망사건.hwp"
205,"인명사상_예인선_제3001광진호_선원사망사건","인명사상","인명사상_예인선_제3001광진호_선원사망사건.hwp"
206,"인명사상_예인선_태양25호_선원부상사건","인명사상","인명사상_예인선_태양25호_선원부상사건.hwpx"
207,"인명사상_예인선_해성1호_잠수사사망사건","인명사상","인명사상_예인선_해성1호_잠수사사망사건.hwp"
208,"인명사상_예인선_현대쥬베일호_선원사망사건","인명사상","인명사상_예인선_현대쥬베일호_선원사망사건.hwp"
209,"인명사상_예인선_현대쥬베일호_선원사망사건","인명사상","인명사상_예인선_현대쥬베일호_선원사망사건.pdf"
210,"인명사상_예인선_효종호_선원사망사건","인명사상","인명사상_예인선_효종호_선원사망사건.hwp"
211,"인명사상_원양어선_사조_패밀리아호_선원사망사건","인명사상","인명사상_원양어선_사조_패밀리아호_선원사망사건.hwp"
212,"인명사상_원양어선_세인_파이오니아호_선원사망사건","인명사상","인명사상_원양어선_세인_파이오니아호_선원사망사건.hwpx"
213,"인명사상_원양어선_슐에스테701호_선원사망사건","인명사상","인명사상_원양어선_슐에스테701호_선원사망사건.hwpx"
214,"인명사상_유류_및_액체화학품_산적운반선_한림에이스_선원사망사건","인명사상","인명사상_유류_및_액체화학품_산적운반선_한림에이스_선원사망사건.hwp"
215,"인명사상_유류_및_액체화학품산적운반선_아라하나_선원사망사건","인명사상","인명사상_유류_및_액체화학품산적운반선_아라하나_선원사망사건.hwp"
216,"인명사상_일반화물선_썬_이스턴_도선사_사망사건","인명사상","인명사상_일반화물선_썬_이스턴_도선사_사망사건.hwpx"
217,"인명사상_일반화물선_제27금진호_줄잡이원부상사건","인명사상","인명사상_일반화물선_제27금진호_줄잡이원부상사건.hwpx"
218,"인명사상_일반화물선_제니스로얄호_선원사망사건","인명사상","인명사상_일반화물선_제니스로얄호_선원사망사건.pdf"
219,"인명사상_일반화물선_통마오6_화물감정사_사망사건","인명사상","인명사상_일반화물선_통마오6_화물감정사_사망사건.hwpx"
220,"인명사상_컨테이너선_홍콩_보이저_선원사망사건","인명사상","인명사상_컨테이너선_홍콩_보이저_선원사망사건.pdf"
221,"인명사상_통선_백조102호_승객사망사건","인명사상","인명사상_통선_백조102호_승객사망사건.hwp"
222,"인명사상_통선_제1동양호_승객사망사건","인명사상","인명사상_통선_제1동양호_승객사망사건.hwp"
223,"인명사상_통선_제3성원호_승객사망사건","인명사상","인명사상_통선_제3성원호_승객사망사건.pdf"
224,"전복_공사작업용부선_동방2005호_전복사건","전복","전복_공사작업용부선_동방2005호_전복사건.hwpx"
225,"전복_모터보트_마린스포츠호_전복사건","전복","전복_모터보트_마린스포츠호_전복사건.pdf"
226,"전복_모터보트_송광2호_전복사건","전복","전복_모터보트_송광2호_전복사건.pdf"
227,"전복_모터보트_혜성호_전복사건","전복","전복_모터보트_혜성호_전복사건.pdf"
228,"전복_어선_153해월호_전복사건","전복","전복_어선_153해월호_전복사건.hwpx"
229,"전복_어선_2006만진호_전복사건","전복","전복_어선_2006만진호_전복사건.hwp"
230,"전복_어선_2008만선호_전복사건","전복","전복_어선_2008만선호_전복사건.hwpx"
231,"전복_어선_7대봉산호_전복사건","전복","전복_어선_7대봉산호_전복사건.pdf"
232,"전복_어선_85대양호_전복사건","전복","전복_어선_85대양호_전복사건.pdf"
233,"전복_어선_대광호_전복사건","전복","전복_어선_대광호_전복사건.hwpx"
234,"전복_어선_동진호_전복사건","전복","전복_어선_동진호_전복사건.pdf"
235,"전복_어선_순경7호_전복사건","전복","전복_어선_순경7호_전복사건.pdf"
236,"전복_어선_영광호_전복사건","전복","전복_어선_영광호_전복사건.hwp"
237,"전복_어선_제0519복길호_전복사건","전복","전복_어선_제0519복길호_전복사건.hwpx"
238,"전복_어선_제102해진호_전복사건","전복","전복_어선_제102해진호_전복사건.hwpx"
239,"전복_어선_제105동건호_전복사건","전복","전복_어선_제105동건호_전복사건.hwpx"
240,"전복_어선_제136다누리호_전복사건","전복","전복_어선_제136다누리호_전복사건.pdf"
241,"전복_어선_제1부경호_전복사건","전복","전복_어선_제1부경호_전복사건.hwp"
242,"전복_어선_제2014민성호_전복사건","전복","전복_어선_제2014민성호_전복사건.hwp"
243,"전복_어선_제207남양호_전복사건","전복","전복_어선_제207남양호_전복사건.hwp"
244,"전복_어선_제2해신호_전복사건","전복","전복_어선_제2해신호_전복사건.hwpx"
245,"전복_어선_제32명민호_전복사건","전복","전복_어선_제32명민호_전복사건.hwp"
246,"전복_어선_제7074창진호_전복사건","전복","전복_어선_제7074창진호_전복사건.hwp"
247,"전복_어선_제708만복호_전복사건","전복","전복_어선_제708만복호_전복사건.hwp"
248,"전복_어선_진곤호_전복사건","전복","전복_어선_진곤호_전복사건.hwp"
249,"전복_어선_청보호_전복사건","전복","전복_어선_청보호_전복사건.hwpx"
250,"전복_어선_해광호_전복사건","전복","전복_어선_해광호_전복사건.pdf"
251,"전복_어선_해성호_전복사건","전복","전복_어선_해성호_전복사건.pdf"
252,"전복_여객선_플라잉카페리호에_의한_어선_대동2호_전복사건","전복","전복_여객선_플라잉카페리호에_의한_어선_대동2호_전복사건.pdf"
253,"전복_예인선_101유한_전복사건","전복","전복_예인선_101유한_전복사건.hwp"
254,"전복_예인선_153강성5호의_피예인부선_강성3500호_전복사건","전복","전복_예인선_153강성5호의_피예인부선_강성3500호_전복사건.hwp"
255,"전복_예인선_우성호의_피예인부선_연안호_전복사건","전복","전복_예인선_우성호의_피예인부선_연안호_전복사건.hwp"
256,"전복_예인선_웅진티-3600호_전복사건","전복","전복_예인선_웅진티-3600호_전복사건.hwpx"
257,"전복_예인선_재원1호의_피예인부선_미래9003호_전복사건","전복","전복_예인선_재원1호의_피예인부선_미래9003호_전복사건.pdf"
258,"전복_자동차운반선_골든레이_전도(전복)사건","전복","전복_자동차운반선_골든레이_전도(전복)사건.hwpx"
259,"접촉_기타선(실습선)_세계로_등부표_접촉사건","접촉","접촉_기타선(실습선)_세계로_등부표_접촉사건.hwpx"
260,"접촉_기타선_강남티-3호_양식장접촉사건","접촉","접촉_기타선_강남티-3호_양식장접촉사건.hwp"
261,"접촉_낚시어선_뉴여명호_갯바위_접촉사건","접촉","접촉_낚시어선_뉴여명호_갯바위_접촉사건.hwp"
262,"접촉_낚시어선_모하비호_거가대교_교각접촉사건","접촉","접촉_낚시어선_모하비호_거가대교_교각접촉사건.hwp"
263,"접촉_낚시어선_세진호_등부표접촉사건","접촉","접촉_낚시어선_세진호_등부표접촉사건.hwp"
264,"접촉_낚시어선_씨엔피대물2호_부두접촉사건","접촉","접촉_낚시어선_씨엔피대물2호_부두접촉사건.hwp"
265,"접촉_낚시어선_준성호_해상펜션구조물_접촉사건","접촉","접촉_낚시어선_준성호_해상펜션구조물_접촉사건.hwp"
266,"접촉_낚시어선_챌린지피싱호_돌핀접촉사건","접촉","접촉_낚시어선_챌린지피싱호_돌핀접촉사건.pdf"
267,"접촉_낚시어선_챔프호_신거제대교_교각접촉사건","접촉","접촉_낚시어선_챔프호_신거제대교_교각접촉사건.hwpx"
268,"접촉_낚시어선_챔피언호_교각공사시설_접촉사건","접촉","접촉_낚시어선_챔피언호_교각공사시설_접촉사건.pdf"
269,"접촉_낚시어선_푸른바다호_교각접촉사건","접촉","접촉_낚시어선_푸른바다호_교각접촉사건.pdf"
270,"접촉_낚시어선_허리케인호_거가대교_교각접촉사건","접촉","접촉_낚시어선_허리케인호_거가대교_교각접촉사건.hwp"
271,"접촉_산적화물선_엘스_하동항_부두_하역기_접촉사건","접촉","접촉_산적화물선_엘스_하동항_부두_하역기_접촉사건.hwpx"
272,"접촉_산적화물선_윌리엄_올덴도르프_부두접촉사건","접촉","접촉_산적화물선_윌리엄_올덴도르프_부두접촉사건.pdf"
273,"접촉_산적화물선_플레차_부두접촉사건(공개용_재결서)","접촉","접촉_산적화물선_플레차_부두접촉사건(공개용_재결서).pdf"
274,"접촉_석유제품운반선_삼진1호_방파제접촉사건","접촉","접촉_석유제품운반선_삼진1호_방파제접촉사건.hwpx"
275,"접촉_석유제품운반선_유성호_양식장_접촉사건","접촉","접촉_석유제품운반선_유성호_양식장_접촉사건.hwp"
276,"접촉_어선_개척2호_암벽접촉사건","접촉","접촉_어선_개척2호_암벽접촉사건.pdf"
277,"접촉_어선_광영호_방파제_접촉사건","접촉","접촉_어선_광영호_방파제_접촉사건.hwp"
278,"접촉_어선_제101평진호_등부표접촉사건","접촉","접촉_어선_제101평진호_등부표접촉사건.hwp"
279,"접촉_어선_제108제일호_문도해상기상탑_접촉사건","접촉","접촉_어선_제108제일호_문도해상기상탑_접촉사건.hwp"
280,"접촉_어선_제22대양호의_피예인어선_제201윤경호_울돌목_조류발전기지_접ᄎ_80e306e1","접촉","접촉_어선_제22대양호의_피예인어선_제201윤경호_울돌목_조류발전기지_접ᄎ_80e306e1.hwpx"
281,"접촉_여객선_샹쉐란_부두접촉사건","접촉","접촉_여객선_샹쉐란_부두접촉사건.pdf"
282,"접촉_예인선_153강성호5호_양식장_접촉사건","접촉","접촉_예인선_153강성호5호_양식장_접촉사건.hwp"
283,"접촉_예인선_303고려호의_피예인부선_5005영빈호_시아해등부표접촉사건","접촉","접촉_예인선_303고려호의_피예인부선_5005영빈호_시아해등부표접촉사건.hwp"
284,"접촉_예인선_광진107호_부두접촉사건","접촉","접촉_예인선_광진107호_부두접촉사건.pdf"
285,"접촉_예인선_대승105호의_피예인부선_대승2호_울돌목_조류발전소_접촉사건","접촉","접촉_예인선_대승105호의_피예인부선_대승2호_울돌목_조류발전소_접촉사건.hwpx"
286,"접촉_예인선_삼양305호의_피예인항만건설작업용기중기부선_아주450호_거_3fa1ee7d","접촉","접촉_예인선_삼양305호의_피예인항만건설작업용기중기부선_아주450호_거_3fa1ee7d.hwp"
287,"접촉_예인선_서진호의_피예인부선_광진6001호_울돌목_조류발전기지_접촉_446d4c6c","접촉","접촉_예인선_서진호의_피예인부선_광진6001호_울돌목_조류발전기지_접촉_446d4c6c.hwp"
288,"접촉_예인선_안진1호_앵커체인_접촉사건","접촉","접촉_예인선_안진1호_앵커체인_접촉사건.hwp"
289,"접촉_예인선_울산705호의_피예인선_울산10001호_송전선접촉사건","접촉","접촉_예인선_울산705호의_피예인선_울산10001호_송전선접촉사건.hwpx"
290,"접촉_예인선_제1태양호의_피예인선_제1영화호_테트라포드_접촉사건","접촉","접촉_예인선_제1태양호의_피예인선_제1영화호_테트라포드_접촉사건.pdf"
291,"접촉_예인선_하준티-1호의_피예인부선_와이케이에스비-17_부두접촉사건","접촉","접촉_예인선_하준티-1호의_피예인부선_와이케이에스비-17_부두접촉사건.pdf"
292,"접촉_유람선_해금강2호_선착장_접촉사건","접촉","접촉_유람선_해금강2호_선착장_접촉사건.hwp"
293,"접촉_유선_한강아라_마포대교_접촉사건","접촉","접촉_유선_한강아라_마포대교_접촉사건.pdf"
294,"접촉_유조선_동아_테미스_부두접촉사건","접촉","접촉_유조선_동아_테미스_부두접촉사건.hwp"
295,"접촉_일반화물선_제25금진호_부두시설접촉사건","접촉","접촉_일반화물선_제25금진호_부두시설접촉사건.hwp"
296,"접촉_카페리여객선_송림블루오션_부두접촉사건","접촉","접촉_카페리여객선_송림블루오션_부두접촉사건.hwp"
297,"접촉_카페리여객선_슬로아일랜드_등부표_접촉사건","접촉","접촉_카페리여객선_슬로아일랜드_등부표_접촉사건.hwpx"
298,"접촉_카페리여객선_한일골드스텔라_부두접촉사건","접촉","접촉_카페리여객선_한일골드스텔라_부두접촉사건.hwp"
299,"접촉_컨테이너선_밀라노브릿지_부산신항_크레인_접촉사건","접촉","접촉_컨테이너선_밀라노브릿지_부산신항_크레인_접촉사건.hwp"
300,"접촉_컨테이너선_밀라노브릿지_부산신항_크레인_접촉사건_1","접촉","접촉_컨테이너선_밀라노브릿지_부산신항_크레인_접촉사건_1.hwp"
301,"접촉_컨테이너선_스카이_챌린지_방파제접촉사건","접촉","접촉_컨테이너선_스카이_챌린지_방파제접촉사건.hwp"
302,"접촉_컨테이너선_스타_익스프레스_부두시설_접촉사건","접촉","접촉_컨테이너선_스타_익스프레스_부두시설_접촉사건.hwp"
303,"접촉_컨테이너선_칭다오_트레이더_부두시설_접촉사건","접촉","접촉_컨테이너선_칭다오_트레이더_부두시설_접촉사건.hwp"
304,"접촉_컨테이너선_케이엠티씨_다롄_부두접촉사건","접촉","접촉_컨테이너선_케이엠티씨_다롄_부두접촉사건.pdf"
305,"접촉_컨테이너운반선_하카타_보이저_기상부이_접촉사건","접촉","접촉_컨테이너운반선_하카타_보이저_기상부이_접촉사건.hwp"
306,"접촉_케미컬운반선_나비그8_스카이_부두접촉사건","접촉","접촉_케미컬운반선_나비그8_스카이_부두접촉사건.hwp"
307,"접촉_화물_및_카페리선_케이에스_헤르메스호_방파제_접촉사건","접촉","접촉_화물_및_카페리선_케이에스_헤르메스호_방파제_접촉사건.hwp"
308,"좌초_낚시어선_구룡호_좌초사건","좌초","좌초_낚시어선_구룡호_좌초사건.hwp"
309,"좌초_낚시어선_나이키호_좌초사건","좌초","좌초_낚시어선_나이키호_좌초사건.pdf"
310,"좌초_낚시어선_돌핀호_좌초사건","좌초","좌초_낚시어선_돌핀호_좌초사건.pdf"
311,"좌초_낚시어선_동바루호_좌초사건","좌초","좌초_낚시어선_동바루호_좌초사건.hwpx"
312,"좌초_낚시어선_동우호_좌초사건","좌초","좌초_낚시어선_동우호_좌초사건.hwpx"
313,"좌초_낚시어선_라이트호_좌초사건","좌초","좌초_낚시어선_라이트호_좌초사건.pdf"
314,"좌초_낚시어선_레드스카이호_좌초사건","좌초","좌초_낚시어선_레드스카이호_좌초사건.pdf"
315,"좌초_낚시어선_세븐피싱호_좌초사건","좌초","좌초_낚시어선_세븐피싱호_좌초사건.hwp"
316,"좌초_낚시어선_오션마스터호_좌초사건","좌초","좌초_낚시어선_오션마스터호_좌초사건.hwpx"
317,"좌초_낚시어선_은갈치호_좌초사건","좌초","좌초_낚시어선_은갈치호_좌초사건.hwp"
318,"좌초_낚시어선_제주사랑호_좌초사건","좌초","좌초_낚시어선_제주사랑호_좌초사건.hwp"
319,"좌초_낚시어선_조광호_좌초사건","좌초","좌초_낚시어선_조광호_좌초사건.pdf"
320,"좌초_낚시어선_지귀도피싱호_좌초사건","좌초","좌초_낚시어선_지귀도피싱호_좌초사건.hwp"
321,"좌초_낚시어선_진스타호_좌초사건","좌초","좌초_낚시어선_진스타호_좌초사건.hwp"
322,"좌초_낚시어선_짱구피싱호_좌초사건","좌초","좌초_낚시어선_짱구피싱호_좌초사건.pdf"
323,"좌초_낚시어선_초이스호_좌초사건","좌초","좌초_낚시어선_초이스호_좌초사건.pdf"
324,"좌초_낚시어선_테슬란호_좌초사건","좌초","좌초_낚시어선_테슬란호_좌초사건.pdf"
325,"좌초_낚시어선_피싱랜드호_좌초사건","좌초","좌초_낚시어선_피싱랜드호_좌초사건.hwpx"
326,"좌초_낚시어선_한바다호_좌초사건","좌초","좌초_낚시어선_한바다호_좌초사건.hwp"
327,"좌초_모래운반선_505삼일호_좌초사건","좌초","좌초_모래운반선_505삼일호_좌초사건.hwpx"
328,"좌초_모터보트_라운지_부유물_감김으로_인한_좌초사건","좌초","좌초_모터보트_라운지_부유물_감김으로_인한_좌초사건.hwp"
329,"좌초_산적화물선_라이아테아_좌초사건","좌초","좌초_산적화물선_라이아테아_좌초사건.pdf"
330,"좌초_산적화물선_신롱_좌초사건","좌초","좌초_산적화물선_신롱_좌초사건.hwpx"
331,"좌초_산적화물선_케이씨_하동_좌초사건","좌초","좌초_산적화물선_케이씨_하동_좌초사건.hwpx"
332,"좌초_시멘트운반선_한라1호_좌초사건","좌초","좌초_시멘트운반선_한라1호_좌초사건.hwpx"
333,"좌초_액화천연가스운반선_에스엠_골든이글_좌초사건","좌초","좌초_액화천연가스운반선_에스엠_골든이글_좌초사건.hwpx"
334,"좌초_어선_2020안성호_좌초사건","좌초","좌초_어선_2020안성호_좌초사건.hwp"
335,"좌초_어선_21길성호_좌초사건","좌초","좌초_어선_21길성호_좌초사건.pdf"
336,"좌초_어선_303우진호_좌초사건","좌초","좌초_어선_303우진호_좌초사건.hwpx"
337,"좌초_어선_807현진호_좌초사건","좌초","좌초_어선_807현진호_좌초사건.hwp"
338,"좌초_어선_9009경진호_좌초사건","좌초","좌초_어선_9009경진호_좌초사건.hwp"
339,"좌초_어선_경신호_좌초사건","좌초","좌초_어선_경신호_좌초사건.hwp"
340,"좌초_어선_경인3호_좌초사건","좌초","좌초_어선_경인3호_좌초사건.hwpx"
341,"좌초_어선_금화3호_좌초사건","좌초","좌초_어선_금화3호_좌초사건.hwp"
342,"좌초_어선_기흥호_좌초사건","좌초","좌초_어선_기흥호_좌초사건.hwp"
343,"좌초_어선_대명호_좌초사건","좌초","좌초_어선_대명호_좌초사건.hwp"
344,"좌초_어선_대창호_좌초사건","좌초","좌초_어선_대창호_좌초사건.hwp"
345,"좌초_어선_덕명호_좌초사건","좌초","좌초_어선_덕명호_좌초사건.hwp"
346,"좌초_어선_동광호_좌초사건","좌초","좌초_어선_동광호_좌초사건.hwpx"
347,"좌초_어선_라온호_좌초사건","좌초","좌초_어선_라온호_좌초사건.hwp"
348,"좌초_어선_만경호_좌초사건","좌초","좌초_어선_만경호_좌초사건.hwp"
349,"좌초_어선_매일호_좌초사건","좌초","좌초_어선_매일호_좌초사건.hwp"
350,"좌초_어선_방주1호_좌초사건","좌초","좌초_어선_방주1호_좌초사건.hwp"
351,"좌초_어선_방주호_좌초사건","좌초","좌초_어선_방주호_좌초사건.hwp"
352,"좌초_어선_서온호_좌초사건","좌초","좌초_어선_서온호_좌초사건.hwp"
353,"좌초_어선_세주호_좌초사건","좌초","좌초_어선_세주호_좌초사건.pdf"
354,"좌초_어선_어선호_좌초사건","좌초","좌초_어선_어선호_좌초사건.hwp"
355,"좌초_어선_정일호_좌초사건","좌초","좌초_어선_정일호_좌초사건.pdf"
356,"좌초_어선_제102영선호_좌초사건","좌초","좌초_어선_제102영선호_좌초사건.hwpx"
357,"좌초_어선_제105신광호_좌초사건","좌초","좌초_어선_제105신광호_좌초사건.pdf"
358,"좌초_어선_제11동일호_좌초사건","좌초","좌초_어선_제11동일호_좌초사건.hwp"
359,"좌초_어선_제156대화호_촤조사건","좌초","좌초_어선_제156대화호_촤조사건.hwpx"
360,"좌초_어선_제2019덕성호_좌초사건","좌초","좌초_어선_제2019덕성호_좌초사건.hwp"
361,"좌초_어선_제203남해호_좌초사건","좌초","좌초_어선_제203남해호_좌초사건.hwp"
362,"좌초_어선_제26남성호_좌초사건","좌초","좌초_어선_제26남성호_좌초사건.hwp"
363,"좌초_어선_제3금진호_좌초사건","좌초","좌초_어선_제3금진호_좌초사건.hwpx"
364,"좌초_어선_제5해창호_좌초사건","좌초","좌초_어선_제5해창호_좌초사건.hwp"
365,"좌초_어선_제66함성호_좌초사건","좌초","좌초_어선_제66함성호_좌초사건.hwpx"
366,"좌초_어선_제83양진호_좌초사건","좌초","좌초_어선_제83양진호_좌초사건.hwp"
367,"좌초_어선_제99동명호_좌초사건","좌초","좌초_어선_제99동명호_좌초사건.pdf"
368,"좌초_어선_지영호_좌초사건","좌초","좌초_어선_지영호_좌초사건.hwp"
369,"좌초_어선_창원호_좌초사건","좌초","좌초_어선_창원호_좌초사건.hwp"
370,"좌초_어선_창원호_좌초사건","좌초","좌초_어선_창원호_좌초사건.pdf"
371,"좌초_어선_청룡호_좌초사건","좌초","좌초_어선_청룡호_좌초사건.hwpx"
372,"좌초_어선_청운호_좌초사건","좌초","좌초_어선_청운호_좌초사건.hwp"
373,"좌초_어선_팔팔호_전복사건","좌초","좌초_어선_팔팔호_전복사건.hwp"
374,"좌초_어선_평은77호_좌초사건","좌초","좌초_어선_평은77호_좌초사건.hwp"
375,"좌초_어선_해성호_좌초사건","좌초","좌초_어선_해성호_좌초사건.pdf"
376,"좌초_어선_해영호_좌초사건","좌초","좌초_어선_해영호_좌초사건.hwpx"
377,"좌초_여객선_북도고속페리호_좌초사건","좌초","좌초_여객선_북도고속페리호_좌초사건.pdf"
378,"좌초_여객선_북도고속페리호_좌초사건_1","좌초","좌초_여객선_북도고속페리호_좌초사건_1.pdf"
379,"좌초_예인선_202피닉스호_좌초사건","좌초","좌초_예인선_202피닉스호_좌초사건.pdf"
380,"좌초_예인선_대인호_좌초사건","좌초","좌초_예인선_대인호_좌초사건.hwpx"
381,"좌초_예인선_대인호_좌초사건_1","좌초","좌초_예인선_대인호_좌초사건_1.hwpx"
382,"좌초_예인선_동명11호의_피예인부선_에스디2100호_좌초사건","좌초","좌초_예인선_동명11호의_피예인부선_에스디2100호_좌초사건.hwp"
383,"좌초_예인선_성원3호_좌초사건","좌초","좌초_예인선_성원3호_좌초사건.pdf"
384,"좌초_예인선_우국티5호의_피예인부선_금오7호_좌초사건","좌초","좌초_예인선_우국티5호의_피예인부선_금오7호_좌초사건.hwp"
385,"좌초_예인선_울산705호_좌초사건(약식)","좌초","좌초_예인선_울산705호_좌초사건(약식).hwp"
386,"좌초_예인선_해건티1호의_피예인부선_해건9001호_좌초사건","좌초","좌초_예인선_해건티1호의_피예인부선_해건9001호_좌초사건.hwpx"
387,"좌초_일반화물선_대호제주_좌초사건(약식)","좌초","좌초_일반화물선_대호제주_좌초사건(약식).hwp"
388,"좌초_일반화물선_오성3호_좌초사건","좌초","좌초_일반화물선_오성3호_좌초사건.hwp"
389,"좌초_준설선_조원G-13호_좌초사건","좌초","좌초_준설선_조원G-13호_좌초사건.hwp"
390,"좌초_카페리여객선_섬사랑11호_좌초사건","좌초","좌초_카페리여객선_섬사랑11호_좌초사건.hwp"
391,"좌초_카페리여객선_섬사랑6호_좌초사건","좌초","좌초_카페리여객선_섬사랑6호_좌초사건.hwp"
392,"좌초_컨테이너선_써니메이플호_좌초사건","좌초","좌초_컨테이너선_써니메이플호_좌초사건.hwpx"
393,"좌초_통선_산막이1호_좌초사건","좌초","좌초_통선_산막이1호_좌초사건.pdf"
394,"추진축계손상_도선_여수경도골프앤리조트호_추진축계손상사건","추진축계손상","추진축계손상_도선_여수경도골프앤리조트호_추진축계손상사건.hwp"
395,"추진축계손상_유선_새만금호_추친축계손상사건","추진축계손상","추진축계손상_유선_새만금호_추친축계손상사건.pdf"
396,"추진축계손상_이접안용예선_대동11호_추진축계_손상사건","추진축계손상","추진축계손상_이접안용예선_대동11호_추진축계_손상사건.pdf"
397,"충돌_군함_마라도함_원양어선_제718오룡호_충돌사건","충돌","충돌_군함_마라도함_원양어선_제718오룡호_충돌사건.hwp"
398,"충돌_군함_박동진함&어선_제808서창호_충돌사건","충돌","충돌_군함_박동진함&어선_제808서창호_충돌사건.hwp"
399,"충돌_군함_서울함_도선선_태창6호_충돌사건","충돌","충돌_군함_서울함_도선선_태창6호_충돌사건.hwp"
400,"충돌_급수선_대명11호,_어선_대진호_충돌사건","충돌","충돌_급수선_대명11호,_어선_대진호_충돌사건.hwp"
401,"충돌_기타선_두루미호_·_어선_제3만성호_충돌사건","충돌","충돌_기타선_두루미호_·_어선_제3만성호_충돌사건.hwp"
402,"충돌_기타선_코롤2호,_일반화물선_엠엠러너_충돌사건","충돌","충돌_기타선_코롤2호,_일반화물선_엠엠러너_충돌사건.hwpx"
403,"충돌_낚시어선_500형빈호,_모터보트_킹스마린호_충돌사건","충돌","충돌_낚시어선_500형빈호,_모터보트_킹스마린호_충돌사건.hwp"
404,"충돌_낚시어선_금강호,_부선_창신2002호_충돌사건","충돌","충돌_낚시어선_금강호,_부선_창신2002호_충돌사건.hwpx"
405,"충돌_낚시어선_금성피싱호&어선_수진호_충돌사건","충돌","충돌_낚시어선_금성피싱호&어선_수진호_충돌사건.hwp"
406,"충돌_낚시어선_기림호·어선_성화호_충돌사건","충돌","충돌_낚시어선_기림호·어선_성화호_충돌사건.hwp"
407,"충돌_낚시어선_나라2호,_무등록선박_충돌사건","충돌","충돌_낚시어선_나라2호,_무등록선박_충돌사건.hwpx"
408,"충돌_낚시어선_나라2호_무등록_선박_충돌사건","충돌","충돌_낚시어선_나라2호_무등록_선박_충돌사건.hwpx"
409,"충돌_낚시어선_뉴청해호,_낚시어선_이프로1호_충돌사건","충돌","충돌_낚시어선_뉴청해호,_낚시어선_이프로1호_충돌사건.hwpx"
410,"충돌_낚시어선_뉴해랑호-고무보트_딱따구리2호_충돌사건","충돌","충돌_낚시어선_뉴해랑호-고무보트_딱따구리2호_충돌사건.pdf"
411,"충돌_낚시어선_대복호_낚시어선_덕성호_충돌사건","충돌","충돌_낚시어선_대복호_낚시어선_덕성호_충돌사건.hwp"
412,"충돌_낚시어선_라온호,_낚시어선_대양1호_충돌사건","충돌","충돌_낚시어선_라온호,_낚시어선_대양1호_충돌사건.hwp"
413,"충돌_낚시어선_라온호_낚시어선_대양1호_충돌사건","충돌","충돌_낚시어선_라온호_낚시어선_대양1호_충돌사건.hwp"
414,"충돌_낚시어선_레전드호,_어선_진양호_충돌사건","충돌","충돌_낚시어선_레전드호,_어선_진양호_충돌사건.pdf"
415,"충돌_낚시어선_마스터1호,_모터보트_청해호_충돌사건","충돌","충돌_낚시어선_마스터1호,_모터보트_청해호_충돌사건.hwp"
416,"충돌_낚시어선_만물호·낚시어선_수덕호_충돌사건","충돌","충돌_낚시어선_만물호·낚시어선_수덕호_충돌사건.hwp"
417,"충돌_낚시어선_명진2호_어선_상진호_충돌사건","충돌","충돌_낚시어선_명진2호_어선_상진호_충돌사건.hwpx"
418,"충돌_낚시어선_몬스터호&어선_정운호_충돌사건","충돌","충돌_낚시어선_몬스터호&어선_정운호_충돌사건.hwp"
419,"충돌_낚시어선_배짱호-낚시어선_챌린지피싱호_충돌사건","충돌","충돌_낚시어선_배짱호-낚시어선_챌린지피싱호_충돌사건.pdf"
420,"충돌_낚시어선_베스트2호_어선_어양호_충돌사건","충돌","충돌_낚시어선_베스트2호_어선_어양호_충돌사건.hwp"
421,"충돌_낚시어선_블랙이글호,_모터보트_성진호_충돌사건","충돌","충돌_낚시어선_블랙이글호,_모터보트_성진호_충돌사건.hwpx"
422,"충돌_낚시어선_스마트2호.부선_제103백석호_충돌사건","충돌","충돌_낚시어선_스마트2호.부선_제103백석호_충돌사건.pdf"
423,"충돌_낚시어선_스텔라호_어선_동성호_충돌사건","충돌","충돌_낚시어선_스텔라호_어선_동성호_충돌사건.hwp"
424,"충돌_낚시어선_스텔라호어선_동성호_충돌사건","충돌","충돌_낚시어선_스텔라호어선_동성호_충돌사건.hwp"
425,"충돌_낚시어선_스피드호,_어선_풍정호_충돌사건","충돌","충돌_낚시어선_스피드호,_어선_풍정호_충돌사건.hwpx"
426,"충돌_낚시어선_시온호,_어선_97흥성호_충돌사건","충돌","충돌_낚시어선_시온호,_어선_97흥성호_충돌사건.hwpx"
427,"충돌_낚시어선_아레스호·낚시어선_길성3호_충돌사건","충돌","충돌_낚시어선_아레스호·낚시어선_길성3호_충돌사건.pdf"
428,"충돌_낚시어선_여수휴리호,_어선_진영호_충돌사건","충돌","충돌_낚시어선_여수휴리호,_어선_진영호_충돌사건.hwpx"
429,"충돌_낚시어선_오렌지호_낚시어선_포세이돈호_충돌사건","충돌","충돌_낚시어선_오렌지호_낚시어선_포세이돈호_충돌사건.hwp"
430,"충돌_낚시어선_용진호·모터보트_빛나리독수리호_충돌사건(공개용)","충돌","충돌_낚시어선_용진호·모터보트_빛나리독수리호_충돌사건(공개용).hwp"
431,"충돌_낚시어선_유빈호_모터보트_대양호_충돌사건","충돌","충돌_낚시어선_유빈호_모터보트_대양호_충돌사건.hwp"
432,"충돌_낚시어선_인성호_모터보트_윤진호_충돌사건","충돌","충돌_낚시어선_인성호_모터보트_윤진호_충돌사건.pdf"
433,"충돌_낚시어선_제1대영호_모터보트_여명호_충돌사건","충돌","충돌_낚시어선_제1대영호_모터보트_여명호_충돌사건.hwp"
434,"충돌_낚시어선_제우스호_어장관리선_용성호_충돌사건","충돌","충돌_낚시어선_제우스호_어장관리선_용성호_충돌사건.hwp"
435,"충돌_낚시어선_청광호,_낚시어선_플로렌스호_충돌사건","충돌","충돌_낚시어선_청광호,_낚시어선_플로렌스호_충돌사건.pdf"
436,"충돌_낚시어선_킹몬스터호,_어선_행복호_충돌사건","충돌","충돌_낚시어선_킹몬스터호,_어선_행복호_충돌사건.hwp"
437,"충돌_낚시어선_팀루비나호-고무보트_선명무_충돌사건","충돌","충돌_낚시어선_팀루비나호-고무보트_선명무_충돌사건.pdf"
438,"충돌_낚시어선_파트너호ㆍ부선_금신에스비2005호_충돌사건","충돌","충돌_낚시어선_파트너호ㆍ부선_금신에스비2005호_충돌사건.pdf"
439,"충돌_낚시어선_하나호·어선_솔섬호_충돌사건","충돌","충돌_낚시어선_하나호·어선_솔섬호_충돌사건.hwp"
440,"충돌_낚시어선_현대호,_어선_풍차호_충돌사건","충돌","충돌_낚시어선_현대호,_어선_풍차호_충돌사건.hwp"
441,"충돌_낚시어선_화성호_낚시어선_뉴웨이브호_충돌사건","충돌","충돌_낚시어선_화성호_낚시어선_뉴웨이브호_충돌사건.hwp"
442,"충돌_낚시어선_희망호,_모터보트_몽돌바당_충돌사건","충돌","충돌_낚시어선_희망호,_모터보트_몽돌바당_충돌사건.hwp"
443,"충돌_도선선_포항파일럿2호.어선_일성호_충돌사건","충돌","충돌_도선선_포항파일럿2호.어선_일성호_충돌사건.hwp"
444,"충돌_모래채취운반선_오션리프호,_일체형압항선_원진7호의_압항부선_ᄋ_787b3be3","충돌","충돌_모래채취운반선_오션리프호,_일체형압항선_원진7호의_압항부선_ᄋ_787b3be3.pdf"
445,"충돌_석유제품운반선_12삼부호_어선_제8세진호_충돌사건","충돌","충돌_석유제품운반선_12삼부호_어선_제8세진호_충돌사건.hwp"
446,"충돌_석유제품운반선_13대양,_어선_제207윤경호_충돌사건","충돌","충돌_석유제품운반선_13대양,_어선_제207윤경호_충돌사건.hwp"
447,"충돌_석유제품운반선_동명에이스호_어선_99흥원호_충돌사건","충돌","충돌_석유제품운반선_동명에이스호_어선_99흥원호_충돌사건.hwp"
448,"충돌_석유제품운반선_디엘_제이드·예인선_돌핀2호_충돌사건","충돌","충돌_석유제품운반선_디엘_제이드·예인선_돌핀2호_충돌사건.pdf"
449,"충돌_석유제품운반선_만수호_기타선_제1오복호_충돌사건","충돌","충돌_석유제품운반선_만수호_기타선_제1오복호_충돌사건.hwp"
450,"충돌_석유제품운반선_목림부산_예인선_금오티3호의_피예인부선_금오7001_7d4518fb","충돌","충돌_석유제품운반선_목림부산_예인선_금오티3호의_피예인부선_금오7001_7d4518fb.hwp"
451,"충돌_석유제품운반선_성진에이스호·_석유제품운반선_제96동방호_충ᄃ_3933e6e4","충돌","충돌_석유제품운반선_성진에이스호·_석유제품운반선_제96동방호_충ᄃ_3933e6e4.hwp"
452,"충돌_석유제품운반선_신성호_어선_제17만구호_충돌사건","충돌","충돌_석유제품운반선_신성호_어선_제17만구호_충돌사건.hwp"
453,"충돌_석유제품운반선_에이원·급수선_삼양201호_충돌사건","충돌","충돌_석유제품운반선_에이원·급수선_삼양201호_충돌사건.hwp"
454,"충돌_석유제품운반선_에이치와이_부산_어선_제319용천호_충돌사건","충돌","충돌_석유제품운반선_에이치와이_부산_어선_제319용천호_충돌사건.hwpx"
455,"충돌_석유제품운반선_유성·석유제품운반선_부광1호_충돌사건","충돌","충돌_석유제품운반선_유성·석유제품운반선_부광1호_충돌사건.hwp"
456,"충돌_석유제품운반선_유성호_낚시어선_매니아1호_충돌사건","충돌","충돌_석유제품운반선_유성호_낚시어선_매니아1호_충돌사건.hwp"
457,"충돌_석유제품운반선_제3남성호&어선_대왕호_충돌사건","충돌","충돌_석유제품운반선_제3남성호&어선_대왕호_충돌사건.hwp"
458,"충돌_석유제품운반선_제3남성호_어선_대왕호_충돌사건","충돌","충돌_석유제품운반선_제3남성호_어선_대왕호_충돌사건.hwp"
459,"충돌_석유제품운반선_제7보광호-어선_대영호_충돌사건","충돌","충돌_석유제품운반선_제7보광호-어선_대영호_충돌사건.hwp"
460,"충돌_석유제품운반선_카리스_낚시어선_선경호_충돌사건","충돌","충돌_석유제품운반선_카리스_낚시어선_선경호_충돌사건.hwp"
461,"충돌_석유제품운반선_태양호_어선_제505한진호_충돌사건","충돌","충돌_석유제품운반선_태양호_어선_제505한진호_충돌사건.hwpx"
462,"충돌_석유제품운반선_피브이티_넵튠,_석유제품운반선_글로리윈드_충_5823239d","충돌","충돌_석유제품운반선_피브이티_넵튠,_석유제품운반선_글로리윈드_충_5823239d.hwp"
463,"충돌_석유제품운반선·12삼부호_어선_쌍둥이호_충돌사건","충돌","충돌_석유제품운반선·12삼부호_어선_쌍둥이호_충돌사건.hwpx"
464,"충돌_세일링요트_나바다호_낚시어선_수성호_충돌사건","충돌","충돌_세일링요트_나바다호_낚시어선_수성호_충돌사건.hwp"
465,"충돌_세일링요트_나바다호·낚시어선_수성호_충돌사건","충돌","충돌_세일링요트_나바다호·낚시어선_수성호_충돌사건.hwp"
466,"충돌_세일링요트_니모호_전복사건","충돌","충돌_세일링요트_니모호_전복사건.hwp"
467,"충돌_시멘트운반선_근양호,_어선_제2003성재호_충돌사건","충돌","충돌_시멘트운반선_근양호,_어선_제2003성재호_충돌사건.hwpx"
468,"충돌_시멘트운반선_수성에이스호_어선_1신창호_충돌사건","충돌","충돌_시멘트운반선_수성에이스호_어선_1신창호_충돌사건.hwp"
469,"충돌_액화석유가스운반선_가스_유토피아_어선_샴시_충돌사건","충돌","충돌_액화석유가스운반선_가스_유토피아_어선_샴시_충돌사건.hwp"
470,"충돌_액화석유가스운반선_제9에스제이가스_케미칼운반선_케이티에스블루_89fde571","충돌","충돌_액화석유가스운반선_제9에스제이가스_케미칼운반선_케이티에스블루_89fde571.hwp"
471,"충돌_어선_103매일호-산적화물선_만다린차이나_충돌사건","충돌","충돌_어선_103매일호-산적화물선_만다린차이나_충돌사건.hwp"
472,"충돌_어선_107성보호·어선_제113웅천호_등_2척_충돌사건","충돌","충돌_어선_107성보호·어선_제113웅천호_등_2척_충돌사건.hwp"
473,"충돌_어선_1만복호&어선_금산호_충돌사건","충돌","충돌_어선_1만복호&어선_금산호_충돌사건.hwp"
474,"충돌_어선_2007연흥호,_냉동운반선_씽_유에_충돌사건","충돌","충돌_어선_2007연흥호,_냉동운반선_씽_유에_충돌사건.hwp"
475,"충돌_어선_203원창호.어선_제3광림호_충돌사건","충돌","충돌_어선_203원창호.어선_제3광림호_충돌사건.hwp"
476,"충돌_어선_203원창호_어선_제3광림호_충돌사건","충돌","충돌_어선_203원창호_어선_제3광림호_충돌사건.hwp"
477,"충돌_어선_212성지호&어선_용궁호_충돌사건","충돌","충돌_어선_212성지호&어선_용궁호_충돌사건.hwp"
478,"충돌_어선_2하나호.어선_지영호_충돌사건","충돌","충돌_어선_2하나호.어선_지영호_충돌사건.hwp"
479,"충돌_어선_300형빈호,_어선_동백호_충돌사건","충돌","충돌_어선_300형빈호,_어선_동백호_충돌사건.hwp"
480,"충돌_어선_77예은호·어선_제9유진호_충돌사건","충돌","충돌_어선_77예은호·어선_제9유진호_충돌사건.hwp"
481,"충돌_어선_9청진호.어선_제3천일호_충돌사건","충돌","충돌_어선_9청진호.어선_제3천일호_충돌사건.hwp"
482,"충돌_어선_강동호·예인선_샤흐트요르스크6_충돌사건","충돌","충돌_어선_강동호·예인선_샤흐트요르스크6_충돌사건.hwp"
483,"충돌_어선_건영호&어선_아시아호_충돌사건","충돌","충돌_어선_건영호&어선_아시아호_충돌사건.hwp"
484,"충돌_어선_경덕호,_모터보트_봄봄_충돌사건","충돌","충돌_어선_경덕호,_모터보트_봄봄_충돌사건.hwpx"
485,"충돌_어선_광덕호,_어선_제2황금호_충돌사건","충돌","충돌_어선_광덕호,_어선_제2황금호_충돌사건.hwp"
486,"충돌_어선_광영호,_낚시어선_온누리호_충돌사건","충돌","충돌_어선_광영호,_낚시어선_온누리호_충돌사건.hwp"
487,"충돌_어선_광영호_좌초사건","충돌","충돌_어선_광영호_좌초사건.hwp"
488,"충돌_어선_광정8호,_어선_광정88호_충돌사건","충돌","충돌_어선_광정8호,_어선_광정88호_충돌사건.hwp"
489,"충돌_어선_국한호,_어선_좋은호_충돌사건(약식)","충돌","충돌_어선_국한호,_어선_좋은호_충돌사건(약식).pdf"
490,"충돌_어선_글로벌호_어선_해양호_충돌사건","충돌","충돌_어선_글로벌호_어선_해양호_충돌사건.hwp"
491,"충돌_어선_금천호.어선_한나루호_충돌사건","충돌","충돌_어선_금천호.어선_한나루호_충돌사건.hwpx"
492,"충돌_어선_길양호·어선_해성호_충돌사건","충돌","충돌_어선_길양호·어선_해성호_충돌사건.hwpx"
493,"충돌_어선_뉴만중호,_예인선_강남티-27호의_피예인부선_강남5009호_충돌사건","충돌","충돌_어선_뉴만중호,_예인선_강남티-27호의_피예인부선_강남5009호_충돌사건.hwpx"
494,"충돌_어선_다온호.산적화물선_버러티_충돌사건","충돌","충돌_어선_다온호.산적화물선_버러티_충돌사건.hwpx"
495,"충돌_어선_대림호_어선_한청호_충돌사건","충돌","충돌_어선_대림호_어선_한청호_충돌사건.hwp"
496,"충돌_어선_대명호,_어선_제1승창호_충돌사건","충돌","충돌_어선_대명호,_어선_제1승창호_충돌사건.pdf"
497,"충돌_어선_대복호.어선_아진호_충돌사건","충돌","충돌_어선_대복호.어선_아진호_충돌사건.hwp"
498,"충돌_어선_대복호_어선_아진호_충돌사건","충돌","충돌_어선_대복호_어선_아진호_충돌사건.hwp"
499,"충돌_어선_대승1호,_어선_진선7호_충돌사건","충돌","충돌_어선_대승1호,_어선_진선7호_충돌사건.hwpx"
500,"충돌_어선_대영호_선원사망사건","충돌","충돌_어선_대영호_선원사망사건.pdf"
501,"충돌_어선_대원호.어선_희주호_충돌사건","충돌","충돌_어선_대원호.어선_희주호_충돌사건.hwp"
502,"충돌_어선_대일호ㆍ산적화물선_이제이_오션_충돌사건","충돌","충돌_어선_대일호ㆍ산적화물선_이제이_오션_충돌사건.pdf"
503,"충돌_어선_대흥1호,_어선_제3승창호_충돌사건","충돌","충돌_어선_대흥1호,_어선_제3승창호_충돌사건.pdf"
504,"충돌_어선_도진호_어선_진성호_충돌사건","충돌","충돌_어선_도진호_어선_진성호_충돌사건.pdf"
505,"충돌_어선_도청호ㆍ어선_제206동양호_충돌사건","충돌","충돌_어선_도청호ㆍ어선_제206동양호_충돌사건.pdf"
506,"충돌_어선_동우호_냉동냉장선_시에라_충돌사건","충돌","충돌_어선_동우호_냉동냉장선_시에라_충돌사건.hwp"
507,"충돌_어선_루이호·어선_현승호_충돌사건","충돌","충돌_어선_루이호·어선_현승호_충돌사건.hwpx"
508,"충돌_어선_명윤호_어선_대양호_충돌사건","충돌","충돌_어선_명윤호_어선_대양호_충돌사건.hwp"
509,"충돌_어선_보성호_어선_진성호_충돌사건","충돌","충돌_어선_보성호_어선_진성호_충돌사건.hwp"
510,"충돌_어선_봉진호_·_어선_동영호_충돌사건","충돌","충돌_어선_봉진호_·_어선_동영호_충돌사건.hwp"
511,"충돌_어선_부성호.어선_해성호_충돌사건","충돌","충돌_어선_부성호.어선_해성호_충돌사건.hwpx"
512,"충돌_어선_부영호.어선_복지호_충돌사건","충돌","충돌_어선_부영호.어선_복지호_충돌사건.hwp"
513,"충돌_어선_빅토리_1호-어선_해송_2호_충돌사건","충돌","충돌_어선_빅토리_1호-어선_해송_2호_충돌사건.hwp"
514,"충돌_어선_삼광호.어선_성동호_충돌사건","충돌","충돌_어선_삼광호.어선_성동호_충돌사건.hwp"
515,"충돌_어선_삼양호.낚시어선_대진호_충돌사건","충돌","충돌_어선_삼양호.낚시어선_대진호_충돌사건.hwpx"
516,"충돌_어선_삼운호.어선_제3일광호_충돌사건","충돌","충돌_어선_삼운호.어선_제3일광호_충돌사건.hwpx"
517,"충돌_어선_서양호,_어선_수만호_충돌사건","충돌","충돌_어선_서양호,_어선_수만호_충돌사건.hwp"
518,"충돌_어선_성광호,_어선_충남호_충돌사건","충돌","충돌_어선_성광호,_어선_충남호_충돌사건.pdf"
519,"충돌_어선_성안호-모터보트_동해호_충돌사건","충돌","충돌_어선_성안호-모터보트_동해호_충돌사건.hwp"
520,"충돌_어선_성진호_어선_남성호_충돌사건","충돌","충돌_어선_성진호_어선_남성호_충돌사건.hwp"
521,"충돌_어선_세영7호,_낚시어선_팀슈프림호_충돌사건","충돌","충돌_어선_세영7호,_낚시어선_팀슈프림호_충돌사건.hwpx"
522,"충돌_어선_세종호&어선_수진호_충돌사건","충돌","충돌_어선_세종호&어선_수진호_충돌사건.hwp"
523,"충돌_어선_세종호,_어선_명진호_충돌사건","충돌","충돌_어선_세종호,_어선_명진호_충돌사건.pdf"
524,"충돌_어선_세진호ㆍ어선_양성호_충돌사건","충돌","충돌_어선_세진호ㆍ어선_양성호_충돌사건.pdf"
525,"충돌_어선_수덕호&어선_영광호_충돌사건","충돌","충돌_어선_수덕호&어선_영광호_충돌사건.hwp"
526,"충돌_어선_수영호,_낚시어선_참사랑호_충돌사건","충돌","충돌_어선_수영호,_낚시어선_참사랑호_충돌사건.hwp"
527,"충돌_어선_수현호,_어선_제306한일호_충돌사건","충돌","충돌_어선_수현호,_어선_제306한일호_충돌사건.hwp"
528,"충돌_어선_신성호_선원사망사건","충돌","충돌_어선_신성호_선원사망사건.pdf"
529,"충돌_어선_영복호-어선_성운호_충돌사건","충돌","충돌_어선_영복호-어선_성운호_충돌사건.hwp"
530,"충돌_어선_영신호_모터보트_바다여행_충돌사건","충돌","충돌_어선_영신호_모터보트_바다여행_충돌사건.hwp"
531,"충돌_어선_영용호-어선_제2한경호_충돌사건","충돌","충돌_어선_영용호-어선_제2한경호_충돌사건.hwp"
532,"충돌_어선_영주호ㆍ어선_일진2호_충돌사건","충돌","충돌_어선_영주호ㆍ어선_일진2호_충돌사건.pdf"
533,"충돌_어선_영진호&어선_정윤호_충돌사건","충돌","충돌_어선_영진호&어선_정윤호_충돌사건.hwp"
534,"충돌_어선_영진호_어선_금수호_충돌사건","충돌","충돌_어선_영진호_어선_금수호_충돌사건.hwp"
535,"충돌_어선_용성호·어선_범일호_충돌사건","충돌","충돌_어선_용성호·어선_범일호_충돌사건.hwp"
536,"충돌_어선_원진호_어선_아라호_충돌사건","충돌","충돌_어선_원진호_어선_아라호_충돌사건.hwp"
537,"충돌_어선_유정호-모터보트_우리호_충돌사건","충돌","충돌_어선_유정호-모터보트_우리호_충돌사건.hwp"
538,"충돌_어선_유조호,어선_하늬호_충돌사건","충돌","충돌_어선_유조호,어선_하늬호_충돌사건.hwp"
539,"충돌_어선_윤성호,_산적화물선_제이씨_루비_충돌사건","충돌","충돌_어선_윤성호,_산적화물선_제이씨_루비_충돌사건.hwp"
540,"충돌_어선_윤용3호_좌초사건","충돌","충돌_어선_윤용3호_좌초사건.pdf"
541,"충돌_어선_윤정호.어선_영남호_충돌사건","충돌","충돌_어선_윤정호.어선_영남호_충돌사건.pdf"
542,"충돌_어선_은성호,_어선_이화호_충돌사건","충돌","충돌_어선_은성호,_어선_이화호_충돌사건.hwp"
543,"충돌_어선_일성호,_어선_복성2호_충돌사건","충돌","충돌_어선_일성호,_어선_복성2호_충돌사건.hwpx"
544,"충돌_어선_장광호_선원사망사건","충돌","충돌_어선_장광호_선원사망사건.pdf"
545,"충돌_어선_정원호,_어선_제109신광호_충돌사건","충돌","충돌_어선_정원호,_어선_제109신광호_충돌사건.pdf"
546,"충돌_어선_제101형성호_일반화물선_트레져오션_충돌사건","충돌","충돌_어선_제101형성호_일반화물선_트레져오션_충돌사건.hwp"
547,"충돌_어선_제102동해호,_모터보트_청양호_충돌사건","충돌","충돌_어선_제102동해호,_모터보트_청양호_충돌사건.hwpx"
548,"충돌_어선_제102영화호_어선_광영호_충돌사건","충돌","충돌_어선_제102영화호_어선_광영호_충돌사건.hwp"
549,"충돌_어선_제102일광호_일반화물선_헬렌_충돌사건","충돌","충돌_어선_제102일광호_일반화물선_헬렌_충돌사건.hwp"
550,"충돌_어선_제103금진호_유조선_에스엠화이트훼일1_충돌사건","충돌","충돌_어선_제103금진호_유조선_에스엠화이트훼일1_충돌사건.hwp"
551,"충돌_어선_제103유성호_어선_제207만어호_충돌사건","충돌","충돌_어선_제103유성호_어선_제207만어호_충돌사건.hwp"
552,"충돌_어선_제103청해호&낚시어선_뉴피닉스호_충돌사건","충돌","충돌_어선_제103청해호&낚시어선_뉴피닉스호_충돌사건.hwp"
553,"충돌_어선_제108연창호,_모터보트_야호_충돌사건","충돌","충돌_어선_제108연창호,_모터보트_야호_충돌사건.hwp"
554,"충돌_어선_제111금성호,_어선_선우호_충돌사건","충돌","충돌_어선_제111금성호,_어선_선우호_충돌사건.hwpx"
555,"충돌_어선_제133삼화호.어선_제303진영호_충돌사건","충돌","충돌_어선_제133삼화호.어선_제303진영호_충돌사건.hwp"
556,"충돌_어선_제153혜승호_일반화물선_헹유_충돌사건","충돌","충돌_어선_제153혜승호_일반화물선_헹유_충돌사건.hwp"
557,"충돌_어선_제1구진호,_유류_및_액체화학품_산적운반선_에코_조슈아_파크_추_77c7cce8","충돌","충돌_어선_제1구진호,_유류_및_액체화학품_산적운반선_에코_조슈아_파크_추_77c7cce8.hwp"
558,"충돌_어선_제1구진호_액화석유가스운반선_위닝로드_충돌사건","충돌","충돌_어선_제1구진호_액화석유가스운반선_위닝로드_충돌사건.hwp"
559,"충돌_어선_제1신흥호,_어선_정웅호_충돌사건","충돌","충돌_어선_제1신흥호,_어선_정웅호_충돌사건.hwpx"
560,"충돌_어선_제1원석호_어선_제7은수호_충돌사건","충돌","충돌_어선_제1원석호_어선_제7은수호_충돌사건.hwp"
561,"충돌_어선_제2013현진호_어선_용성호_충돌사건","충돌","충돌_어선_제2013현진호_어선_용성호_충돌사건.hwp"
562,"충돌_어선_제2017대청호&어선_경덕호_충돌사건","충돌","충돌_어선_제2017대청호&어선_경덕호_충돌사건.hwp"
563,"충돌_어선_제2019하람호-어선_수광호_충돌사건","충돌","충돌_어선_제2019하람호-어선_수광호_충돌사건.hwp"
564,"충돌_어선_제2019하람호ㆍ어선_만경호_충돌사건","충돌","충돌_어선_제2019하람호ㆍ어선_만경호_충돌사건.pdf"
565,"충돌_어선_제2021신영호,_일반화물선_디케이_이토니아_충돌사건","충돌","충돌_어선_제2021신영호,_일반화물선_디케이_이토니아_충돌사건.hwpx"
566,"충돌_어선_제202경남호_어선_경민호_충돌사건","충돌","충돌_어선_제202경남호_어선_경민호_충돌사건.hwp"
567,"충돌_어선_제205광성호.일반화물선_오스트로브_아틀라소바_충돌사건","충돌","충돌_어선_제205광성호.일반화물선_오스트로브_아틀라소바_충돌사건.hwp"
568,"충돌_어선_제205창남호,_예인선_창성6호의_피예인부선_사하5_충돌사건","충돌","충돌_어선_제205창남호,_예인선_창성6호의_피예인부선_사하5_충돌사건.hwpx"
569,"충돌_어선_제207상진호_어선_동인호_충돌사건","충돌","충돌_어선_제207상진호_어선_동인호_충돌사건.hwp"
570,"충돌_어선_제211은진호.어선_제88부영호_충돌사건","충돌","충돌_어선_제211은진호.어선_제88부영호_충돌사건.hwpx"
571,"충돌_어선_제21남경호-어선_제3003덕일호_충돌사건","충돌","충돌_어선_제21남경호-어선_제3003덕일호_충돌사건.hwpx"
572,"충돌_어선_제22성영호,_어선_포레나호_충돌사건","충돌","충돌_어선_제22성영호,_어선_포레나호_충돌사건.hwp"
573,"충돌_어선_제27세길호_어선_풍어호_충돌사건","충돌","충돌_어선_제27세길호_어선_풍어호_충돌사건.hwp"
574,"충돌_어선_제27화승호&어선_화경호_충돌사건","충돌","충돌_어선_제27화승호&어선_화경호_충돌사건.hwp"
575,"충돌_어선_제2영성호,_어선_성진호_등_3척_충돌사건","충돌","충돌_어선_제2영성호,_어선_성진호_등_3척_충돌사건.hwpx"
576,"충돌_어선_제2정훈호_선원부상사건","충돌","충돌_어선_제2정훈호_선원부상사건.pdf"
577,"충돌_어선_제301동하호,_어선_광일호_충돌사건","충돌","충돌_어선_제301동하호,_어선_광일호_충돌사건.hwp"
578,"충돌_어선_제305만석호&어선_제3한진호_충돌사건","충돌","충돌_어선_제305만석호&어선_제3한진호_충돌사건.hwp"
579,"충돌_어선_제307풍성호,_컨테이너운반선_에스아이티씨_얀타이_충돌사건","충돌","충돌_어선_제307풍성호,_컨테이너운반선_에스아이티씨_얀타이_충돌사건.hwp"
580,"충돌_어선_제307한창호_어선_제203무영호_충돌사건","충돌","충돌_어선_제307한창호_어선_제203무영호_충돌사건.hwp"
581,"충돌_어선_제33제성호_유조선_스완_충돌사건","충돌","충돌_어선_제33제성호_유조선_스완_충돌사건.hwp"
582,"충돌_어선_제3공선호.어선_제5준영호_충돌사건","충돌","충돌_어선_제3공선호.어선_제5준영호_충돌사건.hwp"
583,"충돌_어선_제3대광호,_어선_영창호_충돌사건","충돌","충돌_어선_제3대광호,_어선_영창호_충돌사건.pdf"
584,"충돌_어선_제3명신호,_어선_일출호_충돌사건","충돌","충돌_어선_제3명신호,_어선_일출호_충돌사건.hwpx"
585,"충돌_어선_제3명신호.산적화물선_서던_스피릿_충돌사건","충돌","충돌_어선_제3명신호.산적화물선_서던_스피릿_충돌사건.hwp"
586,"충돌_어선_제5002성보호_어선_제86평진호_충돌사건","충돌","충돌_어선_제5002성보호_어선_제86평진호_충돌사건.hwp"
587,"충돌_어선_제52금영호_어선_광명호_충돌사건","충돌","충돌_어선_제52금영호_어선_광명호_충돌사건.hwp"
588,"충돌_어선_제53삼광호,_어선_동일호_충돌사건","충돌","충돌_어선_제53삼광호,_어선_동일호_충돌사건.hwpx"
589,"충돌_어선_제5대광호_어선_제209광진호_충돌사건","충돌","충돌_어선_제5대광호_어선_제209광진호_충돌사건.hwp"
590,"충돌_어선_제5삼영호_낚시어선_동해호_충돌사건","충돌","충돌_어선_제5삼영호_낚시어선_동해호_충돌사건.hwp"
591,"충돌_어선_제5정민호_어선_제710태양호_충돌사건","충돌","충돌_어선_제5정민호_어선_제710태양호_충돌사건.hwp"
592,"충돌_어선_제600만성호,_어선_재경호_충돌사건","충돌","충돌_어선_제600만성호,_어선_재경호_충돌사건.hwpx"
593,"충돌_어선_제607명성호_일반화물선_트러윈드어코드_충돌사건","충돌","충돌_어선_제607명성호_일반화물선_트러윈드어코드_충돌사건.hwp"
594,"충돌_어선_제608명성호-어선_5부성호_충돌사건","충돌","충돌_어선_제608명성호-어선_5부성호_충돌사건.hwp"
595,"충돌_어선_제69해동호&산적화물선_오션레전드_충돌사건","충돌","충돌_어선_제69해동호&산적화물선_오션레전드_충돌사건.hwp"
596,"충돌_어선_제6용성호&어선_한일호_충돌사건","충돌","충돌_어선_제6용성호&어선_한일호_충돌사건.hwp"
597,"충돌_어선_제703유경호_어선_세양호_충돌사건","충돌","충돌_어선_제703유경호_어선_세양호_충돌사건.pdf"
598,"충돌_어선_제708우리호,_어선_제909민성호_충돌사건","충돌","충돌_어선_제708우리호,_어선_제909민성호_충돌사건.hwp"
599,"충돌_어선_제76대창호.어선_제2대부호_충돌사건","충돌","충돌_어선_제76대창호.어선_제2대부호_충돌사건.hwpx"
600,"충돌_어선_제7덕연호ㆍ어선_서해호_충돌사건","충돌","충돌_어선_제7덕연호ㆍ어선_서해호_충돌사건.pdf"
601,"충돌_어선_제7이성호-어선_골든_크라운_충돌사건","충돌","충돌_어선_제7이성호-어선_골든_크라운_충돌사건.hwp"
602,"충돌_어선_제7청진호,_어선_포레나호_충돌사건","충돌","충돌_어선_제7청진호,_어선_포레나호_충돌사건.hwp"
603,"충돌_어선_제87조일호,_어선_제88조일호_충돌사건","충돌","충돌_어선_제87조일호,_어선_제88조일호_충돌사건.pdf"
604,"충돌_어선_제902금성호,_일반화물선_순신_충돌사건","충돌","충돌_어선_제902금성호,_일반화물선_순신_충돌사건.hwp"
605,"충돌_어선_제903청룡호,_어선_제2010대승호_충돌사건","충돌","충돌_어선_제903청룡호,_어선_제2010대승호_충돌사건.hwp"
606,"충돌_어선_제97임수호,_액화석유가스운반선_구이페이_충돌사건","충돌","충돌_어선_제97임수호,_액화석유가스운반선_구이페이_충돌사건.hwp"
607,"충돌_어선_제98평진호_활어운반선_동유안_6(DONG_YUAN_6)_충돌사건","충돌","충돌_어선_제98평진호_활어운반선_동유안_6(DONG_YUAN_6)_충돌사건.hwp"
608,"충돌_어선_제9창남호_어선_제638신양호_충돌사건","충돌","충돌_어선_제9창남호_어선_제638신양호_충돌사건.hwp"
609,"충돌_어선_진영2호·낚시어선_해상2호_충돌사건","충돌","충돌_어선_진영2호·낚시어선_해상2호_충돌사건.pdf"
610,"충돌_어선_진흥호,_어선_찬성호_충돌사건","충돌","충돌_어선_진흥호,_어선_찬성호_충돌사건.pdf"
611,"충돌_어선_찬영호.어선_의지3호_충돌사건","충돌","충돌_어선_찬영호.어선_의지3호_충돌사건.pdf"
612,"충돌_어선_창준2호-어선_세훈호_충돌사건","충돌","충돌_어선_창준2호-어선_세훈호_충돌사건.pdf"
613,"충돌_어선_청일호.어선_동인1호_충돌사건","충돌","충돌_어선_청일호.어선_동인1호_충돌사건.hwpx"
614,"충돌_어선_청정호.어선_제3풍성호_충돌사건","충돌","충돌_어선_청정호.어선_제3풍성호_충돌사건.hwpx"
615,"충돌_어선_춘심_·_모터보트_글로리_충돌사건","충돌","충돌_어선_춘심_·_모터보트_글로리_충돌사건.hwp"
616,"충돌_어선_킹스타호_수상오토바이_2017제이에프51_충돌사건","충돌","충돌_어선_킹스타호_수상오토바이_2017제이에프51_충돌사건.hwp"
617,"충돌_어선_태곤호_어선_주영2호_충돌사건","충돌","충돌_어선_태곤호_어선_주영2호_충돌사건.hwp"
618,"충돌_어선_태성호의_계류줄_풀림으로_인한_대원호_충돌사건","충돌","충돌_어선_태성호의_계류줄_풀림으로_인한_대원호_충돌사건.pdf"
619,"충돌_어선_태종호,_어선_단경호_충돌사건","충돌","충돌_어선_태종호,_어선_단경호_충돌사건.hwpx"
620,"충돌_어선_풍천호-어선_삼광호_충돌사건","충돌","충돌_어선_풍천호-어선_삼광호_충돌사건.hwp"
621,"충돌_어선_해우리호,_어선_혜은호_충돌사건","충돌","충돌_어선_해우리호,_어선_혜은호_충돌사건.hwp"
622,"충돌_어선_혜수호-모터보트_해호_충돌사건","충돌","충돌_어선_혜수호-모터보트_해호_충돌사건.hwp"
623,"충돌_어선_휘동호·어선_동해26호_충돌사건","충돌","충돌_어선_휘동호·어선_동해26호_충돌사건.hwp"
624,"충돌_어선_흥성호_어선_태성호_충돌사건","충돌","충돌_어선_흥성호_어선_태성호_충돌사건.hwp"
625,"충돌_어선경림호.압항예선_제101삼일호의_압항부선_제103삼일호_충돌사건","충돌","충돌_어선경림호.압항예선_제101삼일호의_압항부선_제103삼일호_충돌사건.hwpx"
626,"충돌_어업지도선_무궁화14호·어선_대광호_충돌사건","충돌","충돌_어업지도선_무궁화14호·어선_대광호_충돌사건.pdf"
627,"충돌_여객선_하모니플라워호_선원부상사건","충돌","충돌_여객선_하모니플라워호_선원부상사건.hwp"
628,"충돌_예인선_101경원호의_피예인부선_동일502호·부선_해건9001호_충돌사건","충돌","충돌_예인선_101경원호의_피예인부선_동일502호·부선_해건9001호_충돌사건.pdf"
629,"충돌_예인선_101삼우호_침수사건","충돌","충돌_예인선_101삼우호_침수사건.hwp"
630,"충돌_예인선_29조양호의_피예인부선_해광5005호,_어선_제801금승호_충돌사건","충돌","충돌_예인선_29조양호의_피예인부선_해광5005호,_어선_제801금승호_충돌사건.hwpx"
631,"충돌_예인선_301조양호의_피예인부선_건민17000호ㆍ어선_광해호_충돌사건","충돌","충돌_예인선_301조양호의_피예인부선_건민17000호ㆍ어선_광해호_충돌사건.pdf"
632,"충돌_예인선_305성신호의_피예인부선_5003성신호_어선_5운반호_충돌사건","충돌","충돌_예인선_305성신호의_피예인부선_5003성신호_어선_5운반호_충돌사건.hwp"
633,"충돌_예인선_77신정호의_피예인부선_케이제이-3001호_낚시어선_은빛호_충돌ᄉ_6691206a","충돌","충돌_예인선_77신정호의_피예인부선_케이제이-3001호_낚시어선_은빛호_충돌ᄉ_6691206a.hwp"
634,"충돌_예인선_광진107호-어선_제212창성호_충돌사건","충돌","충돌_예인선_광진107호-어선_제212창성호_충돌사건.pdf"
635,"충돌_예인선_광진107호의_피예인부선_재성101호·카페리화물부선_동서6001호_충_75ddac1e","충돌","충돌_예인선_광진107호의_피예인부선_재성101호·카페리화물부선_동서6001호_충_75ddac1e.pdf"
636,"충돌_예인선_광진월드7호_피예인부선_광진8001호와_크루즈_여객선_퀀텀_오_3de313c0","충돌","충돌_예인선_광진월드7호_피예인부선_광진8001호와_크루즈_여객선_퀀텀_오_3de313c0.hwp"
637,"충돌_예인선_남영호의_피예인부선_장원5001호·어선_3만성호_충돌사건","충돌","충돌_예인선_남영호의_피예인부선_장원5001호·어선_3만성호_충돌사건.hwp"
638,"충돌_예인선_부경103호의_피예인부선_광진1501호·어선_신성호_충돌사건","충돌","충돌_예인선_부경103호의_피예인부선_광진1501호·어선_신성호_충돌사건.hwpx"
639,"충돌_예인선_삼표301호의_피예인부선_삼표302호,_일반화물선_창성_충돌사건","충돌","충돌_예인선_삼표301호의_피예인부선_삼표302호,_일반화물선_창성_충돌사건.hwp"
640,"충돌_예인선_안진1호의_피예인부선_현대프린세스·기타선_삼성더블유-2호__108f14c9","충돌","충돌_예인선_안진1호의_피예인부선_현대프린세스·기타선_삼성더블유-2호__108f14c9.hwp"
641,"충돌_예인선_에스에스_티3호의_피예인부선_에스에스_비1호_·어선_거성호_충돌ᄉ_48e1432b","충돌","충돌_예인선_에스에스_티3호의_피예인부선_에스에스_비1호_·어선_거성호_충돌ᄉ_48e1432b.hwp"
642,"충돌_예인선_울산109호의_피예인부선_울산6003호·어선_1신창호_충돌사건","충돌","충돌_예인선_울산109호의_피예인부선_울산6003호·어선_1신창호_충돌사건.hwpx"
643,"충돌_예인선_제305해송호&피예인부선_디씨지1호_충돌사건","충돌","충돌_예인선_제305해송호&피예인부선_디씨지1호_충돌사건.hwp"
644,"충돌_예인선_케이-1호의_피예인부선_현대미포8001호ㆍ어선_해영3호_등_2척_충돌_d34f5078","충돌","충돌_예인선_케이-1호의_피예인부선_현대미포8001호ㆍ어선_해영3호_등_2척_충돌_d34f5078.pdf"
645,"충돌_예인선_현대쥬베일호·어선_제311명천호_충돌사건","충돌","충돌_예인선_현대쥬베일호·어선_제311명천호_충돌사건.pdf"
646,"충돌_원양어선_제38한성호_석유제품운반선_대운호_충돌사건","충돌","충돌_원양어선_제38한성호_석유제품운반선_대운호_충돌사건.hwp"
647,"충돌_유류_및_액체화학품산적운반선_와이엔_오션_어선_305광림호_충돌_f5c78e53","충돌","충돌_유류_및_액체화학품산적운반선_와이엔_오션_어선_305광림호_충돌_f5c78e53.hwp"
648,"충돌_유류_및_액체화학품산적운반선_우진_켈리_석유제품운반선_골_055f93f7","충돌","충돌_유류_및_액체화학품산적운반선_우진_켈리_석유제품운반선_골_055f93f7.hwp"
649,"충돌_유류_및_액체화학품산적운반선_울산_파이오니어_자동차운반선__f5b9037f","충돌","충돌_유류_및_액체화학품산적운반선_울산_파이오니어_자동차운반선__f5b9037f.hwp"
650,"충돌_유류_및_액체화학품산적운반선_제이앤_아이리스_중국_모래운반ᄉ_a393b3f9","충돌","충돌_유류_및_액체화학품산적운반선_제이앤_아이리스_중국_모래운반ᄉ_a393b3f9.pdf"
651,"충돌_유류_및_액체화학품산적운반선_케이티에스_그린호-어선_제322광덕ᄒ_08035755","충돌","충돌_유류_및_액체화학품산적운반선_케이티에스_그린호-어선_제322광덕ᄒ_08035755.pdf"
652,"충돌_유선_충무공거북선_낚시어선_올레호_충돌사건","충돌","충돌_유선_충무공거북선_낚시어선_올레호_충돌사건.pdf"
653,"충돌_유조선_1거성_예인선_303일신호의_피예인_지질조사용_구조물_충돌사건","충돌","충돌_유조선_1거성_예인선_303일신호의_피예인_지질조사용_구조물_충돌사건.hwp"
654,"충돌_유조선_308효동케미호ㆍ어선_이화호_충돌사건","충돌","충돌_유조선_308효동케미호ㆍ어선_이화호_충돌사건.pdf"
655,"충돌_유조선_사핀스트렝스_방파제_접촉사건","충돌","충돌_유조선_사핀스트렝스_방파제_접촉사건.hwpx"
656,"충돌_일반화물선_광양7호_어선_해동호_충돌사건","충돌","충돌_일반화물선_광양7호_어선_해동호_충돌사건.hwp"
657,"충돌_일반화물선_광저우스타_엘피지운반선_카시마마루8_충돌사건","충돌","충돌_일반화물선_광저우스타_엘피지운반선_카시마마루8_충돌사건.hwp"
658,"충돌_일반화물선_대호제주ㆍ어선_한연호_충돌사건","충돌","충돌_일반화물선_대호제주ㆍ어선_한연호_충돌사건.pdf"
659,"충돌_일반화물선_에스앤케이_레이디호-예인선_삼표201호의_피예인부선_삼ᄑ_387cd8ed","충돌","충돌_일반화물선_에스앤케이_레이디호-예인선_삼표201호의_피예인부선_삼ᄑ_387cd8ed.pdf"
660,"충돌_일반화물선_우현_호프·유류_및_액체화학품산적운반선_스카이케_9227fc19","충돌","충돌_일반화물선_우현_호프·유류_및_액체화학품산적운반선_스카이케_9227fc19.hwpx"
661,"충돌_일반화물선_일현정호&어선_제2008성해호_충돌사건","충돌","충돌_일반화물선_일현정호&어선_제2008성해호_충돌사건.hwp"
662,"충돌_일반화물선_일현정호_어선_제2해성호_충돌사건","충돌","충돌_일반화물선_일현정호_어선_제2해성호_충돌사건.pdf"
663,"충돌_일반화물선_제니스_로얄호-어선_제27한일호_충돌사건","충돌","충돌_일반화물선_제니스_로얄호-어선_제27한일호_충돌사건.hwp"
664,"충돌_일반화물선_포세이돈_어선_형통호_충돌사건","충돌","충돌_일반화물선_포세이돈_어선_형통호_충돌사건.hwp"
665,"충돌_잠수함_나대용함,_자동차운반선_호그런던_충돌사건","충돌","충돌_잠수함_나대용함,_자동차운반선_호그런던_충돌사건.hwp"
666,"충돌_잠수함_나대용함_자동차운반선_호그런던_충돌사건","충돌","충돌_잠수함_나대용함_자동차운반선_호그런던_충돌사건.hwp"
667,"충돌_중앙해심_제2022-001호(낚시어선_금성피싱호.어선_수진호_충돌사건)_공_733ef807","충돌","충돌_중앙해심_제2022-001호(낚시어선_금성피싱호.어선_수진호_충돌사건)_공_733ef807.hwp"
668,"충돌_중앙해심_제2022-003(어선_제25일성호.냉동운반선_스바루_충돌사건)_공_0a03d2e2","충돌","충돌_중앙해심_제2022-003(어선_제25일성호.냉동운반선_스바루_충돌사건)_공_0a03d2e2.hwp"
669,"충돌_청항선_포항해양3호,_어선_해동호_충돌사건","충돌","충돌_청항선_포항해양3호,_어선_해동호_충돌사건.hwp"
670,"충돌_카페리선_뉴은혜페리호_실뱀장어안강망_바지접촉사건","충돌","충돌_카페리선_뉴은혜페리호_실뱀장어안강망_바지접촉사건.hwpx"
671,"충돌_카페리선_성우제주-화물_및_카페리선_금영레드포스_충돌사건","충돌","충돌_카페리선_성우제주-화물_및_카페리선_금영레드포스_충돌사건.hwp"
672,"충돌_카페리여객선_금오고속페리호&어선_신성호_충돌사건","충돌","충돌_카페리여객선_금오고속페리호&어선_신성호_충돌사건.hwp"
673,"충돌_카페리여객선_비금아일랜드호·어선_영준2호_등_3척_충돌사건","충돌","충돌_카페리여객선_비금아일랜드호·어선_영준2호_등_3척_충돌사건.hwp"
674,"충돌_카페리여객선_섬드리비금농협고속페리_기관손상사건","충돌","충돌_카페리여객선_섬드리비금농협고속페리_기관손상사건.hwp"
675,"충돌_카페리여객선_여수경도골프앤리조트_,_어선_대성호_충돌사건","충돌","충돌_카페리여객선_여수경도골프앤리조트_,_어선_대성호_충돌사건.hwpx"
676,"충돌_카페리여객선_오션_비스타_제주&해경함_3012함_충돌사건","충돌","충돌_카페리여객선_오션_비스타_제주&해경함_3012함_충돌사건.hwp"
677,"충돌_카페리여객선_욕지영동골드고속호.낚시어선_제2비너스호_충돌사건","충돌","충돌_카페리여객선_욕지영동골드고속호.낚시어선_제2비너스호_충돌사건.hwpx"
678,"충돌_카페리여객선_코리아익스프레스카훼리호카페리여객선_대부고속페리3호__d584002c","충돌","충돌_카페리여객선_코리아익스프레스카훼리호카페리여객선_대부고속페리3호__d584002c.pdf"
679,"충돌_카페리여객선_태평양_3호-어선_제2입성호_충돌사건","충돌","충돌_카페리여객선_태평양_3호-어선_제2입성호_충돌사건.hwp"
680,"충돌_카페리여객선_한일골드스텔라-카페리여객선_뉴스타_충돌사건","충돌","충돌_카페리여객선_한일골드스텔라-카페리여객선_뉴스타_충돌사건.hwp"
681,"충돌_카페리여객선_한일골드스텔라호&일반화물선_제107대양호_충돌사건","충돌","충돌_카페리여객선_한일골드스텔라호&일반화물선_제107대양호_충돌사건.hwp"
682,"충돌_카페리화물선_금광11호,_어선_제27만창호_충돌사건","충돌","충돌_카페리화물선_금광11호,_어선_제27만창호_충돌사건.hwp"
683,"충돌_카페리화물선_미래15호.도선_죽도_해바라기호_충돌사건","충돌","충돌_카페리화물선_미래15호.도선_죽도_해바라기호_충돌사건.hwpx"
684,"충돌_컨테이너선_스카이챌린지_어선_제101성창호_충돌사건","충돌","충돌_컨테이너선_스카이챌린지_어선_제101성창호_충돌사건.hwp"
685,"충돌_컨테이너선_홍콩_보이저호,_컨테이너선_티엔_푸_허_충돌사건","충돌","충돌_컨테이너선_홍콩_보이저호,_컨테이너선_티엔_푸_허_충돌사건.hwpx"
686,"충돌_컨테이너운반선_동진엔터프라이즈,_일반화물선_삼성2호_충돌사건","충돌","충돌_컨테이너운반선_동진엔터프라이즈,_일반화물선_삼성2호_충돌사건.hwpx"
687,"충돌_컨테이너운반선_요코하마_트레이더_예인선_901조양의_피예인부선_세방2_d0606463","충돌","충돌_컨테이너운반선_요코하마_트레이더_예인선_901조양의_피예인부선_세방2_d0606463.pdf"
688,"충돌_케미컬운반선_포천수완,_원유운반선_프론트_더체스_충돌사건","충돌","충돌_케미컬운반선_포천수완,_원유운반선_프론트_더체스_충돌사건.hwp"
689,"충돌_화물_및_카페리선_세주프런티어호&기타선_해천마린2호","충돌","충돌_화물_및_카페리선_세주프런티어호&기타선_해천마린2호.hwp"
690,"충돌_화물_및_카페리선_케이에스_헤르메스호,_액화천연가스운반선_에스엠__8b440578","충돌","충돌_화물_및_카페리선_케이에스_헤르메스호,_액화천연가스운반선_에스엠__8b440578.hwpx"
691,"충돌_화물선_헤세드호.어선_길영호_충돌사건","충돌","충돌_화물선_헤세드호.어선_길영호_충돌사건.hwp"
692,"침몰_기타선_대곡호_침몰사건","침몰","침몰_기타선_대곡호_침몰사건.hwp"
693,"침몰_기타선_동평호_침몰사건","침몰","침몰_기타선_동평호_침몰사건.hwp"
694,"침몰_녹조제거선_무등록부선_침몰사건","침몰","침몰_녹조제거선_무등록부선_침몰사건.hwpx"
695,"침몰_방제선_물사랑호_침몰사건","침몰","침몰_방제선_물사랑호_침몰사건.pdf"
696,"침몰_어선_고려호의_피예인어선_금강호_침몰사건","침몰","침몰_어선_고려호의_피예인어선_금강호_침몰사건.hwp"
697,"침몰_어선_유동호·어선_유동2호_침몰사건","침몰","침몰_어선_유동호·어선_유동2호_침몰사건.pdf"
698,"침몰_어선_제127대양호_침몰사건","침몰","침몰_어선_제127대양호_침몰사건.hwp"
699,"침몰_어선_제1두두호_침몰사건","침몰","침몰_어선_제1두두호_침몰사건.hwp"
700,"침몰_어선_제2나일호_침몰사건","침몰","침몰_어선_제2나일호_침몰사건.pdf"
701,"침몰_어선_제71용득호_침몰사건","침몰","침몰_어선_제71용득호_침몰사건.hwp"
702,"침몰_예인선_707대진호의_피예인부선_제202한성호_침몰사건","침몰","침몰_예인선_707대진호의_피예인부선_제202한성호_침몰사건.hwp"
703,"침몰_예인선_7삼영호_침몰사건","침몰","침몰_예인선_7삼영호_침몰사건.hwp"
704,"침몰_예인선_금신101호_침몰사건","침몰","침몰_예인선_금신101호_침몰사건.pdf"
705,"침몰_예인선_신동2_침몰사건","침몰","침몰_예인선_신동2_침몰사건.hwp"
706,"침몰_예인선_제2종영호_침몰사건","침몰","침몰_예인선_제2종영호_침몰사건.hwpx"
707,"침몰_예인선_제66동원호_침몰사건","침몰","침몰_예인선_제66동원호_침몰사건.hwp"
708,"침몰_일반화물선_현대_패션호_침몰사건","침몰","침몰_일반화물선_현대_패션호_침몰사건.pdf"
709,"폭발_기타유조선_제3우진호_폭발사건","폭발","폭발_기타유조선_제3우진호_폭발사건.hwpx"
710,"폭발_어선_209금영호_폭발사건","폭발","폭발_어선_209금영호_폭발사건.pdf"
711,"폭발_어선_금강1호_폭발사건","폭발","폭발_어선_금강1호_폭발사건.hwpx"
712,"폭발_어선_누리호_폭발사건","폭발","폭발_어선_누리호_폭발사건.pdf"
713,"폭발_어선_청해7호_폭발사건","폭발","폭발_어선_청해7호_폭발사건.hwp"
714,"폭발_어선_해달수산호_폭발사건","폭발","폭발_어선_해달수산호_폭발사건.hwpx"
715,"폭발_컨테이너선_케이엠티씨_홍콩호_폭발사건","폭발","폭발_컨테이너선_케이엠티씨_홍콩호_폭발사건.pdf"
716,"해양오염_건설기계등록_준설선_해양오염사건","해양오염","해양오염_건설기계등록_준설선_해양오염사건.hwpx"
717,"해양오염_부선_에스비1603호_해양오염사건","해양오염","해양오염_부선_에스비1603호_해양오염사건.hwpx"
718,"해양오염_부선_제108송양호_해양오염사건","해양오염","해양오염_부선_제108송양호_해양오염사건.hwp"
719,"해양오염_석유제품운반선_덕성2호_해양오염사건","해양오염","해양오염_석유제품운반선_덕성2호_해양오염사건.hwpx"
720,"해양오염_석유제품운반선_미션_해양오염사건","해양오염","해양오염_석유제품운반선_미션_해양오염사건.hwp"
721,"해양오염_석유제품운반선_보광토파즈_해양오염사건","해양오염","해양오염_석유제품운반선_보광토파즈_해양오염사건.hwp"
722,"해양오염_석유제품운반선_삼우7호_해양오염사건","해양오염","해양오염_석유제품운반선_삼우7호_해양오염사건.pdf"
723,"해양오염_석유제품운반선_아람_해양오염사건","해양오염","해양오염_석유제품운반선_아람_해양오염사건.hwpx"
724,"해양오염_석유제품운반선_아성호_해양오염사건","해양오염","해양오염_석유제품운반선_아성호_해양오염사건.hwp"
725,"해양오염_석유제품운반선_제9원양호_해양오염사건","해양오염","해양오염_석유제품운반선_제9원양호_해양오염사건.hwp"
726,"해양오염_액체화학품산적운반선_107효동케미_해양오염사건","해양오염","해양오염_액체화학품산적운반선_107효동케미_해양오염사건.hwp"
727,"해양오염_어선_제111대진호_해양오염사건","해양오염","해양오염_어선_제111대진호_해양오염사건.hwp"
728,"해양오염_어선_제123대양호_해양오염사건","해양오염","해양오염_어선_제123대양호_해양오염사건.hwp"
729,"해양오염_어선_제155희영호_해양오염사건","해양오염","해양오염_어선_제155희영호_해양오염사건.hwp"
730,"해양오염_어선_제89보광호_해양오염사건","해양오염","해양오염_어선_제89보광호_해양오염사건.hwp"
731,"해양오염_예인선_303종영호_해양오염사건","해양오염","해양오염_예인선_303종영호_해양오염사건.hwp"
732,"해양오염_예인선_광진107호_해양오염사건","해양오염","해양오염_예인선_광진107호_해양오염사건.pdf"
733,"해양오염_예인선_금호스타호_해양오염사건","해양오염","해양오염_예인선_금호스타호_해양오염사건.hwp"
734,"해양오염_예인선_동아티3호_해양오염사건","해양오염","해양오염_예인선_동아티3호_해양오염사건.pdf"
735,"해양오염_예인선_창일201호_해양오염사건","해양오염","해양오염_예인선_창일201호_해양오염사건.hwpx"
736,"해양오염_예인선_태성2000호_해양오염사건","해양오염","해양오염_예인선_태성2000호_해양오염사건.hwp"
737,"해양오염_예인선_태양21호_해양오염사건","해양오염","해양오염_예인선_태양21호_해양오염사건.hwpx"
738,"해양오염_유류_및_액체화학품산적운반선_그레이스_해양오염사건","해양오염","해양오염_유류_및_액체화학품산적운반선_그레이스_해양오염사건.hwp"
739,"해양오염_유류_및_액체화학품산적운반선_뉴하모니호_해양오염사건","해양오염","해양오염_유류_및_액체화학품산적운반선_뉴하모니호_해양오염사건.pdf"
740,"해양오염_유류_및_액체화학품산적운반선_우석호_해양오염사건","해양오염","해양오염_유류_및_액체화학품산적운반선_우석호_해양오염사건.hwp"
741,"해양오염_유류운반부선_5덕승호_해양오염사건","해양오염","해양오염_유류운반부선_5덕승호_해양오염사건.hwp"
742,"해양오염_유류운반부선_은성_해양오염사건","해양오염","해양오염_유류운반부선_은성_해양오염사건.hwpx"
743,"해양오염_인천해심_제2025-013호_유류_및_액체화학품운반선_범영_해양오염_56318a7f","해양오염","해양오염_인천해심_제2025-013호_유류_및_액체화학품운반선_범영_해양오염_56318a7f.pdf"
744,"해양오염_일반화물선_포스_해양오염사건","해양오염","해양오염_일반화물선_포스_해양오염사건.hwp"
745,"해양오염_카페리선_씨월드_마린_해양오염사건","해양오염","해양오염_카페리선_씨월드_마린_해양오염사건.hwp"
746,"해양오염_카페리여객선_슬로아일랜드_해양오염사건","해양오염","해양오염_카페리여객선_슬로아일랜드_해양오염사건.hwpx"
747,"해양오염_컨테이너선_스카이_티아라_해양오염사건","해양오염","해양오염_컨테이너선_스카이_티아라_해양오염사건.hwp"
748,"행방불명_어선_대금호_선원실종사건","행방불명","행방불명_어선_대금호_선원실종사건.hwp"
749,"행방불명_어선_제2020유진호_선원실종사건","행방불명","행방불명_어선_제2020유진호_선원실종사건.hwp"
750,"행방불명_어선_제3입성호_선원실종사건","행방불명","행방불명_어선_제3입성호_선원실종사건.hwpx"
751,"행방불명_어선_제8088해정호_선원실종사건","행방불명","행방불명_어선_제8088해정호_선원실종사건.hwpx"
752,"행방불명_어선_태건호_선원실종사건","행방불명","행방불명_어선_태건호_선원실종사건.hwp"
753,"행방불명_어선_해금호_선원실종사건","행방불명","행방불명_어선_해금호_선원실종사건.hwp"
754,"화재_기타선_리스폰더_화재사건","화재","화재_기타선_리스폰더_화재사건.hwp"
755,"화재_낚시어선_그랜드호_화재사건","화재","화재_낚시어선_그랜드호_화재사건.hwp"
756,"화재_낚시어선_금까마귀호_화재사건","화재","화재_낚시어선_금까마귀호_화재사건.pdf"
757,"화재_낚시어선_영석호_화재사건","화재","화재_낚시어선_영석호_화재사건.pdf"
758,"화재_낚시어선_오션파티호_폭발사건","화재","화재_낚시어선_오션파티호_폭발사건.pdf"
759,"화재_낚시어선_트레비스호_화재사건","화재","화재_낚시어선_트레비스호_화재사건.hwp"
760,"화재_낚시어선_파워호_화재사건","화재","화재_낚시어선_파워호_화재사건.pdf"
761,"화재_모터보트_사라토카_화재사건","화재","화재_모터보트_사라토카_화재사건.hwpx"
762,"화재_석유제품운반선_태화1호_화재사건","화재","화재_석유제품운반선_태화1호_화재사건.hwpx"
763,"화재_어선_201태창호_화재사건","화재","화재_어선_201태창호_화재사건.hwp"
764,"화재_어선_경일호_화재사건","화재","화재_어선_경일호_화재사건.pdf"
765,"화재_어선_기원호_등_4척_화재사건","화재","화재_어선_기원호_등_4척_화재사건.hwpx"
766,"화재_어선_길창호_화재사건","화재","화재_어선_길창호_화재사건.pdf"
767,"화재_어선_대성호_화재사건","화재","화재_어선_대성호_화재사건.hwp"
768,"화재_어선_만금호_화재사건","화재","화재_어선_만금호_화재사건.hwp"
769,"화재_어선_방주호_화재사건","화재","화재_어선_방주호_화재사건.pdf"
770,"화재_어선_배양호_화재사건","화재","화재_어선_배양호_화재사건.hwp"
771,"화재_어선_벽강호_화재사건","화재","화재_어선_벽강호_화재사건.hwp"
772,"화재_어선_서윤호_화재사건","화재","화재_어선_서윤호_화재사건.hwp"
773,"화재_어선_수정호_화재사건","화재","화재_어선_수정호_화재사건.hwpx"
774,"화재_어선_수진호_등_7척_화재사건","화재","화재_어선_수진호_등_7척_화재사건.hwp"
775,"화재_어선_신금영호_등_35척_화재사건","화재","화재_어선_신금영호_등_35척_화재사건.pdf"
776,"화재_어선_안진호_화재사건","화재","화재_어선_안진호_화재사건.hwpx"
777,"화재_어선_영남호_화재사건","화재","화재_어선_영남호_화재사건.pdf"
778,"화재_어선_영진호_화재사건","화재","화재_어선_영진호_화재사건.hwpx"
779,"화재_어선_용성호_화재사건(약식)","화재","화재_어선_용성호_화재사건(약식).hwpx"
780,"화재_어선_유조호_화재사건","화재","화재_어선_유조호_화재사건.hwp"
781,"화재_어선_제102동해호_화재사건","화재","화재_어선_제102동해호_화재사건.hwpx"
782,"화재_어선_제103수복호_화재사건","화재","화재_어선_제103수복호_화재사건.hwp"
783,"화재_어선_제105대승호_화재사건","화재","화재_어선_제105대승호_화재사건.pdf"
784,"화재_어선_제107부창호_화재사건","화재","화재_어선_제107부창호_화재사건.hwp"
785,"화재_어선_제153대복호_등_3척_화재사건","화재","화재_어선_제153대복호_등_3척_화재사건.hwpx"
786,"화재_어선_제1금강호_화재사건","화재","화재_어선_제1금강호_화재사건.pdf"
787,"화재_어선_제212창성호_화재사건","화재","화재_어선_제212창성호_화재사건.hwpx"
788,"화재_어선_제2구봉호_등_7척_화재사건","화재","화재_어선_제2구봉호_등_7척_화재사건.hwpx"
789,"화재_어선_제301한창호_화재사건","화재","화재_어선_제301한창호_화재사건.pdf"
790,"화재_어선_제307해양호_화재사건","화재","화재_어선_제307해양호_화재사건.hwp"
791,"화재_어선_제365청신호_화재사건","화재","화재_어선_제365청신호_화재사건.hwp"
792,"화재_어선_제3문성호_화재사건","화재","화재_어선_제3문성호_화재사건.hwpx"
793,"화재_어선_제509유일호_화재사건","화재","화재_어선_제509유일호_화재사건.hwpx"
794,"화재_어선_제7성현호_화재사건","화재","화재_어선_제7성현호_화재사건.pdf"
795,"화재_어선_제927영창호_화재사건","화재","화재_어선_제927영창호_화재사건.hwp"
796,"화재_어선_채민호_화재사건","화재","화재_어선_채민호_화재사건.hwpx"
797,"화재_어선_태양호_화재사건","화재","화재_어선_태양호_화재사건.hwpx"
798,"화재_어선_평안2호_화재사건","화재","화재_어선_평안2호_화재사건.hwp"
799,"화재_어선_한림호_화재사건","화재","화재_어선_한림호_화재사건.hwp"
800,"화재_어선_해덕호_화재사건","화재","화재_어선_해덕호_화재사건.hwpx"
801,"화재_어선_해안호_등_3척_화재사건","화재","화재_어선_해안호_등_3척_화재사건.hwp"
802,"화재_어선_효성호_등_6척_화재사건","화재","화재_어선_효성호_등_6척_화재사건.hwp"
803,"화재_예인선_88경영호_화재사건","화재","화재_예인선_88경영호_화재사건.hwp"
804,"화재_예인선_서진호_화재사건","화재","화재_예인선_서진호_화재사건.hwp"
805,"화재_예인선_에스에스_티3_화재사건","화재","화재_예인선_에스에스_티3_화재사건.hwpx"
806,"화재_예인선_태양21호의_피예인부선_태양5001호_화재사건","화재","화재_예인선_태양21호의_피예인부선_태양5001호_화재사건.hwp"
807,"화재_원양어선_슐_에스테709호_화재사건","화재","화재_원양어선_슐_에스테709호_화재사건.hwp"
808,"화재_원양어선_아드리아_화재사건","화재","화재_원양어선_아드리아_화재사건.hwp"
809,"화재_유류_및_액체화학품운반선_뉴_브라이트_폭발사건","화재","화재_유류_및_액체화학품운반선_뉴_브라이트_폭발사건.pdf"
810,"화재_유류_및_액체화학품운반선_팔콘케미스트호_화재사건","화재","화재_유류_및_액체화학품운반선_팔콘케미스트호_화재사건.pdf"
811,"화재_일반화물선_한진그린호_화재사건","화재","화재_일반화물선_한진그린호_화재사건.hwpx"
812,"화재_일체형압항선_적봉호의_압항부선_대봉_화재사건","화재","화재_일체형압항선_적봉호의_압항부선_대봉_화재사건.hwp"
813,"화재_제2017국제호_화재사건","화재","화재_제2017국제호_화재사건.hwp"
814,"화재_카페리선_골드카페리호_화재사건","화재","화재_카페리선_골드카페리호_화재사건.pdf"
815,"화재_카페리여객선_비금아일랜드호_화재사건","화재","화재_카페리여객선_비금아일랜드호_화재사건.hwpx"
816,"화재_카페리여객선_실버클라우드_화재사건","화재","화재_카페리여객선_실버클라우드_화재사건.hwp"
817,"화재_컨테이너선_시노코_요코하마호_화재사건","화재","화재_컨테이너선_시노코_요코하마호_화재사건.hwp"
