timestamp,name,utilization_gpu
2026-08-06T16:16:53+0900,NVIDIA GB10, 0
2026-08-06T16:16:58+0900,NVIDIA GB10, 2
2026-08-06T16:17:04+0900,NVIDIA GB10, 2
2026-08-06T16:17:09+0900,NVIDIA GB10, 2
2026-08-06T16:17:14+0900,NVIDIA GB10, 2
2026-08-06T16:17:19+0900,NVIDIA GB10, 2
2026-08-06T16:17:24+0900,NVIDIA GB10, 2
2026-08-06T16:17:29+0900,NVIDIA GB10, 2
2026-08-06T16:17:34+0900,NVIDIA GB10, 2
2026-08-06T16:17:39+0900,NVIDIA GB10, 4
2026-08-06T16:17:44+0900,NVIDIA GB10, 2
2026-08-06T16:17:49+0900,NVIDIA GB10, 2
2026-08-06T16:17:54+0900,NVIDIA GB10, 5
2026-08-06T16:17:59+0900,NVIDIA GB10, 2
2026-08-06T16:18:04+0900,NVIDIA GB10, 2
2026-08-06T16:18:09+0900,NVIDIA GB10, 2
2026-08-06T16:18:14+0900,NVIDIA GB10, 2
2026-08-06T16:18:19+0900,NVIDIA GB10, 2
2026-08-06T16:18:24+0900,NVIDIA GB10, 2
2026-08-06T16:18:29+0900,NVIDIA GB10, 4
2026-08-06T16:18:34+0900,NVIDIA GB10, 2
2026-08-06T16:18:39+0900,NVIDIA GB10, 5
2026-08-06T16:18:44+0900,NVIDIA GB10, 2
2026-08-06T16:18:49+0900,NVIDIA GB10, 0
2026-08-06T16:18:54+0900,NVIDIA GB10, 3
2026-08-06T16:18:59+0900,NVIDIA GB10, 2
2026-08-06T16:19:04+0900,NVIDIA GB10, 2
2026-08-06T16:19:09+0900,NVIDIA GB10, 2
2026-08-06T16:19:14+0900,NVIDIA GB10, 2
2026-08-06T16:19:19+0900,NVIDIA GB10, 2
2026-08-06T16:19:24+0900,NVIDIA GB10, 0
2026-08-06T16:19:29+0900,NVIDIA GB10, 96
2026-08-06T16:19:34+0900,NVIDIA GB10, 96
2026-08-06T16:19:39+0900,NVIDIA GB10, 95
2026-08-06T16:19:45+0900,NVIDIA GB10, 95
2026-08-06T16:19:50+0900,NVIDIA GB10, 95
2026-08-06T16:19:55+0900,NVIDIA GB10, 95
2026-08-06T16:20:00+0900,NVIDIA GB10, 95
2026-08-06T16:20:05+0900,NVIDIA GB10, 95
2026-08-06T16:20:10+0900,NVIDIA GB10, 95
2026-08-06T16:20:15+0900,NVIDIA GB10, 95
2026-08-06T16:20:20+0900,NVIDIA GB10, 95
2026-08-06T16:20:25+0900,NVIDIA GB10, 95
2026-08-06T16:20:30+0900,NVIDIA GB10, 95
2026-08-06T16:20:35+0900,NVIDIA GB10, 95
2026-08-06T16:20:40+0900,NVIDIA GB10, 95
2026-08-06T16:20:45+0900,NVIDIA GB10, 95
2026-08-06T16:20:50+0900,NVIDIA GB10, 95
2026-08-06T16:20:55+0900,NVIDIA GB10, 95
2026-08-06T16:21:00+0900,NVIDIA GB10, 95
2026-08-06T16:21:05+0900,NVIDIA GB10, 95
2026-08-06T16:21:10+0900,NVIDIA GB10, 95
2026-08-06T16:21:16+0900,NVIDIA GB10, 95
2026-08-06T16:21:21+0900,NVIDIA GB10, 95
2026-08-06T16:21:26+0900,NVIDIA GB10, 95
2026-08-06T16:21:31+0900,NVIDIA GB10, 95
2026-08-06T16:21:36+0900,NVIDIA GB10, 95
2026-08-06T16:21:41+0900,NVIDIA GB10, 95
2026-08-06T16:21:46+0900,NVIDIA GB10, 95
2026-08-06T16:21:51+0900,NVIDIA GB10, 95
2026-08-06T16:21:56+0900,NVIDIA GB10, 95
2026-08-06T16:22:01+0900,NVIDIA GB10, 95
2026-08-06T16:22:06+0900,NVIDIA GB10, 95
2026-08-06T16:22:11+0900,NVIDIA GB10, 95
2026-08-06T16:22:16+0900,NVIDIA GB10, 95
2026-08-06T16:22:21+0900,NVIDIA GB10, 95
2026-08-06T16:22:26+0900,NVIDIA GB10, 95
2026-08-06T16:22:31+0900,NVIDIA GB10, 95
2026-08-06T16:22:36+0900,NVIDIA GB10, 95
2026-08-06T16:22:42+0900,NVIDIA GB10, 95
2026-08-06T16:22:47+0900,NVIDIA GB10, 95
2026-08-06T16:22:52+0900,NVIDIA GB10, 95
2026-08-06T16:22:57+0900,NVIDIA GB10, 95
2026-08-06T16:23:02+0900,NVIDIA GB10, 95
2026-08-06T16:23:07+0900,NVIDIA GB10, 95
2026-08-06T16:23:12+0900,NVIDIA GB10, 95
2026-08-06T16:23:17+0900,NVIDIA GB10, 95
2026-08-06T16:23:22+0900,NVIDIA GB10, 95
2026-08-06T16:23:27+0900,NVIDIA GB10, 95
2026-08-06T16:23:32+0900,NVIDIA GB10, 95
2026-08-06T16:23:37+0900,NVIDIA GB10, 95
2026-08-06T16:23:42+0900,NVIDIA GB10, 95
2026-08-06T16:23:47+0900,NVIDIA GB10, 95
2026-08-06T16:23:52+0900,NVIDIA GB10, 95
2026-08-06T16:23:57+0900,NVIDIA GB10, 95
2026-08-06T16:24:02+0900,NVIDIA GB10, 95
2026-08-06T16:24:07+0900,NVIDIA GB10, 95
2026-08-06T16:24:13+0900,NVIDIA GB10, 95
2026-08-06T16:24:18+0900,NVIDIA GB10, 95
2026-08-06T16:24:23+0900,NVIDIA GB10, 95
2026-08-06T16:24:28+0900,NVIDIA GB10, 95
2026-08-06T16:24:33+0900,NVIDIA GB10, 95
2026-08-06T16:24:38+0900,NVIDIA GB10, 95
2026-08-06T16:24:43+0900,NVIDIA GB10, 95
2026-08-06T16:24:48+0900,NVIDIA GB10, 95
2026-08-06T16:24:53+0900,NVIDIA GB10, 95
2026-08-06T16:24:58+0900,NVIDIA GB10, 95
2026-08-06T16:25:03+0900,NVIDIA GB10, 95
2026-08-06T16:25:08+0900,NVIDIA GB10, 95
2026-08-06T16:25:13+0900,NVIDIA GB10, 95
2026-08-06T16:25:18+0900,NVIDIA GB10, 95
2026-08-06T16:25:23+0900,NVIDIA GB10, 95
2026-08-06T16:25:28+0900,NVIDIA GB10, 95
2026-08-06T16:25:33+0900,NVIDIA GB10, 95
2026-08-06T16:25:39+0900,NVIDIA GB10, 95
2026-08-06T16:25:44+0900,NVIDIA GB10, 95
2026-08-06T16:25:49+0900,NVIDIA GB10, 95
2026-08-06T16:25:54+0900,NVIDIA GB10, 95
2026-08-06T16:25:59+0900,NVIDIA GB10, 95
2026-08-06T16:26:04+0900,NVIDIA GB10, 95
2026-08-06T16:26:09+0900,NVIDIA GB10, 95
2026-08-06T16:26:14+0900,NVIDIA GB10, 95
2026-08-06T16:26:19+0900,NVIDIA GB10, 95
2026-08-06T16:26:24+0900,NVIDIA GB10, 95
2026-08-06T16:26:29+0900,NVIDIA GB10, 95
2026-08-06T16:26:34+0900,NVIDIA GB10, 95
2026-08-06T16:26:39+0900,NVIDIA GB10, 95
2026-08-06T16:26:44+0900,NVIDIA GB10, 95
2026-08-06T16:26:49+0900,NVIDIA GB10, 95
2026-08-06T16:26:54+0900,NVIDIA GB10, 95
2026-08-06T16:26:59+0900,NVIDIA GB10, 95
2026-08-06T16:27:04+0900,NVIDIA GB10, 95
2026-08-06T16:27:10+0900,NVIDIA GB10, 95
2026-08-06T16:27:15+0900,NVIDIA GB10, 95
2026-08-06T16:27:20+0900,NVIDIA GB10, 95
2026-08-06T16:27:25+0900,NVIDIA GB10, 95
2026-08-06T16:27:30+0900,NVIDIA GB10, 95
2026-08-06T16:27:35+0900,NVIDIA GB10, 95
2026-08-06T16:27:40+0900,NVIDIA GB10, 95
2026-08-06T16:27:45+0900,NVIDIA GB10, 95
2026-08-06T16:27:50+0900,NVIDIA GB10, 95
2026-08-06T16:27:55+0900,NVIDIA GB10, 95
2026-08-06T16:28:00+0900,NVIDIA GB10, 95
2026-08-06T16:28:05+0900,NVIDIA GB10, 95
2026-08-06T16:28:10+0900,NVIDIA GB10, 95
2026-08-06T16:28:15+0900,NVIDIA GB10, 95
2026-08-06T16:28:20+0900,NVIDIA GB10, 95
2026-08-06T16:28:25+0900,NVIDIA GB10, 95
2026-08-06T16:28:30+0900,NVIDIA GB10, 95
2026-08-06T16:28:36+0900,NVIDIA GB10, 95
2026-08-06T16:28:41+0900,NVIDIA GB10, 95
2026-08-06T16:28:46+0900,NVIDIA GB10, 95
2026-08-06T16:28:51+0900,NVIDIA GB10, 95
2026-08-06T16:28:56+0900,NVIDIA GB10, 95
2026-08-06T16:29:01+0900,NVIDIA GB10, 95
2026-08-06T16:29:06+0900,NVIDIA GB10, 95
2026-08-06T16:29:11+0900,NVIDIA GB10, 95
2026-08-06T16:29:16+0900,NVIDIA GB10, 95
2026-08-06T16:29:21+0900,NVIDIA GB10, 95
2026-08-06T16:29:26+0900,NVIDIA GB10, 95
2026-08-06T16:29:31+0900,NVIDIA GB10, 95
2026-08-06T16:29:36+0900,NVIDIA GB10, 95
2026-08-06T16:29:41+0900,NVIDIA GB10, 95
2026-08-06T16:29:46+0900,NVIDIA GB10, 95
2026-08-06T16:29:51+0900,NVIDIA GB10, 95
2026-08-06T16:29:56+0900,NVIDIA GB10, 95
2026-08-06T16:30:02+0900,NVIDIA GB10, 95
2026-08-06T16:30:07+0900,NVIDIA GB10, 95
2026-08-06T16:30:12+0900,NVIDIA GB10, 95
2026-08-06T16:30:17+0900,NVIDIA GB10, 95
2026-08-06T16:30:22+0900,NVIDIA GB10, 95
2026-08-06T16:30:27+0900,NVIDIA GB10, 95
2026-08-06T16:30:32+0900,NVIDIA GB10, 95
2026-08-06T16:30:37+0900,NVIDIA GB10, 95
2026-08-06T16:30:42+0900,NVIDIA GB10, 95
2026-08-06T16:30:47+0900,NVIDIA GB10, 95
2026-08-06T16:30:52+0900,NVIDIA GB10, 95
2026-08-06T16:30:57+0900,NVIDIA GB10, 95
2026-08-06T16:31:02+0900,NVIDIA GB10, 95
2026-08-06T16:31:07+0900,NVIDIA GB10, 95
2026-08-06T16:31:12+0900,NVIDIA GB10, 95
2026-08-06T16:31:17+0900,NVIDIA GB10, 95
2026-08-06T16:31:22+0900,NVIDIA GB10, 95
2026-08-06T16:31:28+0900,NVIDIA GB10, 95
2026-08-06T16:31:33+0900,NVIDIA GB10, 95
2026-08-06T16:31:38+0900,NVIDIA GB10, 95
2026-08-06T16:31:43+0900,NVIDIA GB10, 95
2026-08-06T16:31:48+0900,NVIDIA GB10, 95
2026-08-06T16:31:53+0900,NVIDIA GB10, 95
2026-08-06T16:31:58+0900,NVIDIA GB10, 95
2026-08-06T16:32:03+0900,NVIDIA GB10, 95
2026-08-06T16:32:08+0900,NVIDIA GB10, 95
2026-08-06T16:32:13+0900,NVIDIA GB10, 95
2026-08-06T16:32:18+0900,NVIDIA GB10, 96
2026-08-06T16:32:23+0900,NVIDIA GB10, 96
2026-08-06T16:32:28+0900,NVIDIA GB10, 95
2026-08-06T16:32:33+0900,NVIDIA GB10, 95
2026-08-06T16:32:38+0900,NVIDIA GB10, 95
2026-08-06T16:32:43+0900,NVIDIA GB10, 95
2026-08-06T16:32:48+0900,NVIDIA GB10, 95
2026-08-06T16:32:54+0900,NVIDIA GB10, 95
2026-08-06T16:32:59+0900,NVIDIA GB10, 95
2026-08-06T16:33:04+0900,NVIDIA GB10, 95
2026-08-06T16:33:09+0900,NVIDIA GB10, 95
2026-08-06T16:33:14+0900,NVIDIA GB10, 95
2026-08-06T16:33:19+0900,NVIDIA GB10, 95
2026-08-06T16:33:24+0900,NVIDIA GB10, 95
2026-08-06T16:33:29+0900,NVIDIA GB10, 95
2026-08-06T16:33:34+0900,NVIDIA GB10, 95
2026-08-06T16:33:39+0900,NVIDIA GB10, 95
2026-08-06T16:33:44+0900,NVIDIA GB10, 95
2026-08-06T16:33:49+0900,NVIDIA GB10, 95
2026-08-06T16:33:54+0900,NVIDIA GB10, 95
2026-08-06T16:33:59+0900,NVIDIA GB10, 95
2026-08-06T16:34:04+0900,NVIDIA GB10, 95
2026-08-06T16:34:09+0900,NVIDIA GB10, 95
2026-08-06T16:34:15+0900,NVIDIA GB10, 95
2026-08-06T16:34:20+0900,NVIDIA GB10, 95
2026-08-06T16:34:25+0900,NVIDIA GB10, 95
2026-08-06T16:34:30+0900,NVIDIA GB10, 95
2026-08-06T16:34:35+0900,NVIDIA GB10, 95
2026-08-06T16:34:40+0900,NVIDIA GB10, 95
2026-08-06T16:34:45+0900,NVIDIA GB10, 95
2026-08-06T16:34:50+0900,NVIDIA GB10, 95
2026-08-06T16:34:55+0900,NVIDIA GB10, 95
2026-08-06T16:35:00+0900,NVIDIA GB10, 95
2026-08-06T16:35:05+0900,NVIDIA GB10, 95
2026-08-06T16:35:10+0900,NVIDIA GB10, 95
2026-08-06T16:35:15+0900,NVIDIA GB10, 95
2026-08-06T16:35:20+0900,NVIDIA GB10, 95
2026-08-06T16:35:25+0900,NVIDIA GB10, 95
2026-08-06T16:35:30+0900,NVIDIA GB10, 95
2026-08-06T16:35:35+0900,NVIDIA GB10, 95
2026-08-06T16:35:41+0900,NVIDIA GB10, 95
2026-08-06T16:35:46+0900,NVIDIA GB10, 95
2026-08-06T16:35:51+0900,NVIDIA GB10, 95
2026-08-06T16:35:56+0900,NVIDIA GB10, 95
2026-08-06T16:36:01+0900,NVIDIA GB10, 95
2026-08-06T16:36:06+0900,NVIDIA GB10, 95
2026-08-06T16:36:11+0900,NVIDIA GB10, 95
2026-08-06T16:36:16+0900,NVIDIA GB10, 95
2026-08-06T16:36:21+0900,NVIDIA GB10, 95
2026-08-06T16:36:26+0900,NVIDIA GB10, 95
2026-08-06T16:36:31+0900,NVIDIA GB10, 95
2026-08-06T16:36:36+0900,NVIDIA GB10, 95
2026-08-06T16:36:41+0900,NVIDIA GB10, 95
2026-08-06T16:36:46+0900,NVIDIA GB10, 95
2026-08-06T16:36:51+0900,NVIDIA GB10, 95
2026-08-06T16:36:56+0900,NVIDIA GB10, 95
2026-08-06T16:37:01+0900,NVIDIA GB10, 95
2026-08-06T16:37:07+0900,NVIDIA GB10, 96
2026-08-06T16:37:12+0900,NVIDIA GB10, 96
2026-08-06T16:37:17+0900,NVIDIA GB10, 95
2026-08-06T16:37:22+0900,NVIDIA GB10, 95
2026-08-06T16:37:27+0900,NVIDIA GB10, 95
2026-08-06T16:37:32+0900,NVIDIA GB10, 95
2026-08-06T16:37:37+0900,NVIDIA GB10, 95
2026-08-06T16:37:42+0900,NVIDIA GB10, 95
2026-08-06T16:37:47+0900,NVIDIA GB10, 95
2026-08-06T16:37:52+0900,NVIDIA GB10, 95
2026-08-06T16:37:57+0900,NVIDIA GB10, 95
2026-08-06T16:38:02+0900,NVIDIA GB10, 95
2026-08-06T16:38:07+0900,NVIDIA GB10, 95
2026-08-06T16:38:12+0900,NVIDIA GB10, 95
2026-08-06T16:38:17+0900,NVIDIA GB10, 95
2026-08-06T16:38:22+0900,NVIDIA GB10, 95
2026-08-06T16:38:27+0900,NVIDIA GB10, 95
2026-08-06T16:38:32+0900,NVIDIA GB10, 95
2026-08-06T16:38:38+0900,NVIDIA GB10, 95
2026-08-06T16:38:43+0900,NVIDIA GB10, 95
2026-08-06T16:38:48+0900,NVIDIA GB10, 95
2026-08-06T16:38:53+0900,NVIDIA GB10, 95
2026-08-06T16:38:58+0900,NVIDIA GB10, 95
2026-08-06T16:39:03+0900,NVIDIA GB10, 95
2026-08-06T16:39:08+0900,NVIDIA GB10, 95
2026-08-06T16:39:13+0900,NVIDIA GB10, 95
2026-08-06T16:39:18+0900,NVIDIA GB10, 95
2026-08-06T16:39:23+0900,NVIDIA GB10, 95
2026-08-06T16:39:28+0900,NVIDIA GB10, 95
2026-08-06T16:39:33+0900,NVIDIA GB10, 95
2026-08-06T16:39:38+0900,NVIDIA GB10, 95
2026-08-06T16:39:43+0900,NVIDIA GB10, 95
2026-08-06T16:39:48+0900,NVIDIA GB10, 95
2026-08-06T16:39:53+0900,NVIDIA GB10, 95
2026-08-06T16:39:59+0900,NVIDIA GB10, 95
2026-08-06T16:40:04+0900,NVIDIA GB10, 95
2026-08-06T16:40:09+0900,NVIDIA GB10, 95
2026-08-06T16:40:14+0900,NVIDIA GB10, 95
2026-08-06T16:40:19+0900,NVIDIA GB10, 95
2026-08-06T16:40:24+0900,NVIDIA GB10, 95
2026-08-06T16:40:29+0900,NVIDIA GB10, 95
2026-08-06T16:40:34+0900,NVIDIA GB10, 95
2026-08-06T16:40:39+0900,NVIDIA GB10, 95
2026-08-06T16:40:44+0900,NVIDIA GB10, 95
2026-08-06T16:40:49+0900,NVIDIA GB10, 95
2026-08-06T16:40:54+0900,NVIDIA GB10, 95
2026-08-06T16:40:59+0900,NVIDIA GB10, 95
2026-08-06T16:41:04+0900,NVIDIA GB10, 95
2026-08-06T16:41:09+0900,NVIDIA GB10, 95
2026-08-06T16:41:14+0900,NVIDIA GB10, 95
2026-08-06T16:41:19+0900,NVIDIA GB10, 95
2026-08-06T16:41:25+0900,NVIDIA GB10, 95
2026-08-06T16:41:30+0900,NVIDIA GB10, 95
2026-08-06T16:41:35+0900,NVIDIA GB10, 95
2026-08-06T16:41:40+0900,NVIDIA GB10, 95
2026-08-06T16:41:45+0900,NVIDIA GB10, 95
2026-08-06T16:41:50+0900,NVIDIA GB10, 95
2026-08-06T16:41:55+0900,NVIDIA GB10, 95
2026-08-06T16:42:00+0900,NVIDIA GB10, 95
2026-08-06T16:42:05+0900,NVIDIA GB10, 95
2026-08-06T16:42:10+0900,NVIDIA GB10, 95
2026-08-06T16:42:15+0900,NVIDIA GB10, 95
2026-08-06T16:42:20+0900,NVIDIA GB10, 95
2026-08-06T16:42:25+0900,NVIDIA GB10, 95
2026-08-06T16:42:30+0900,NVIDIA GB10, 95
2026-08-06T16:42:35+0900,NVIDIA GB10, 95
2026-08-06T16:42:40+0900,NVIDIA GB10, 95
2026-08-06T16:42:45+0900,NVIDIA GB10, 95
2026-08-06T16:42:51+0900,NVIDIA GB10, 95
2026-08-06T16:42:56+0900,NVIDIA GB10, 95
2026-08-06T16:43:01+0900,NVIDIA GB10, 95
2026-08-06T16:43:06+0900,NVIDIA GB10, 95
2026-08-06T16:43:11+0900,NVIDIA GB10, 95
2026-08-06T16:43:16+0900,NVIDIA GB10, 95
2026-08-06T16:43:21+0900,NVIDIA GB10, 95
2026-08-06T16:43:26+0900,NVIDIA GB10, 95
2026-08-06T16:43:31+0900,NVIDIA GB10, 95
2026-08-06T16:43:36+0900,NVIDIA GB10, 95
2026-08-06T16:43:41+0900,NVIDIA GB10, 95
2026-08-06T16:43:46+0900,NVIDIA GB10, 95
2026-08-06T16:43:51+0900,NVIDIA GB10, 95
2026-08-06T16:43:56+0900,NVIDIA GB10, 95
2026-08-06T16:44:01+0900,NVIDIA GB10, 95
2026-08-06T16:44:06+0900,NVIDIA GB10, 95
2026-08-06T16:44:11+0900,NVIDIA GB10, 95
2026-08-06T16:44:17+0900,NVIDIA GB10, 95
2026-08-06T16:44:22+0900,NVIDIA GB10, 95
2026-08-06T16:44:27+0900,NVIDIA GB10, 95
2026-08-06T16:44:32+0900,NVIDIA GB10, 95
2026-08-06T16:44:37+0900,NVIDIA GB10, 95
2026-08-06T16:44:42+0900,NVIDIA GB10, 95
2026-08-06T16:44:47+0900,NVIDIA GB10, 95
2026-08-06T16:44:52+0900,NVIDIA GB10, 95
2026-08-06T16:44:57+0900,NVIDIA GB10, 95
2026-08-06T16:45:02+0900,NVIDIA GB10, 95
2026-08-06T16:45:07+0900,NVIDIA GB10, 95
2026-08-06T16:45:12+0900,NVIDIA GB10, 95
2026-08-06T16:45:17+0900,NVIDIA GB10, 95
2026-08-06T16:45:22+0900,NVIDIA GB10, 95
2026-08-06T16:45:27+0900,NVIDIA GB10, 95
2026-08-06T16:45:32+0900,NVIDIA GB10, 95
2026-08-06T16:45:37+0900,NVIDIA GB10, 95
2026-08-06T16:45:43+0900,NVIDIA GB10, 95
2026-08-06T16:45:48+0900,NVIDIA GB10, 95
2026-08-06T16:45:53+0900,NVIDIA GB10, 95
2026-08-06T16:45:58+0900,NVIDIA GB10, 95
2026-08-06T16:46:03+0900,NVIDIA GB10, 95
2026-08-06T16:46:08+0900,NVIDIA GB10, 95
2026-08-06T16:46:13+0900,NVIDIA GB10, 95
2026-08-06T16:46:18+0900,NVIDIA GB10, 95
2026-08-06T16:46:23+0900,NVIDIA GB10, 95
2026-08-06T16:46:28+0900,NVIDIA GB10, 95
2026-08-06T16:46:33+0900,NVIDIA GB10, 95
2026-08-06T16:46:38+0900,NVIDIA GB10, 95
2026-08-06T16:46:43+0900,NVIDIA GB10, 95
2026-08-06T16:46:48+0900,NVIDIA GB10, 95
2026-08-06T16:46:53+0900,NVIDIA GB10, 95
2026-08-06T16:46:58+0900,NVIDIA GB10, 95
2026-08-06T16:47:03+0900,NVIDIA GB10, 95
2026-08-06T16:47:08+0900,NVIDIA GB10, 95
2026-08-06T16:47:14+0900,NVIDIA GB10, 95
2026-08-06T16:47:19+0900,NVIDIA GB10, 95
2026-08-06T16:47:24+0900,NVIDIA GB10, 95
2026-08-06T16:47:29+0900,NVIDIA GB10, 95
2026-08-06T16:47:34+0900,NVIDIA GB10, 95
2026-08-06T16:47:39+0900,NVIDIA GB10, 95
2026-08-06T16:47:44+0900,NVIDIA GB10, 95
2026-08-06T16:47:49+0900,NVIDIA GB10, 95
2026-08-06T16:47:54+0900,NVIDIA GB10, 95
2026-08-06T16:47:59+0900,NVIDIA GB10, 95
2026-08-06T16:48:04+0900,NVIDIA GB10, 95
2026-08-06T16:48:09+0900,NVIDIA GB10, 95
2026-08-06T16:48:14+0900,NVIDIA GB10, 95
2026-08-06T16:48:19+0900,NVIDIA GB10, 95
2026-08-06T16:48:24+0900,NVIDIA GB10, 95
2026-08-06T16:48:29+0900,NVIDIA GB10, 95
2026-08-06T16:48:34+0900,NVIDIA GB10, 94
2026-08-06T16:48:40+0900,NVIDIA GB10, 94
2026-08-06T16:48:45+0900,NVIDIA GB10, 95
2026-08-06T16:48:50+0900,NVIDIA GB10, 94
2026-08-06T16:48:55+0900,NVIDIA GB10, 94
2026-08-06T16:49:00+0900,NVIDIA GB10, 94
2026-08-06T16:49:05+0900,NVIDIA GB10, 94
2026-08-06T16:49:10+0900,NVIDIA GB10, 94
2026-08-06T16:49:15+0900,NVIDIA GB10, 95
2026-08-06T16:49:20+0900,NVIDIA GB10, 95
2026-08-06T16:49:25+0900,NVIDIA GB10, 95
2026-08-06T16:49:30+0900,NVIDIA GB10, 94
2026-08-06T16:49:35+0900,NVIDIA GB10, 95
2026-08-06T16:49:40+0900,NVIDIA GB10, 94
2026-08-06T16:49:45+0900,NVIDIA GB10, 95
2026-08-06T16:49:50+0900,NVIDIA GB10, 95
2026-08-06T16:49:55+0900,NVIDIA GB10, 95
2026-08-06T16:50:00+0900,NVIDIA GB10, 95
2026-08-06T16:50:05+0900,NVIDIA GB10, 94
2026-08-06T16:50:10+0900,NVIDIA GB10, 94
2026-08-06T16:50:16+0900,NVIDIA GB10, 94
2026-08-06T16:50:21+0900,NVIDIA GB10, 94
2026-08-06T16:50:26+0900,NVIDIA GB10, 95
2026-08-06T16:50:31+0900,NVIDIA GB10, 95
2026-08-06T16:50:36+0900,NVIDIA GB10, 94
2026-08-06T16:50:41+0900,NVIDIA GB10, 94
2026-08-06T16:50:46+0900,NVIDIA GB10, 95
2026-08-06T16:50:51+0900,NVIDIA GB10, 94
2026-08-06T16:50:56+0900,NVIDIA GB10, 94
2026-08-06T16:51:01+0900,NVIDIA GB10, 95
2026-08-06T16:51:06+0900,NVIDIA GB10, 94
2026-08-06T16:51:11+0900,NVIDIA GB10, 94
2026-08-06T16:51:16+0900,NVIDIA GB10, 95
2026-08-06T16:51:21+0900,NVIDIA GB10, 94
2026-08-06T16:51:26+0900,NVIDIA GB10, 95
2026-08-06T16:51:31+0900,NVIDIA GB10, 94
2026-08-06T16:51:36+0900,NVIDIA GB10, 94
2026-08-06T16:51:41+0900,NVIDIA GB10, 94
2026-08-06T16:51:46+0900,NVIDIA GB10, 94
2026-08-06T16:51:52+0900,NVIDIA GB10, 94
2026-08-06T16:51:57+0900,NVIDIA GB10, 94
2026-08-06T16:52:02+0900,NVIDIA GB10, 94
2026-08-06T16:52:07+0900,NVIDIA GB10, 94
2026-08-06T16:52:12+0900,NVIDIA GB10, 95
2026-08-06T16:52:17+0900,NVIDIA GB10, 94
2026-08-06T16:52:22+0900,NVIDIA GB10, 94
2026-08-06T16:52:27+0900,NVIDIA GB10, 94
2026-08-06T16:52:32+0900,NVIDIA GB10, 94
2026-08-06T16:52:37+0900,NVIDIA GB10, 94
2026-08-06T16:52:42+0900,NVIDIA GB10, 94
2026-08-06T16:52:47+0900,NVIDIA GB10, 94
2026-08-06T16:52:52+0900,NVIDIA GB10, 95
2026-08-06T16:52:57+0900,NVIDIA GB10, 94
2026-08-06T16:53:02+0900,NVIDIA GB10, 94
2026-08-06T16:53:07+0900,NVIDIA GB10, 94
2026-08-06T16:53:12+0900,NVIDIA GB10, 94
2026-08-06T16:53:17+0900,NVIDIA GB10, 94
2026-08-06T16:53:23+0900,NVIDIA GB10, 94
2026-08-06T16:53:28+0900,NVIDIA GB10, 94
2026-08-06T16:53:33+0900,NVIDIA GB10, 95
2026-08-06T16:53:38+0900,NVIDIA GB10, 95
2026-08-06T16:53:43+0900,NVIDIA GB10, 95
2026-08-06T16:53:48+0900,NVIDIA GB10, 95
2026-08-06T16:53:53+0900,NVIDIA GB10, 94
2026-08-06T16:53:58+0900,NVIDIA GB10, 95
2026-08-06T16:54:03+0900,NVIDIA GB10, 94
2026-08-06T16:54:08+0900,NVIDIA GB10, 95
2026-08-06T16:54:13+0900,NVIDIA GB10, 95
2026-08-06T16:54:18+0900,NVIDIA GB10, 94
2026-08-06T16:54:23+0900,NVIDIA GB10, 94
2026-08-06T16:54:28+0900,NVIDIA GB10, 94
2026-08-06T16:54:33+0900,NVIDIA GB10, 95
2026-08-06T16:54:38+0900,NVIDIA GB10, 95
2026-08-06T16:54:43+0900,NVIDIA GB10, 94
2026-08-06T16:54:48+0900,NVIDIA GB10, 94
2026-08-06T16:54:54+0900,NVIDIA GB10, 95
2026-08-06T16:54:59+0900,NVIDIA GB10, 94
2026-08-06T16:55:04+0900,NVIDIA GB10, 94
2026-08-06T16:55:09+0900,NVIDIA GB10, 94
2026-08-06T16:55:14+0900,NVIDIA GB10, 94
2026-08-06T16:55:19+0900,NVIDIA GB10, 95
2026-08-06T16:55:24+0900,NVIDIA GB10, 95
2026-08-06T16:55:29+0900,NVIDIA GB10, 94
2026-08-06T16:55:34+0900,NVIDIA GB10, 95
2026-08-06T16:55:39+0900,NVIDIA GB10, 94
2026-08-06T16:55:44+0900,NVIDIA GB10, 95
2026-08-06T16:55:49+0900,NVIDIA GB10, 94
2026-08-06T16:55:54+0900,NVIDIA GB10, 95
2026-08-06T16:55:59+0900,NVIDIA GB10, 94
2026-08-06T16:56:04+0900,NVIDIA GB10, 95
2026-08-06T16:56:09+0900,NVIDIA GB10, 94
2026-08-06T16:56:14+0900,NVIDIA GB10, 94
2026-08-06T16:56:19+0900,NVIDIA GB10, 95
2026-08-06T16:56:24+0900,NVIDIA GB10, 94
2026-08-06T16:56:30+0900,NVIDIA GB10, 94
2026-08-06T16:56:35+0900,NVIDIA GB10, 95
2026-08-06T16:56:40+0900,NVIDIA GB10, 94
2026-08-06T16:56:45+0900,NVIDIA GB10, 95
2026-08-06T16:56:50+0900,NVIDIA GB10, 95
2026-08-06T16:56:55+0900,NVIDIA GB10, 95
2026-08-06T16:57:00+0900,NVIDIA GB10, 94
2026-08-06T16:57:05+0900,NVIDIA GB10, 94
2026-08-06T16:57:10+0900,NVIDIA GB10, 95
2026-08-06T16:57:15+0900,NVIDIA GB10, 95
2026-08-06T16:57:20+0900,NVIDIA GB10, 95
2026-08-06T16:57:25+0900,NVIDIA GB10, 94
2026-08-06T16:57:30+0900,NVIDIA GB10, 94
2026-08-06T16:57:35+0900,NVIDIA GB10, 94
2026-08-06T16:57:40+0900,NVIDIA GB10, 94
2026-08-06T16:57:45+0900,NVIDIA GB10, 94
2026-08-06T16:57:50+0900,NVIDIA GB10, 95
2026-08-06T16:57:55+0900,NVIDIA GB10, 0
