similarity,id_a,category_a,id_b,category_b,same_category
1.000000,"충돌_낚시어선_나라2호,_무등록선박_충돌사건","충돌","충돌_낚시어선_나라2호_무등록_선박_충돌사건","충돌",1
1.000000,"좌초_예인선_대인호_좌초사건","좌초","좌초_예인선_대인호_좌초사건_1","좌초",1
0.986092,"접촉_컨테이너선_밀라노브릿지_부산신항_크레인_접촉사건","접촉","접촉_컨테이너선_밀라노브릿지_부산신항_크레인_접촉사건_1","접촉",1
0.985858,"인명사상_어선_제809주영호_선원부상사건","인명사상","인명사상_어선_제809주영호_선원사망사건","인명사상",1
0.939669,"좌초_어선_제102영선호_좌초사건","좌초","좌초_어선_제156대화호_촤조사건","좌초",1
0.938353,"인명사상_어선_1만복호_선원사망사건","인명사상","인명사상_어선_제505협신호_선원사망사건_1","인명사상",1
0.918448,"충돌_어선_도진호_어선_진성호_충돌사건","충돌","충돌_어선_제2013현진호_어선_용성호_충돌사건","충돌",1
0.917891,"충돌_어선_용성호·어선_범일호_충돌사건","충돌","충돌_어선_제2013현진호_어선_용성호_충돌사건","충돌",1
0.917488,"기타_철광석운반선_스텔라유니콘(STELLAR_UNICORN)_기타(선체외판손상)_사건","기타","기타_철광석운반선_스텔라퀸_기타(상갑판손상)사건","기타",1
0.915342,"화재_어선_방주호_화재사건","화재","화재_어선_제1금강호_화재사건","화재",1
0.915202,"좌초_어선_만경호_좌초사건","좌초","좌초_어선_제83양진호_좌초사건","좌초",1
0.914251,"좌초_낚시어선_오션마스터호_좌초사건","좌초","좌초_낚시어선_피싱랜드호_좌초사건","좌초",1
0.914070,"인명사상_어선_만복호_선원부상사건","인명사상","인명사상_어선_제7환경호_선원부상사건","인명사상",1
0.912373,"충돌_어선_도진호_어선_진성호_충돌사건","충돌","충돌_어선_용성호·어선_범일호_충돌사건","충돌",1
0.903219,"좌초_어선_제11동일호_좌초사건","좌초","충돌_어선_용성호·어선_범일호_충돌사건","충돌",0
0.901433,"해양오염_부선_에스비1603호_해양오염사건","해양오염","해양오염_예인선_창일201호_해양오염사건","해양오염",1
0.901385,"인명사상_어선_바다2호_선원사망사건","인명사상","인명사상_어선_장미2호_선원사망사건","인명사상",1
0.901256,"인명사상_어선_금강7호_선원사망사건","인명사상","인명사상_어선_대건호_선원부상사건","인명사상",1
0.900903,"좌초_어선_기흥호_좌초사건","좌초","좌초_어선_서온호_좌초사건","좌초",1
0.894982,"전복_어선_제7074창진호_전복사건","전복","전복_어선_제708만복호_전복사건","전복",1
0.894019,"충돌_어선_대복호.어선_아진호_충돌사건","충돌","충돌_어선_삼광호.어선_성동호_충돌사건","충돌",1
0.893277,"좌초_어선_기흥호_좌초사건","좌초","좌초_어선_평은77호_좌초사건","좌초",1
0.893176,"인명사상_어선_건양호_선원사망사건","인명사상","인명사상_어선_성복호_선원사망사건","인명사상",1
0.891714,"좌초_어선_제156대화호_촤조사건","좌초","좌초_어선_제66함성호_좌초사건","좌초",1
0.891058,"좌초_어선_제102영선호_좌초사건","좌초","좌초_어선_제66함성호_좌초사건","좌초",1
0.890861,"충돌_어선_203원창호.어선_제3광림호_충돌사건","충돌","충돌_어선_2하나호.어선_지영호_충돌사건","충돌",1
0.890220,"화재_어선_제103수복호_화재사건","화재","화재_어선_제365청신호_화재사건","화재",1
0.889978,"충돌_어선_제108연창호,_모터보트_야호_충돌사건","충돌","충돌_어선_제305만석호&어선_제3한진호_충돌사건","충돌",1
0.889725,"인명사상_어선_제11태화호_선원사망사건","인명사상","인명사상_어선_천금호_선원사망사건","인명사상",1
0.888323,"충돌_어선_은성호,_어선_이화호_충돌사건","충돌","충돌_어선_제27화승호&어선_화경호_충돌사건","충돌",1
0.887743,"인명사상_어선_27협신호_선원사망사건","인명사상","인명사상_어선_301광명호_선원사망사건","인명사상",1
0.887628,"좌초_낚시어선_오션마스터호_좌초사건","좌초","좌초_낚시어선_진스타호_좌초사건","좌초",1
0.887349,"충돌_어선_212성지호&어선_용궁호_충돌사건","충돌","충돌_어선_제2017대청호&어선_경덕호_충돌사건","충돌",1
0.886691,"인명사상_어선_제11태화호_선원사망사건","인명사상","인명사상_어선_제31금영호_선원부상사건","인명사상",1
0.886680,"인명사상_어선_대건호_선원부상사건","인명사상","인명사상_어선_청강호_선원사망사건","인명사상",1
0.886020,"인명사상_어선_27협신호_선원사망사건","인명사상","인명사상_어선_원성호_선원부상사건(약식)","인명사상",1
0.885881,"화재_어선_제3문성호_화재사건","화재","화재_어선_채민호_화재사건","화재",1
0.885796,"접촉_낚시어선_모하비호_거가대교_교각접촉사건","접촉","접촉_낚시어선_허리케인호_거가대교_교각접촉사건","접촉",1
0.885736,"인명사상_어선_제23보경호_선원사망사건","인명사상","인명사상_어선_천금호_선원사망사건","인명사상",1
0.885666,"인명사상_어선_제3명신호_선원사망사건","인명사상","인명사상_어선_제809주영호_선원부상사건","인명사상",1
0.885277,"인명사상_어선_제809주영호_선원부상사건","인명사상","좌초_어선_지영호_좌초사건","좌초",0
0.884378,"기관손상_어선_제209신광호_기관손상사건","기관손상","인명사상_어선_제809주영호_선원부상사건","인명사상",0
0.883664,"충돌_낚시어선_현대호,_어선_풍차호_충돌사건","충돌","충돌_어선_은성호,_어선_이화호_충돌사건","충돌",1
0.883300,"접촉_어선_광영호_방파제_접촉사건","접촉","좌초_어선_제11동일호_좌초사건","좌초",0
0.882943,"충돌_어선_경덕호,_모터보트_봄봄_충돌사건","충돌","충돌_어선_혜수호-모터보트_해호_충돌사건","충돌",1
0.882784,"좌초_어선_제2019덕성호_좌초사건","좌초","화재_어선_제3문성호_화재사건","화재",0
0.882101,"충돌_낚시어선_금성피싱호&어선_수진호_충돌사건","충돌","충돌_어선_제27화승호&어선_화경호_충돌사건","충돌",1
0.881961,"인명사상_어선_27협신호_선원사망사건","인명사상","인명사상_어선_제2022대경호_선원부상사건","인명사상",1
0.881872,"인명사상_어선_대건호_선원부상사건","인명사상","인명사상_어선_선경2호_선원사망사건","인명사상",1
0.881816,"인명사상_어선_제306민금호_선원부상사건","인명사상","인명사상_어선_제311길령호_선원사망사건","인명사상",1
