id,category,filename,x,y,z
기관손상_석유제품운반선_제1은희호_기관손상사건,기관손상,기관손상_석유제품운반선_제1은희호_기관손상사건.hwp,-5.1394,28.0399,3.6434
기관손상_어선_제209신광호_기관손상사건,기관손상,기관손상_어선_제209신광호_기관손상사건.hwp,-2.7968,-19.9931,-23.8039
기관손상_카페리선_골드카페리호_기관손상사건,기관손상,기관손상_카페리선_골드카페리호_기관손상사건.pdf,-23.0353,28.0739,-1.3258
기관손상_카페리여객선_대형카훼리3호_기관손상사건,기관손상,기관손상_카페리여객선_대형카훼리3호_기관손상사건.hwp,-26.2772,-15.4845,13.4412
기관손상_카페리여객선_드림아일랜드호_기관손상사건,기관손상,기관손상_카페리여객선_드림아일랜드호_기관손상사건.hwp,-19.9207,-25.1919,18.5089
기관손상_카페리여객선_섬사랑6호_기관손상사건,기관손상,기관손상_카페리여객선_섬사랑6호_기관손상사건.hwp,-6.1425,-6.9289,11.2083
기타_광석운반선_시노글로리호_침수사건,기타,기타_광석운반선_시노글로리호_침수사건.hwp,-34.3656,12.4396,14.6672
기타_낚시어선_호진호_선체손상사건,기타,기타_낚시어선_호진호_선체손상사건.hwp,26.5025,2.6419,38.7754
기타_산적화물선_씨칭다오_기관실_침수사건,기타,기타_산적화물선_씨칭다오_기관실_침수사건.pdf,-41.2962,6.5649,-5.6719
기타_어선_동강2호_닻줄_손상사건,기타,기타_어선_동강2호_닻줄_손상사건.pdf,-2.6,-40.2808,-2.71
기타_어선_신아호_침수사건,기타,기타_어선_신아호_침수사건.pdf,-10.8361,31.3203,5.0099
기타_어선_제207성진호_침수사건,기타,기타_어선_제207성진호_침수사건.hwpx,7.1661,-5.2175,-9.154
기타_여객선_북도고속페리호_정박_부표줄_감김사건,기타,기타_여객선_북도고속페리호_정박_부표줄_감김사건.pdf,-8.1832,22.038,-1.4296
기타_여객선_씨스타11호_기타(객실_창문_손상)사건,기타,기타_여객선_씨스타11호_기타(객실_창문_손상)사건.hwp,1.7917,-33.6811,-10.5461
기타_예인선_201해송의_피예인부선_마린1호_침수사건,기타,기타_예인선_201해송의_피예인부선_마린1호_침수사건.hwpx,-27.6908,6.5707,17.9867
기타_예인선_강남티-15호_침수사건,기타,기타_예인선_강남티-15호_침수사건.hwp,-17.2785,6.6905,5.7794
기타_철광석운반선_솔라앰버(SOLAR_EMBER)_기타(선체외판손상)_사건,기타,기타_철광석운반선_솔라앰버(SOLAR_EMBER)_기타(선체외판손상)_사건.hwp,-30.8428,7.993,23.0418
기타_철광석운반선_스텔라유니콘(STELLAR_UNICORN)_기타(선체외판손상)_사건,기타,기타_철광석운반선_스텔라유니콘(STELLAR_UNICORN)_기타(선체외판손상)_사건.hwp,-29.8476,8.2125,26.6477
기타_철광석운반선_스텔라퀸_기타(상갑판손상)사건,기타,기타_철광석운반선_스텔라퀸_기타(상갑판손상)사건.hwp,-29.3302,5.3247,28.1905
속구손상_예인선_36금양호_속구손상사건,속구손상,속구손상_예인선_36금양호_속구손상사건.pdf,-19.3766,18.7143,2.0116
시설물손상_어선_베드로호_양식장_손상사건,시설물손상,시설물손상_어선_베드로호_양식장_손상사건.hwp,17.312,19.8947,-13.1179
시설물손상_여객선_북도고속페리호_장봉도선착장_손상사건,시설물손상,시설물손상_여객선_북도고속페리호_장봉도선착장_손상사건.pdf,15.881,25.8241,22.738
시설물손상_예인선_201교동호의_피예인부선_교동비피101호에_의한_어선_연가_d7a3b8d4,시설물손상,시설물손상_예인선_201교동호의_피예인부선_교동비피101호에_의한_어선_연가_d7a3b8d4.hwp,-8.901,16.9718,7.9934
시설물손상_유류_및_액체화학품산적운반선_거영드림3_폭발사건,시설물손상,시설물손상_유류_및_액체화학품산적운반선_거영드림3_폭발사건.hwp,-31.0052,2.9827,17.3896
시설물손상_철광석운반선_스텔라퀸기타(상갑판_손상)사건,시설물손상,시설물손상_철광석운반선_스텔라퀸기타(상갑판_손상)사건.hwp,-36.1403,5.55,-11.9921
운항저해_여객선_북도고속페리호_운항저해사건,운항저해,운항저해_여객선_북도고속페리호_운항저해사건.pdf,13.1339,27.6881,23.5476
운항저해_카페리여객선_비금아일랜드호_운항저해사건,운항저해,운항저해_카페리여객선_비금아일랜드호_운항저해사건.hwp,-18.6942,-23.1513,16.3493
인명사상_광석운반선_시_차오페이뎬_선원사망사건,인명사상,인명사상_광석운반선_시_차오페이뎬_선원사망사건.hwpx,-8.2516,-29.285,4.4456
인명사상_급유선_대양호_선원_등_부상사건,인명사상,인명사상_급유선_대양호_선원_등_부상사건.hwpx,-43.6742,7.6545,-9.0205
인명사상_기타선_빼리호_전복사건,인명사상,인명사상_기타선_빼리호_전복사건.hwp,-16.192,-6.9828,-1.9302
인명사상_기타선_해바라기호_관광객부상사건,인명사상,인명사상_기타선_해바라기호_관광객부상사건.hwp,-2.5071,18.2099,37.5857
인명사상_낚시어선_다원호_승객부상사건,인명사상,인명사상_낚시어선_다원호_승객부상사건.hwp,30.5447,-4.904,23.4277
인명사상_낚시어선_삼흥호_승객사망사건,인명사상,인명사상_낚시어선_삼흥호_승객사망사건.hwpx,15.5845,15.057,27.089
인명사상_낚시어선_신진호_승객부상사건,인명사상,인명사상_낚시어선_신진호_승객부상사건.hwp,-27.146,25.4367,-16.0623
인명사상_낚시어선_트윈스호_수중레저활동자_부상사건,인명사상,인명사상_낚시어선_트윈스호_수중레저활동자_부상사건.hwp,35.8606,-4.901,4.9966
인명사상_모터보트_라운지_잠수부_사망사건,인명사상,인명사상_모터보트_라운지_잠수부_사망사건.hwp,17.09,31.8646,0.2059
인명사상_모터보트_로얄마린_수중레저활동자_사망사건,인명사상,인명사상_모터보트_로얄마린_수중레저활동자_사망사건.hwpx,14.7334,28.4397,-2.9112
인명사상_부선_한강6호_선원사망사건,인명사상,인명사상_부선_한강6호_선원사망사건.pdf,-17.3599,-37.2065,-10.1578
인명사상_산적화물선_디엘아이비_작업원_사망사건,인명사상,인명사상_산적화물선_디엘아이비_작업원_사망사건.pdf,-19.7713,-10.7673,-13.4959
인명사상_산적화물선_프린세스호_작업원부상사건,인명사상,인명사상_산적화물선_프린세스호_작업원부상사건.hwp,-26.8249,17.2556,-23.0377
인명사상_석유제품운반선_한유비전_선원부상사건,인명사상,인명사상_석유제품운반선_한유비전_선원부상사건.hwpx,-21.3778,1.6197,-2.9651
인명사상_시험조사선_이사부호_선원사망사건,인명사상,인명사상_시험조사선_이사부호_선원사망사건.hwp,-15.6014,-18.9267,-10.8239
인명사상_액체화학품산적운반선_골든_브리지_하나_선원사망사건,인명사상,인명사상_액체화학품산적운반선_골든_브리지_하나_선원사망사건.hwp,-22.5165,19.0592,-28.2989
인명사상_액화천연가스운반선_현대_테크노피아_선원사망사건,인명사상,인명사상_액화천연가스운반선_현대_테크노피아_선원사망사건.hwp,-25.4643,16.8588,-18.7696
인명사상_어선_103대승호_선원부상사건,인명사상,인명사상_어선_103대승호_선원부상사건.pdf,14.6764,-12.3953,-24.2604
인명사상_어선_12재성호_선원부상사건,인명사상,인명사상_어선_12재성호_선원부상사건.hwp,4.1047,27.7356,-25.0383
인명사상_어선_1만복호_선원사망사건,인명사상,인명사상_어선_1만복호_선원사망사건.hwp,-0.9621,8.8986,-32.8555
인명사상_어선_2020안성호_선원사망사건,인명사상,인명사상_어선_2020안성호_선원사망사건.hwpx,-3.9714,-7.3035,-9.9292
인명사상_어선_202미성호_선원사망사건,인명사상,인명사상_어선_202미성호_선원사망사건.hwpx,-18.4842,26.1862,-27.3515
인명사상_어선_203남광호_선원사망사건,인명사상,인명사상_어선_203남광호_선원사망사건.hwp,-1.5829,1.7815,-24.7011
인명사상_어선_206분도호_선원사망사건,인명사상,인명사상_어선_206분도호_선원사망사건.hwpx,-17.1906,22.7001,-26.8676
인명사상_어선_209대청호_선원사망사건,인명사상,인명사상_어선_209대청호_선원사망사건.hwpx,7.8638,14.2189,-35.4184
인명사상_어선_219신흥호_선원부상사건,인명사상,인명사상_어선_219신흥호_선원부상사건.hwp,0.1597,3.5539,-11.1598
인명사상_어선_221대성호_선원사망사건,인명사상,인명사상_어선_221대성호_선원사망사건.pdf,-14.4859,11.3465,-21.9925
인명사상_어선_27협신호_선원사망사건,인명사상,인명사상_어선_27협신호_선원사망사건.hwpx,-0.499,-1.1514,-23.4434
인명사상_어선_2유덕호_선원부상사건,인명사상,인명사상_어선_2유덕호_선원부상사건.hwpx,10.993,22.3352,-18.0181
인명사상_어선_2통일호_선원사망사건,인명사상,인명사상_어선_2통일호_선원사망사건.pdf,1.8516,3.8643,-17.6161
인명사상_어선_301광명호_선원사망사건,인명사상,인명사상_어선_301광명호_선원사망사건.hwpx,-0.2831,5.7019,-23.5406
인명사상_어선_313태양호_선원사망사건,인명사상,인명사상_어선_313태양호_선원사망사건.hwpx,-5.5096,-3.6791,-8.8864
인명사상_어선_603조일호_선원사망사건,인명사상,인명사상_어선_603조일호_선원사망사건.hwp,9.1303,13.7314,-40.8977
인명사상_어선_78임수호_선원사망사건,인명사상,인명사상_어선_78임수호_선원사망사건.hwp,4.6825,29.6393,-5.8662
인명사상_어선_9009경진호_선원사망사건,인명사상,인명사상_어선_9009경진호_선원사망사건.hwp,2.1818,14.8579,-36.7383
인명사상_어선_9민성호_선원부상사건,인명사상,인명사상_어선_9민성호_선원부상사건.pdf,-2.6453,19.3164,-17.9588
인명사상_어선_가람호_선원부상사건,인명사상,인명사상_어선_가람호_선원부상사건.pdf,-9.3661,32.2584,-25.1896
인명사상_어선_건양호_선원사망사건,인명사상,인명사상_어선_건양호_선원사망사건.pdf,-15.5297,13.9196,-26.5143
인명사상_어선_광일호_선원부상사건,인명사상,인명사상_어선_광일호_선원부상사건.pdf,-11.1315,30.2706,-11.8886
인명사상_어선_광정15호_선원사망사건,인명사상,인명사상_어선_광정15호_선원사망사건.hwpx,16.4073,9.9618,-18.2232
인명사상_어선_금강7호_선원사망사건,인명사상,인명사상_어선_금강7호_선원사망사건.pdf,-3.6262,26.3855,-19.9562
인명사상_어선_대건호_선원부상사건,인명사상,인명사상_어선_대건호_선원부상사건.pdf,-5.7434,22.9375,-17.1987
인명사상_어선_대신5호_선원부상사건,인명사상,인명사상_어선_대신5호_선원부상사건.pdf,-10.495,29.7641,-22.6125
인명사상_어선_대신호_선원실종사건,인명사상,인명사상_어선_대신호_선원실종사건.pdf,-19.1777,29.5261,-19.4409
인명사상_어선_대양호_선원사망사건,인명사상,인명사상_어선_대양호_선원사망사건.hwp,3.2884,22.2543,-31.2914
인명사상_어선_동운호_선원사망사건,인명사상,인명사상_어선_동운호_선원사망사건.hwp,-3.8512,8.8307,-26.8103
인명사상_어선_동진호_선원부상사건,인명사상,인명사상_어선_동진호_선원부상사건.pdf,-7.635,17.5907,-17.8007
인명사상_어선_만복호_선원부상사건,인명사상,인명사상_어선_만복호_선원부상사건.hwp,5.1418,18.2243,-17.4731
인명사상_어선_만진호_선원사망사건,인명사상,인명사상_어선_만진호_선원사망사건.pdf,13.7275,1.8241,-32.4032
인명사상_어선_매일호_선원사망사건,인명사상,인명사상_어선_매일호_선원사망사건.hwpx,17.5342,19.6131,-24.3659
인명사상_어선_명성호_선원부상사건,인명사상,인명사상_어선_명성호_선원부상사건.pdf,-5.7586,25.6092,-13.2296
인명사상_어선_명성호_선원사망사건,인명사상,인명사상_어선_명성호_선원사망사건.hwp,9.1336,23.6424,-29.1113
인명사상_어선_명성호_선원사상사건,인명사상,인명사상_어선_명성호_선원사상사건.hwp,5.4825,21.4918,-26.3506
인명사상_어선_민성1호_선원사망사건,인명사상,인명사상_어선_민성1호_선원사망사건.pdf,-7.246,11.1398,-22.5696
인명사상_어선_바다2호_선원사망사건,인명사상,인명사상_어선_바다2호_선원사망사건.pdf,0.5245,7.8833,-10.7537
인명사상_어선_반석호_선원사망사건,인명사상,인명사상_어선_반석호_선원사망사건.pdf,4.9424,22.7479,-36.2509
인명사상_어선_벽강호_선원사망사건,인명사상,인명사상_어선_벽강호_선원사망사건.hwp,-0.5631,39.7259,-5.7865
인명사상_어선_복연호_선원사망사건,인명사상,인명사상_어선_복연호_선원사망사건.hwp,7.6139,-1.2326,-15.7407
인명사상_어선_봉민호_선원사망사건,인명사상,인명사상_어선_봉민호_선원사망사건.hwpx,3.6934,17.4664,-28.4317
인명사상_어선_부성호_선원실종사건,인명사상,인명사상_어선_부성호_선원실종사건.hwp,14.0602,6.5589,-12.5289
인명사상_어선_블루드래곤호_선원실종사건,인명사상,인명사상_어선_블루드래곤호_선원실종사건.hwp,-9.6534,1.0846,-32.7459
인명사상_어선_선경2호_선원사망사건,인명사상,인명사상_어선_선경2호_선원사망사건.hwp,-4.917,21.6978,-24.6795
인명사상_어선_선경호_선원부상사건,인명사상,인명사상_어선_선경호_선원부상사건.pdf,-12.1319,17.6916,-16.7892
인명사상_어선_성림5호_선원사망사건,인명사상,인명사상_어선_성림5호_선원사망사건.pdf,-8.585,22.7817,-20.9437
인명사상_어선_성복호_선원사망사건,인명사상,인명사상_어선_성복호_선원사망사건.pdf,-12.5692,5.8379,-16.2684
인명사상_어선_성운호_잠수부사망사건,인명사상,인명사상_어선_성운호_잠수부사망사건.hwp,-1.201,39.3725,-0.6108
인명사상_어선_수정호_잠사부사망사건,인명사상,인명사상_어선_수정호_잠사부사망사건.hwp,41.4756,-7.2533,-4.2177
인명사상_어선_신영51호_선원사망사건,인명사상,인명사상_어선_신영51호_선원사망사건.pdf,-17.8689,-21.6792,-7.1387
인명사상_어선_신영호_선원사망사건,인명사상,인명사상_어선_신영호_선원사망사건.pdf,-9.3907,4.8272,-11.852
인명사상_어선_영광호_선원부상사건,인명사상,인명사상_어선_영광호_선원부상사건.hwp,1.8245,13.791,-10.178
인명사상_어선_용진호_선원사망사건,인명사상,인명사상_어선_용진호_선원사망사건.hwp,-14.2073,14.0454,-34.6639
인명사상_어선_원성호_선원부상사건(약식),인명사상,인명사상_어선_원성호_선원부상사건(약식).hwpx,-6.0722,7.3124,-21.6773
인명사상_어선_유일호_선원부상사건,인명사상,인명사상_어선_유일호_선원부상사건.pdf,1.8942,21.3929,-23.2772
인명사상_어선_유정호_선원부상사건,인명사상,인명사상_어선_유정호_선원부상사건.hwp,-1.9605,14.7748,-17.6066
인명사상_어선_유정호_선원부상사건,인명사상,인명사상_어선_유정호_선원부상사건.pdf,-17.1316,28.477,-15.0686
인명사상_어선_유정호_선원사망사건,인명사상,인명사상_어선_유정호_선원사망사건.hwpx,12.4884,-6.7895,-18.8363
인명사상_어선_은성호_선원사망사건,인명사상,인명사상_어선_은성호_선원사망사건.hwp,-17.5932,25.5716,-30.9127
인명사상_어선_은성호_선원사망사건,인명사상,인명사상_어선_은성호_선원사망사건.hwpx,14.0868,-26.1144,-17.4588
인명사상_어선_은진호_선원사망사건,인명사상,인명사상_어선_은진호_선원사망사건.hwpx,7.2021,1.1188,-34.3666
인명사상_어선_장미2호_선원사망사건,인명사상,인명사상_어선_장미2호_선원사망사건.pdf,0.988,7.7032,-15.0845
인명사상_어선_장순호_선원사망사건,인명사상,인명사상_어선_장순호_선원사망사건.pdf,-3.0087,21.3615,-33.4826
인명사상_어선_정복호_선원부상사건,인명사상,인명사상_어선_정복호_선원부상사건.pdf,6.0213,7.3468,-22.2458
인명사상_어선_정빈호_선원사망사건,인명사상,인명사상_어선_정빈호_선원사망사건.hwp,-13.7988,19.0102,-31.9598
인명사상_어선_정원호_선원부상사건,인명사상,인명사상_어선_정원호_선원부상사건.pdf,-5.9561,17.5777,-32.7845
인명사상_어선_제101부창호_선원사망사건,인명사상,인명사상_어선_제101부창호_선원사망사건.hwp,10.3197,6.2164,-30.0161
인명사상_어선_제101성화호_선원부상사건,인명사상,인명사상_어선_제101성화호_선원부상사건.hwp,4.3248,13.7758,-22.3382
인명사상_어선_제101순흥호_선원부상사건,인명사상,인명사상_어선_제101순흥호_선원부상사건.pdf,-12.5629,12.8685,-16.7021
인명사상_어선_제101통영호_선원사상사건,인명사상,인명사상_어선_제101통영호_선원사상사건.hwp,8.8859,-8.0394,-15.5785
인명사상_어선_제103부일호에_임시승선한_어선_제2007호_선원사망사건,인명사상,인명사상_어선_제103부일호에_임시승선한_어선_제2007호_선원사망사건.pdf,-3.4045,6.0808,-15.862
인명사상_어선_제103해금호_선원부상사건,인명사상,인명사상_어선_제103해금호_선원부상사건.hwp,-18.4507,19.1169,-11.5464
인명사상_어선_제105대진호_선원사망사건,인명사상,인명사상_어선_제105대진호_선원사망사건.hwp,17.5538,-12.7722,-16.9293
인명사상_어선_제107명진호_선원사망사건,인명사상,인명사상_어선_제107명진호_선원사망사건.hwp,-16.8267,16.9694,-28.5899
인명사상_어선_제118금성호_선원부상사건,인명사상,인명사상_어선_제118금성호_선원부상사건.pdf,-22.594,8.2684,-27.3821
인명사상_어선_제11태화호_선원사망사건,인명사상,인명사상_어선_제11태화호_선원사망사건.hwpx,2.9534,-0.1496,-39.568
인명사상_어선_제128대진호_선원사상사건,인명사상,인명사상_어선_제128대진호_선원사상사건.hwp,-23.5736,11.1146,-25.0568
인명사상_어선_제15수영호_선원실종사건,인명사상,인명사상_어선_제15수영호_선원실종사건.pdf,-28.1387,10.8236,-21.9857
인명사상_어선_제17덕진호_선원사망사건,인명사상,인명사상_어선_제17덕진호_선원사망사건.hwpx,-3.0962,-1.9716,-4.8482
인명사상_어선_제1만선호_부상사건,인명사상,인명사상_어선_제1만선호_부상사건.hwpx,-13.7012,33.5373,-26.6448
인명사상_어선_제2017세종호_선원사망사건,인명사상,인명사상_어선_제2017세종호_선원사망사건.hwpx,-21.5376,15.7901,-24.1672
인명사상_어선_제201창남호_선원부상사건,인명사상,인명사상_어선_제201창남호_선원부상사건.hwpx,-20.2951,25.845,-21.4071
인명사상_어선_제2022대경호_선원부상사건,인명사상,인명사상_어선_제2022대경호_선원부상사건.hwpx,6.2855,-3.8343,-20.3892
인명사상_어선_제203대성호_선원사망사건,인명사상,인명사상_어선_제203대성호_선원사망사건.pdf,-4.5062,16.0281,-23.3648
인명사상_어선_제203대영호_선원부상사건,인명사상,인명사상_어선_제203대영호_선원부상사건.pdf,-10.9488,12.1042,-13.2496
인명사상_어선_제205금성호_선원사망사건,인명사상,인명사상_어선_제205금성호_선원사망사건.hwpx,-6.8331,1.5944,-22.0644
인명사상_어선_제205연흥호_선원사망사건,인명사상,인명사상_어선_제205연흥호_선원사망사건.pdf,3.8192,-9.2868,-4.574
인명사상_어선_제207해선호_선원사망사건,인명사상,인명사상_어선_제207해선호_선원사망사건.hwp,1.3315,10.4172,-29.9909
인명사상_어선_제208대일호_선원실종사건,인명사상,인명사상_어선_제208대일호_선원실종사건.pdf,9.9019,1.5019,-26.4527
인명사상_어선_제21구진호_선원부상사건,인명사상,인명사상_어선_제21구진호_선원부상사건.hwp,-18.7956,10.6012,-17.8157
인명사상_어선_제21남경호_부유물감김사건으로_인한_선원사망사건,인명사상,인명사상_어선_제21남경호_부유물감김사건으로_인한_선원사망사건.pdf,-0.6864,-6.8062,-9.1729
인명사상_어선_제237양창호_선원사망사건,인명사상,인명사상_어선_제237양창호_선원사망사건.hwp,3.0251,28.4711,-1.7013
인명사상_어선_제23보경호_선원사망사건,인명사상,인명사상_어선_제23보경호_선원사망사건.hwp,8.1132,8.8458,-36.5645
인명사상_어선_제25민성호_선원부상사건,인명사상,인명사상_어선_제25민성호_선원부상사건.pdf,-9.4112,23.7881,-16.6617
인명사상_어선_제27연정호_선원사망사건,인명사상,인명사상_어선_제27연정호_선원사망사건.hwpx,2.0204,-9.0293,-12.6609
인명사상_어선_제286혜승호_선원사망사건,인명사상,인명사상_어선_제286혜승호_선원사망사건.hwp,30.8786,4.5607,12.6789
인명사상_어선_제28득명호_선원사망사건,인명사상,인명사상_어선_제28득명호_선원사망사건.hwp,-19.9743,26.6362,-10.5985
인명사상_어선_제2고려호_선원실종사건,인명사상,인명사상_어선_제2고려호_선원실종사건.pdf,9.9001,-14.6368,-13.0567
인명사상_어선_제2성화호_선원부상사건,인명사상,인명사상_어선_제2성화호_선원부상사건.pdf,-6.783,11.3588,-15.5023
인명사상_어선_제2창성호_선원실종사건,인명사상,인명사상_어선_제2창성호_선원실종사건.pdf,-9.6065,16.7116,-33.1201
인명사상_어선_제2천양호_선원부상사건,인명사상,인명사상_어선_제2천양호_선원부상사건.hwp,-29.4114,25.302,-12.4873
인명사상_어선_제302용선호_선원부상사건,인명사상,인명사상_어선_제302용선호_선원부상사건.hwpx,-8.6581,6.0102,-26.4083
인명사상_어선_제306민금호_선원부상사건,인명사상,인명사상_어선_제306민금호_선원부상사건.hwp,0.875,9.7935,-40.1259
인명사상_어선_제306민금호_선원사망사건,인명사상,인명사상_어선_제306민금호_선원사망사건.hwp,5.0935,10.3059,-39.5921
인명사상_어선_제307상진호_선원부상사건,인명사상,인명사상_어선_제307상진호_선원부상사건.hwp,2.2126,3.949,-39.6052
인명사상_어선_제307영용호_선원사망사건,인명사상,인명사상_어선_제307영용호_선원사망사건.hwp,10.6473,-4.821,-11.9514
인명사상_어선_제309부영호_선원사망사건,인명사상,인명사상_어선_제309부영호_선원사망사건.hwp,1.2969,31.0618,-0.857
인명사상_어선_제311길령호_선원사망사건,인명사상,인명사상_어선_제311길령호_선원사망사건.hwp,-0.4821,16.9519,-42.0523
인명사상_어선_제31금영호_선원부상사건,인명사상,인명사상_어선_제31금영호_선원부상사건.hwpx,3.891,0.209,-32.7534
인명사상_어선_제31금영호_선원실종사건,인명사상,인명사상_어선_제31금영호_선원실종사건.hwp,0.6509,-2.8309,-33.121
인명사상_어선_제322광덕호_선원부상사건,인명사상,인명사상_어선_제322광덕호_선원부상사건.pdf,7.1672,5.853,-15.4961
인명사상_어선_제33동익호_선원사망사건,인명사상,인명사상_어선_제33동익호_선원사망사건.hwp,-13.9181,-3.6953,-12.2358
인명사상_어선_제33영신호_선원사망사건,인명사상,인명사상_어선_제33영신호_선원사망사건.hwp,-9.7438,-10.5058,-24.4216
인명사상_어선_제33창남호_선원사상사건,인명사상,인명사상_어선_제33창남호_선원사상사건.hwp,-17.1767,19.0474,-20.0084
인명사상_어선_제388미래호_선원사망사건,인명사상,인명사상_어선_제388미래호_선원사망사건.hwpx,5.7025,9.0006,-29.9308
인명사상_어선_제38미래호_선원부상사건,인명사상,인명사상_어선_제38미래호_선원부상사건.hwpx,-5.5392,33.1111,-27.1623
인명사상_어선_제3명신호_선원사망사건,인명사상,인명사상_어선_제3명신호_선원사망사건.hwp,-12.3144,-11.1625,-22.252
인명사상_어선_제505한진호_선원부상사건,인명사상,인명사상_어선_제505한진호_선원부상사건.hwp,-9.72,24.741,-27.9075
인명사상_어선_제505협신호_선원사망사건,인명사상,인명사상_어선_제505협신호_선원사망사건.hwp,-14.5575,23.4019,-18.7145
인명사상_어선_제505협신호_선원사망사건_1,인명사상,인명사상_어선_제505협신호_선원사망사건_1.hwp,-0.2585,10.5572,-35.7743
인명사상_어선_제608승진호_선원사망사건,인명사상,인명사상_어선_제608승진호_선원사망사건.hwp,11.1339,9.8908,-33.1253
인명사상_어선_제608승진호_선원사망사건_1,인명사상,인명사상_어선_제608승진호_선원사망사건_1.hwp,2.8939,15.7154,-42.5867
인명사상_어선_제609천금호_선원부상사건,인명사상,인명사상_어선_제609천금호_선원부상사건.hwp,-12.9596,23.7392,-24.2997
인명사상_어선_제707우성호_잠수부사망사건,인명사상,인명사상_어선_제707우성호_잠수부사망사건.hwpx,9.0535,-1.056,-37.4092
인명사상_어선_제72해영호_선원사망사건,인명사상,인명사상_어선_제72해영호_선원사망사건.hwp,15.0451,9.9863,-32.5837
인명사상_어선_제77태광호_선원부상사건,인명사상,인명사상_어선_제77태광호_선원부상사건.pdf,-0.1321,16.8895,-27.1561
인명사상_어선_제793금정호_선원실종사건,인명사상,인명사상_어선_제793금정호_선원실종사건.pdf,11.5683,-2.2432,-24.1191
인명사상_어선_제7대성호_선원사망사건,인명사상,인명사상_어선_제7대성호_선원사망사건.hwp,25.9068,15.8866,16.1893
인명사상_어선_제7만복호_선원사망사건,인명사상,인명사상_어선_제7만복호_선원사망사건.hwp,-3.2143,4.4783,-33.3846
인명사상_어선_제7조흥호_선원사망사건,인명사상,인명사상_어선_제7조흥호_선원사망사건.pdf,12.0484,11.0056,-25.5461
인명사상_어선_제7환경호_선원부상사건,인명사상,인명사상_어선_제7환경호_선원부상사건.hwp,5.3774,19.4482,-14.5345
인명사상_어선_제802덕해호_선원부상사건,인명사상,인명사상_어선_제802덕해호_선원부상사건.hwpx,11.2967,26.5584,-19.1061
인명사상_어선_제809주영호_선원부상사건,인명사상,인명사상_어선_제809주영호_선원부상사건.hwp,-6.6719,-23.647,-24.0708
인명사상_어선_제809주영호_선원사망사건,인명사상,인명사상_어선_제809주영호_선원사망사건.hwp,-7.3517,-21.0063,-22.5408
인명사상_어선_제909주영호_선원실종사건,인명사상,인명사상_어선_제909주영호_선원실종사건.hwp,-12.5695,-7.0849,-18.8322
인명사상_어선_제99부영호_선원사망사건,인명사상,인명사상_어선_제99부영호_선원사망사건.hwp,1.4288,-11.5126,-28.9463
인명사상_어선_제99희영호_선원부상사건,인명사상,인명사상_어선_제99희영호_선원부상사건.hwp,-11.844,-10.2777,-10.9494
인명사상_어선_주용호_선원사망사건,인명사상,인명사상_어선_주용호_선원사망사건.pdf,-8.8333,15.3256,-25.9568
인명사상_어선_창덕호_선원부상사건,인명사상,인명사상_어선_창덕호_선원부상사건.pdf,-7.4534,15.6081,-10.9364
인명사상_어선_창오호_선원사망사건,인명사상,인명사상_어선_창오호_선원사망사건.hwp,-10.4606,-5.3709,-28.247
인명사상_어선_천금호_선원사망사건,인명사상,인명사상_어선_천금호_선원사망사건.hwp,-1.9021,3.9978,-41.7488
인명사상_어선_천일호_선원사망사건,인명사상,인명사상_어선_천일호_선원사망사건.pdf,-12.627,21.2839,-11.6599
인명사상_어선_청강호_선원사망사건,인명사상,인명사상_어선_청강호_선원사망사건.pdf,-9.5126,18.7093,-22.4031
인명사상_어선_청용호_잠수부사망사건,인명사상,인명사상_어선_청용호_잠수부사망사건.hwp,-0.6561,37.1288,-3.5491
인명사상_어선_통일호_선원사망사건,인명사상,인명사상_어선_통일호_선원사망사건.pdf,0.2271,-1.4596,-17.1952
인명사상_어선_한별호_선원사망사건,인명사상,인명사상_어선_한별호_선원사망사건.pdf,21.0744,15.2328,-24.96
인명사상_어선_해성호_선원사망사건,인명사상,인명사상_어선_해성호_선원사망사건.hwpx,-9.9241,6.1582,-33.8592
인명사상_어선_현대호_선원사상사건,인명사상,인명사상_어선_현대호_선원사상사건.pdf,10.6727,14.9059,-25.5415
인명사상_어선_화영호_선원사망사건,인명사상,인명사상_어선_화영호_선원사망사건.hwp,-12.1202,7.6194,-35.9428
인명사상_어업지도선_무궁화37호_선원사망사건,인명사상,인명사상_어업지도선_무궁화37호_선원사망사건.hwpx,-19.3573,22.7239,-13.1472
인명사상_예선_바다2호_선원사망사건,인명사상,인명사상_예선_바다2호_선원사망사건.hwp,-10.0371,-2.515,-0.5346
인명사상_예인선_101한진호_선원부상사건,인명사상,인명사상_예인선_101한진호_선원부상사건.hwp,-2.1232,22.408,27.2709
인명사상_예인선_101한진호_선원사망사건,인명사상,인명사상_예인선_101한진호_선원사망사건.pdf,-6.1662,-16.4764,-9.5482
인명사상_예인선_2002해영_선원사망사건,인명사상,인명사상_예인선_2002해영_선원사망사건.hwp,-17.0399,-13.0641,5.6262
인명사상_예인선_77신정호_선원부상사건,인명사상,인명사상_예인선_77신정호_선원부상사건.hwp,-23.0769,21.9687,-14.9707
인명사상_예인선_건우1200호_선원사망사건,인명사상,인명사상_예인선_건우1200호_선원사망사건.hwp,-16.1397,14.7607,9.1467
인명사상_예인선_용진_선원부상사건,인명사상,인명사상_예인선_용진_선원부상사건.hwp,-2.0215,-0.1403,0.1638
인명사상_예인선_재원3호_선원부상사건,인명사상,인명사상_예인선_재원3호_선원부상사건.pdf,-15.6241,14.7155,-11.5668
인명사상_예인선_전남912호의_피예인부선_6001고려호_선원사망사건,인명사상,인명사상_예인선_전남912호의_피예인부선_6001고려호_선원사망사건.hwpx,-12.5873,-2.236,3.5943
인명사상_예인선_제201동성호_선원사망사건,인명사상,인명사상_예인선_제201동성호_선원사망사건.hwp,16.0011,6.551,-1.0749
인명사상_예인선_제3001광진호_선원사망사건,인명사상,인명사상_예인선_제3001광진호_선원사망사건.hwp,27.349,4.3963,19.4692
인명사상_예인선_태양25호_선원부상사건,인명사상,인명사상_예인선_태양25호_선원부상사건.hwpx,-24.9255,15.2216,-11.5554
인명사상_예인선_해성1호_잠수사사망사건,인명사상,인명사상_예인선_해성1호_잠수사사망사건.hwp,-20.1512,27.4028,15.1055
인명사상_예인선_현대쥬베일호_선원사망사건,인명사상,인명사상_예인선_현대쥬베일호_선원사망사건.hwp,-8.7654,6.1858,4.4496
인명사상_예인선_현대쥬베일호_선원사망사건,인명사상,인명사상_예인선_현대쥬베일호_선원사망사건.pdf,-6.7457,3.7446,0.773
인명사상_예인선_효종호_선원사망사건,인명사상,인명사상_예인선_효종호_선원사망사건.hwp,-16.2324,-4.1463,2.7032
인명사상_원양어선_사조_패밀리아호_선원사망사건,인명사상,인명사상_원양어선_사조_패밀리아호_선원사망사건.hwp,-6.6339,-5.5488,-17.4323
인명사상_원양어선_세인_파이오니아호_선원사망사건,인명사상,인명사상_원양어선_세인_파이오니아호_선원사망사건.hwpx,-1.5228,11.185,-19.7815
인명사상_원양어선_슐에스테701호_선원사망사건,인명사상,인명사상_원양어선_슐에스테701호_선원사망사건.hwpx,-6.745,0.6053,-15.6098
인명사상_유류_및_액체화학품_산적운반선_한림에이스_선원사망사건,인명사상,인명사상_유류_및_액체화학품_산적운반선_한림에이스_선원사망사건.hwp,-26.6638,-13.2081,-15.2877
인명사상_유류_및_액체화학품산적운반선_아라하나_선원사망사건,인명사상,인명사상_유류_및_액체화학품산적운반선_아라하나_선원사망사건.hwp,-31.2094,7.1824,-7.9184
인명사상_일반화물선_썬_이스턴_도선사_사망사건,인명사상,인명사상_일반화물선_썬_이스턴_도선사_사망사건.hwpx,-6.9052,-23.6457,-0.9786
인명사상_일반화물선_제27금진호_줄잡이원부상사건,인명사상,인명사상_일반화물선_제27금진호_줄잡이원부상사건.hwpx,-12.6302,-18.8626,-28.1752
인명사상_일반화물선_제니스로얄호_선원사망사건,인명사상,인명사상_일반화물선_제니스로얄호_선원사망사건.pdf,-16.5699,1.0131,-2.7935
인명사상_일반화물선_통마오6_화물감정사_사망사건,인명사상,인명사상_일반화물선_통마오6_화물감정사_사망사건.hwpx,-9.1127,-21.0595,2.2887
인명사상_컨테이너선_홍콩_보이저_선원사망사건,인명사상,인명사상_컨테이너선_홍콩_보이저_선원사망사건.pdf,6.6955,20.471,-5.7604
인명사상_통선_백조102호_승객사망사건,인명사상,인명사상_통선_백조102호_승객사망사건.hwp,-20.9001,1.8248,5.0001
인명사상_통선_제1동양호_승객사망사건,인명사상,인명사상_통선_제1동양호_승객사망사건.hwp,-12.1348,-0.3289,7.4286
인명사상_통선_제3성원호_승객사망사건,인명사상,인명사상_통선_제3성원호_승객사망사건.pdf,-19.1901,18.1517,-6.2638
전복_공사작업용부선_동방2005호_전복사건,전복,전복_공사작업용부선_동방2005호_전복사건.hwpx,-6.1648,14.8717,4.186
전복_모터보트_마린스포츠호_전복사건,전복,전복_모터보트_마린스포츠호_전복사건.pdf,8.936,12.6361,-13.4563
전복_모터보트_송광2호_전복사건,전복,전복_모터보트_송광2호_전복사건.pdf,-8.3078,-32.6214,-5.9126
전복_모터보트_혜성호_전복사건,전복,전복_모터보트_혜성호_전복사건.pdf,23.4288,10.5387,34.8252
전복_어선_153해월호_전복사건,전복,전복_어선_153해월호_전복사건.hwpx,-2.2319,-10.2386,-1.708
전복_어선_2006만진호_전복사건,전복,전복_어선_2006만진호_전복사건.hwp,8.6697,35.4458,6.5451
전복_어선_2008만선호_전복사건,전복,전복_어선_2008만선호_전복사건.hwpx,6.2737,32.2242,9.5454
전복_어선_7대봉산호_전복사건,전복,전복_어선_7대봉산호_전복사건.pdf,-15.3171,-4.3838,-8.2732
전복_어선_85대양호_전복사건,전복,전복_어선_85대양호_전복사건.pdf,-4.8836,9.638,-8.1702
전복_어선_대광호_전복사건,전복,전복_어선_대광호_전복사건.hwpx,-1.7506,19.8019,-5.8527
전복_어선_동진호_전복사건,전복,전복_어선_동진호_전복사건.pdf,-2.4701,-37.8901,3.9013
전복_어선_순경7호_전복사건,전복,전복_어선_순경7호_전복사건.pdf,8.5103,18.8192,4.0837
전복_어선_영광호_전복사건,전복,전복_어선_영광호_전복사건.hwp,-4.3237,27.1767,-9.3775
전복_어선_제0519복길호_전복사건,전복,전복_어선_제0519복길호_전복사건.hwpx,-5.9684,5.0307,-8.228
전복_어선_제102해진호_전복사건,전복,전복_어선_제102해진호_전복사건.hwpx,-10.5761,30.5563,-5.1006
전복_어선_제105동건호_전복사건,전복,전복_어선_제105동건호_전복사건.hwpx,0.1748,8.9649,-5.4507
전복_어선_제136다누리호_전복사건,전복,전복_어선_제136다누리호_전복사건.pdf,3.5368,23.7641,-0.0634
전복_어선_제1부경호_전복사건,전복,전복_어선_제1부경호_전복사건.hwp,-13.3324,29.4002,-0.8419
전복_어선_제2014민성호_전복사건,전복,전복_어선_제2014민성호_전복사건.hwp,2.072,5.8513,-3.291
전복_어선_제207남양호_전복사건,전복,전복_어선_제207남양호_전복사건.hwp,-1.8187,-14.6172,-14.637
전복_어선_제2해신호_전복사건,전복,전복_어선_제2해신호_전복사건.hwpx,7.08,32.6362,14.0743
전복_어선_제32명민호_전복사건,전복,전복_어선_제32명민호_전복사건.hwp,3.5582,11.5518,-3.5344
전복_어선_제7074창진호_전복사건,전복,전복_어선_제7074창진호_전복사건.hwp,9.88,31.0737,7.0201
전복_어선_제708만복호_전복사건,전복,전복_어선_제708만복호_전복사건.hwp,10.264,28.0571,5.9737
전복_어선_진곤호_전복사건,전복,전복_어선_진곤호_전복사건.hwp,-1.3063,-21.7643,-19.9188
전복_어선_청보호_전복사건,전복,전복_어선_청보호_전복사건.hwpx,17.7935,0.7909,-19.5437
전복_어선_해광호_전복사건,전복,전복_어선_해광호_전복사건.pdf,-1.5729,16.5449,-2.4623
전복_어선_해성호_전복사건,전복,전복_어선_해성호_전복사건.pdf,-1.5706,10.2245,0.5381
전복_여객선_플라잉카페리호에_의한_어선_대동2호_전복사건,전복,전복_여객선_플라잉카페리호에_의한_어선_대동2호_전복사건.pdf,4.1051,10.3065,-14.7555
전복_예인선_101유한_전복사건,전복,전복_예인선_101유한_전복사건.hwp,-6.2466,-3.2177,3.963
전복_예인선_153강성5호의_피예인부선_강성3500호_전복사건,전복,전복_예인선_153강성5호의_피예인부선_강성3500호_전복사건.hwp,-29.3054,20.853,10.0717
전복_예인선_우성호의_피예인부선_연안호_전복사건,전복,전복_예인선_우성호의_피예인부선_연안호_전복사건.hwp,-13.944,8.5019,14.1786
전복_예인선_웅진티-3600호_전복사건,전복,전복_예인선_웅진티-3600호_전복사건.hwpx,6.5384,-23.2339,-28.2169
전복_예인선_재원1호의_피예인부선_미래9003호_전복사건,전복,전복_예인선_재원1호의_피예인부선_미래9003호_전복사건.pdf,-9.6321,8.6631,9.9194
전복_자동차운반선_골든레이_전도(전복)사건,전복,전복_자동차운반선_골든레이_전도(전복)사건.hwpx,25.5268,23.8639,-7.8581
접촉_기타선(실습선)_세계로_등부표_접촉사건,접촉,접촉_기타선(실습선)_세계로_등부표_접촉사건.hwpx,27.2596,17.7949,-7.6108
접촉_기타선_강남티-3호_양식장접촉사건,접촉,접촉_기타선_강남티-3호_양식장접촉사건.hwp,-11.8832,4.1519,11.009
접촉_낚시어선_뉴여명호_갯바위_접촉사건,접촉,접촉_낚시어선_뉴여명호_갯바위_접촉사건.hwp,11.9918,-2.1651,4.1174
접촉_낚시어선_모하비호_거가대교_교각접촉사건,접촉,접촉_낚시어선_모하비호_거가대교_교각접촉사건.hwp,15.108,5.6416,38.8927
접촉_낚시어선_세진호_등부표접촉사건,접촉,접촉_낚시어선_세진호_등부표접촉사건.hwp,-1.6119,8.0172,29.6595
접촉_낚시어선_씨엔피대물2호_부두접촉사건,접촉,접촉_낚시어선_씨엔피대물2호_부두접촉사건.hwp,4.8093,-2.3426,-7.0437
접촉_낚시어선_준성호_해상펜션구조물_접촉사건,접촉,접촉_낚시어선_준성호_해상펜션구조물_접촉사건.hwp,-5.8131,18.3692,35.7565
접촉_낚시어선_챌린지피싱호_돌핀접촉사건,접촉,접촉_낚시어선_챌린지피싱호_돌핀접촉사건.pdf,0.5222,-17.2539,20.4771
접촉_낚시어선_챔프호_신거제대교_교각접촉사건,접촉,접촉_낚시어선_챔프호_신거제대교_교각접촉사건.hwpx,15.741,7.7274,42.7769
접촉_낚시어선_챔피언호_교각공사시설_접촉사건,접촉,접촉_낚시어선_챔피언호_교각공사시설_접촉사건.pdf,0.8133,-18.852,24.6928
접촉_낚시어선_푸른바다호_교각접촉사건,접촉,접촉_낚시어선_푸른바다호_교각접촉사건.pdf,7.7602,32.0453,-9.3901
접촉_낚시어선_허리케인호_거가대교_교각접촉사건,접촉,접촉_낚시어선_허리케인호_거가대교_교각접촉사건.hwp,18.312,4.3159,38.2115
접촉_산적화물선_엘스_하동항_부두_하역기_접촉사건,접촉,접촉_산적화물선_엘스_하동항_부두_하역기_접촉사건.hwpx,34.8872,24.3239,-4.7145
접촉_산적화물선_윌리엄_올덴도르프_부두접촉사건,접촉,접촉_산적화물선_윌리엄_올덴도르프_부두접촉사건.pdf,-3.9241,-26.7748,0.6232
접촉_산적화물선_플레차_부두접촉사건(공개용_재결서),접촉,접촉_산적화물선_플레차_부두접촉사건(공개용_재결서).pdf,-1.0736,-27.1029,2.5824
접촉_석유제품운반선_삼진1호_방파제접촉사건,접촉,접촉_석유제품운반선_삼진1호_방파제접촉사건.hwpx,-6.377,-10.8603,3.8183
접촉_석유제품운반선_유성호_양식장_접촉사건,접촉,접촉_석유제품운반선_유성호_양식장_접촉사건.hwp,23.3484,12.2034,25.1672
접촉_어선_개척2호_암벽접촉사건,접촉,접촉_어선_개척2호_암벽접촉사건.pdf,17.6722,-2.7846,5.7238
접촉_어선_광영호_방파제_접촉사건,접촉,접촉_어선_광영호_방파제_접촉사건.hwp,26.8951,-0.7402,-20.109
접촉_어선_제101평진호_등부표접촉사건,접촉,접촉_어선_제101평진호_등부표접촉사건.hwp,-2.6791,9.7102,32.5498
접촉_어선_제108제일호_문도해상기상탑_접촉사건,접촉,접촉_어선_제108제일호_문도해상기상탑_접촉사건.hwp,23.4643,-0.5299,-2.3602
접촉_어선_제22대양호의_피예인어선_제201윤경호_울돌목_조류발전기지_접ᄎ_80e306e1,접촉,접촉_어선_제22대양호의_피예인어선_제201윤경호_울돌목_조류발전기지_접ᄎ_80e306e1.hwpx,-11.0776,-16.8863,13.091
접촉_여객선_샹쉐란_부두접촉사건,접촉,접촉_여객선_샹쉐란_부두접촉사건.pdf,-14.0427,16.0749,1.4335
접촉_예인선_153강성호5호_양식장_접촉사건,접촉,접촉_예인선_153강성호5호_양식장_접촉사건.hwp,-25.9737,17.2506,8.875
접촉_예인선_303고려호의_피예인부선_5005영빈호_시아해등부표접촉사건,접촉,접촉_예인선_303고려호의_피예인부선_5005영빈호_시아해등부표접촉사건.hwp,-5.8188,0.1721,18.2134
접촉_예인선_광진107호_부두접촉사건,접촉,접촉_예인선_광진107호_부두접촉사건.pdf,-5.8151,-15.3773,8.4984
접촉_예인선_대승105호의_피예인부선_대승2호_울돌목_조류발전소_접촉사건,접촉,접촉_예인선_대승105호의_피예인부선_대승2호_울돌목_조류발전소_접촉사건.hwpx,-13.7416,-15.2383,11.5104
접촉_예인선_삼양305호의_피예인항만건설작업용기중기부선_아주450호_거_3fa1ee7d,접촉,접촉_예인선_삼양305호의_피예인항만건설작업용기중기부선_아주450호_거_3fa1ee7d.hwp,-8.1741,4.765,18.4838
접촉_예인선_서진호의_피예인부선_광진6001호_울돌목_조류발전기지_접촉_446d4c6c,접촉,접촉_예인선_서진호의_피예인부선_광진6001호_울돌목_조류발전기지_접촉_446d4c6c.hwp,12.1558,16.0245,13.6232
접촉_예인선_안진1호_앵커체인_접촉사건,접촉,접촉_예인선_안진1호_앵커체인_접촉사건.hwp,-9.4924,10.4899,2.2191
접촉_예인선_울산705호의_피예인선_울산10001호_송전선접촉사건,접촉,접촉_예인선_울산705호의_피예인선_울산10001호_송전선접촉사건.hwpx,-3.085,2.198,16.4364
접촉_예인선_제1태양호의_피예인선_제1영화호_테트라포드_접촉사건,접촉,접촉_예인선_제1태양호의_피예인선_제1영화호_테트라포드_접촉사건.pdf,-23.0148,-2.4582,20.7223
접촉_예인선_하준티-1호의_피예인부선_와이케이에스비-17_부두접촉사건,접촉,접촉_예인선_하준티-1호의_피예인부선_와이케이에스비-17_부두접촉사건.pdf,1.9429,23.5419,10.166
접촉_유람선_해금강2호_선착장_접촉사건,접촉,접촉_유람선_해금강2호_선착장_접촉사건.hwp,-9.1992,15.0288,29.823
접촉_유선_한강아라_마포대교_접촉사건,접촉,접촉_유선_한강아라_마포대교_접촉사건.pdf,-1.8636,35.5446,10.1803
접촉_유조선_동아_테미스_부두접촉사건,접촉,접촉_유조선_동아_테미스_부두접촉사건.hwp,29.8939,22.4768,-3.1943
접촉_일반화물선_제25금진호_부두시설접촉사건,접촉,접촉_일반화물선_제25금진호_부두시설접촉사건.hwp,-25.2771,0.3712,-17.5835
접촉_카페리여객선_송림블루오션_부두접촉사건,접촉,접촉_카페리여객선_송림블루오션_부두접촉사건.hwp,-9.0601,-0.0222,13.0708
접촉_카페리여객선_슬로아일랜드_등부표_접촉사건,접촉,접촉_카페리여객선_슬로아일랜드_등부표_접촉사건.hwpx,6.7724,-35.4876,1.0248
접촉_카페리여객선_한일골드스텔라_부두접촉사건,접촉,접촉_카페리여객선_한일골드스텔라_부두접촉사건.hwp,20.9796,-5.063,-26.4317
접촉_컨테이너선_밀라노브릿지_부산신항_크레인_접촉사건,접촉,접촉_컨테이너선_밀라노브릿지_부산신항_크레인_접촉사건.hwp,-16.9086,8.2207,1.4623
접촉_컨테이너선_밀라노브릿지_부산신항_크레인_접촉사건_1,접촉,접촉_컨테이너선_밀라노브릿지_부산신항_크레인_접촉사건_1.hwp,-19.1697,10.0489,0.6142
접촉_컨테이너선_스카이_챌린지_방파제접촉사건,접촉,접촉_컨테이너선_스카이_챌린지_방파제접촉사건.hwp,33.8554,-14.9363,-14.3409
접촉_컨테이너선_스타_익스프레스_부두시설_접촉사건,접촉,접촉_컨테이너선_스타_익스프레스_부두시설_접촉사건.hwp,-7.9751,-2.7235,25.4458
접촉_컨테이너선_칭다오_트레이더_부두시설_접촉사건,접촉,접촉_컨테이너선_칭다오_트레이더_부두시설_접촉사건.hwp,28.5509,29.0311,1.3728
접촉_컨테이너선_케이엠티씨_다롄_부두접촉사건,접촉,접촉_컨테이너선_케이엠티씨_다롄_부두접촉사건.pdf,30.1476,24.104,5.8822
접촉_컨테이너운반선_하카타_보이저_기상부이_접촉사건,접촉,접촉_컨테이너운반선_하카타_보이저_기상부이_접촉사건.hwp,-10.4584,-26.5135,16.0733
접촉_케미컬운반선_나비그8_스카이_부두접촉사건,접촉,접촉_케미컬운반선_나비그8_스카이_부두접촉사건.hwp,-12.675,-6.1418,15.2626
접촉_화물_및_카페리선_케이에스_헤르메스호_방파제_접촉사건,접촉,접촉_화물_및_카페리선_케이에스_헤르메스호_방파제_접촉사건.hwp,-10.9526,-13.8197,-3.524
좌초_낚시어선_구룡호_좌초사건,좌초,좌초_낚시어선_구룡호_좌초사건.hwp,33.0195,-10.0803,8.4812
좌초_낚시어선_나이키호_좌초사건,좌초,좌초_낚시어선_나이키호_좌초사건.pdf,34.9145,-8.2777,3.5266
좌초_낚시어선_돌핀호_좌초사건,좌초,좌초_낚시어선_돌핀호_좌초사건.pdf,24.5054,6.5199,31.9116
좌초_낚시어선_동바루호_좌초사건,좌초,좌초_낚시어선_동바루호_좌초사건.hwpx,39.0294,-9.4738,1.7754
좌초_낚시어선_동우호_좌초사건,좌초,좌초_낚시어선_동우호_좌초사건.hwpx,1.775,-7.4343,11.6209
좌초_낚시어선_라이트호_좌초사건,좌초,좌초_낚시어선_라이트호_좌초사건.pdf,23.6703,10.0174,30.3795
좌초_낚시어선_레드스카이호_좌초사건,좌초,좌초_낚시어선_레드스카이호_좌초사건.pdf,38.1178,-17.5833,3.3209
좌초_낚시어선_세븐피싱호_좌초사건,좌초,좌초_낚시어선_세븐피싱호_좌초사건.hwp,26.314,2.2517,29.6597
좌초_낚시어선_오션마스터호_좌초사건,좌초,좌초_낚시어선_오션마스터호_좌초사건.hwpx,29.4509,-18.8111,0.4504
좌초_낚시어선_은갈치호_좌초사건,좌초,좌초_낚시어선_은갈치호_좌초사건.hwp,31.9576,-20.1904,5.798
좌초_낚시어선_제주사랑호_좌초사건,좌초,좌초_낚시어선_제주사랑호_좌초사건.hwp,16.4463,-8.3815,-14.6836
좌초_낚시어선_조광호_좌초사건,좌초,좌초_낚시어선_조광호_좌초사건.pdf,30.9028,-10.7111,1.0429
좌초_낚시어선_지귀도피싱호_좌초사건,좌초,좌초_낚시어선_지귀도피싱호_좌초사건.hwp,34.9605,-16.802,7.4675
좌초_낚시어선_진스타호_좌초사건,좌초,좌초_낚시어선_진스타호_좌초사건.hwp,25.9159,-17.7791,1.9669
좌초_낚시어선_짱구피싱호_좌초사건,좌초,좌초_낚시어선_짱구피싱호_좌초사건.pdf,27.9014,4.3898,33.1294
좌초_낚시어선_초이스호_좌초사건,좌초,좌초_낚시어선_초이스호_좌초사건.pdf,28.994,10.2167,31.9059
좌초_낚시어선_테슬란호_좌초사건,좌초,좌초_낚시어선_테슬란호_좌초사건.pdf,26.0541,-16.3735,8.421
좌초_낚시어선_피싱랜드호_좌초사건,좌초,좌초_낚시어선_피싱랜드호_좌초사건.hwpx,32.8155,-19.9384,-4.9144
좌초_낚시어선_한바다호_좌초사건,좌초,좌초_낚시어선_한바다호_좌초사건.hwp,20.0264,-13.3471,9.7747
좌초_모래운반선_505삼일호_좌초사건,좌초,좌초_모래운반선_505삼일호_좌초사건.hwpx,3.216,22.7247,15.4837
좌초_모터보트_라운지_부유물_감김으로_인한_좌초사건,좌초,좌초_모터보트_라운지_부유물_감김으로_인한_좌초사건.hwp,18.5951,34.6438,1.5791
좌초_산적화물선_라이아테아_좌초사건,좌초,좌초_산적화물선_라이아테아_좌초사건.pdf,-20.3671,0.6679,27.3024
좌초_산적화물선_신롱_좌초사건,좌초,좌초_산적화물선_신롱_좌초사건.hwpx,6.7961,-19.9018,-20.6805
좌초_산적화물선_케이씨_하동_좌초사건,좌초,좌초_산적화물선_케이씨_하동_좌초사건.hwpx,-13.1335,-28.9905,-13.5342
좌초_시멘트운반선_한라1호_좌초사건,좌초,좌초_시멘트운반선_한라1호_좌초사건.hwpx,-0.4978,14.6462,10.2299
좌초_액화천연가스운반선_에스엠_골든이글_좌초사건,좌초,좌초_액화천연가스운반선_에스엠_골든이글_좌초사건.hwpx,1.6469,15.6202,25.2926
좌초_어선_2020안성호_좌초사건,좌초,좌초_어선_2020안성호_좌초사건.hwp,14.0777,3.8831,-8.5137
좌초_어선_21길성호_좌초사건,좌초,좌초_어선_21길성호_좌초사건.pdf,-4.0087,20.2402,14.0146
좌초_어선_303우진호_좌초사건,좌초,좌초_어선_303우진호_좌초사건.hwpx,2.1901,-10.1677,-23.4265
좌초_어선_807현진호_좌초사건,좌초,좌초_어선_807현진호_좌초사건.hwp,10.9606,13.1777,8.9423
좌초_어선_9009경진호_좌초사건,좌초,좌초_어선_9009경진호_좌초사건.hwp,12.5591,-3.2863,-0.6463
좌초_어선_경신호_좌초사건,좌초,좌초_어선_경신호_좌초사건.hwp,-15.0732,-35.6297,6.0836
좌초_어선_경인3호_좌초사건,좌초,좌초_어선_경인3호_좌초사건.hwpx,20.2019,-6.9328,0.9362
좌초_어선_금화3호_좌초사건,좌초,좌초_어선_금화3호_좌초사건.hwp,-1.103,9.5335,19.615
좌초_어선_기흥호_좌초사건,좌초,좌초_어선_기흥호_좌초사건.hwp,13.9263,-14.2977,6.7166
좌초_어선_대명호_좌초사건,좌초,좌초_어선_대명호_좌초사건.hwp,35.7516,-6.5097,24.5332
좌초_어선_대창호_좌초사건,좌초,좌초_어선_대창호_좌초사건.hwp,-3.2133,-17.5867,-27.1332
좌초_어선_덕명호_좌초사건,좌초,좌초_어선_덕명호_좌초사건.hwp,13.294,4.7876,5.8023
좌초_어선_동광호_좌초사건,좌초,좌초_어선_동광호_좌초사건.hwpx,18.126,-17.9445,1.8001
좌초_어선_라온호_좌초사건,좌초,좌초_어선_라온호_좌초사건.hwp,13.5152,19.8568,-15.7454
좌초_어선_만경호_좌초사건,좌초,좌초_어선_만경호_좌초사건.hwp,-2.8502,-16.3175,-17.6523
좌초_어선_매일호_좌초사건,좌초,좌초_어선_매일호_좌초사건.hwp,20.4745,-8.7003,5.7042
좌초_어선_방주1호_좌초사건,좌초,좌초_어선_방주1호_좌초사건.hwp,-18.3991,-14.6261,12.2183
좌초_어선_방주호_좌초사건,좌초,좌초_어선_방주호_좌초사건.hwp,9.5515,7.1536,12.2484
좌초_어선_서온호_좌초사건,좌초,좌초_어선_서온호_좌초사건.hwp,17.7035,-9.9786,8.761
좌초_어선_세주호_좌초사건,좌초,좌초_어선_세주호_좌초사건.pdf,4.6541,15.408,14.3804
좌초_어선_어선호_좌초사건,좌초,좌초_어선_어선호_좌초사건.hwp,40.7823,6.6963,15.9709
좌초_어선_정일호_좌초사건,좌초,좌초_어선_정일호_좌초사건.pdf,0.532,19.3253,12.0595
좌초_어선_제102영선호_좌초사건,좌초,좌초_어선_제102영선호_좌초사건.hwpx,11.1787,-0.3442,-2.6683
좌초_어선_제105신광호_좌초사건,좌초,좌초_어선_제105신광호_좌초사건.pdf,12.8269,-16.6774,-6.8345
좌초_어선_제11동일호_좌초사건,좌초,좌초_어선_제11동일호_좌초사건.hwp,24.2532,-25.5234,-17.3074
좌초_어선_제156대화호_촤조사건,좌초,좌초_어선_제156대화호_촤조사건.hwpx,15.0506,31.0304,10.1842
좌초_어선_제2019덕성호_좌초사건,좌초,좌초_어선_제2019덕성호_좌초사건.hwp,12.9413,-6.6723,-1.7122
좌초_어선_제203남해호_좌초사건,좌초,좌초_어선_제203남해호_좌초사건.hwp,16.1523,-10.893,-4.3095
좌초_어선_제26남성호_좌초사건,좌초,좌초_어선_제26남성호_좌초사건.hwp,22.1431,-29.7335,-15.6604
좌초_어선_제3금진호_좌초사건,좌초,좌초_어선_제3금진호_좌초사건.hwpx,29.3373,-0.4039,4.9037
좌초_어선_제5해창호_좌초사건,좌초,좌초_어선_제5해창호_좌초사건.hwp,-1.5008,-11.6602,4.1318
좌초_어선_제66함성호_좌초사건,좌초,좌초_어선_제66함성호_좌초사건.hwpx,13.5031,-5.3364,-6.5598
좌초_어선_제83양진호_좌초사건,좌초,좌초_어선_제83양진호_좌초사건.hwp,-0.692,-16.7602,-21.0349
좌초_어선_제99동명호_좌초사건,좌초,좌초_어선_제99동명호_좌초사건.pdf,18.6912,-4.6999,-6.8496
좌초_어선_지영호_좌초사건,좌초,좌초_어선_지영호_좌초사건.hwp,-1.0036,-10.6164,-21.4495
좌초_어선_창원호_좌초사건,좌초,좌초_어선_창원호_좌초사건.hwp,14.8637,-11.6993,4.3638
좌초_어선_창원호_좌초사건,좌초,좌초_어선_창원호_좌초사건.pdf,17.4094,-1.965,-1.3476
좌초_어선_청룡호_좌초사건,좌초,좌초_어선_청룡호_좌초사건.hwpx,17.9587,22.1829,9.3114
좌초_어선_청운호_좌초사건,좌초,좌초_어선_청운호_좌초사건.hwp,13.2603,-7.691,7.7182
좌초_어선_팔팔호_전복사건,좌초,좌초_어선_팔팔호_전복사건.hwp,-15.4099,-1.5152,-14.1687
좌초_어선_평은77호_좌초사건,좌초,좌초_어선_평은77호_좌초사건.hwp,17.0161,-13.2979,1.1742
좌초_어선_해성호_좌초사건,좌초,좌초_어선_해성호_좌초사건.pdf,4.281,13.5775,7.2598
좌초_어선_해영호_좌초사건,좌초,좌초_어선_해영호_좌초사건.hwpx,-2.3992,-7.3184,-18.6358
좌초_여객선_북도고속페리호_좌초사건,좌초,좌초_여객선_북도고속페리호_좌초사건.pdf,-5.1895,21.0963,1.8816
좌초_여객선_북도고속페리호_좌초사건_1,좌초,좌초_여객선_북도고속페리호_좌초사건_1.pdf,-8.3385,22.9058,2.6755
좌초_예인선_202피닉스호_좌초사건,좌초,좌초_예인선_202피닉스호_좌초사건.pdf,-8.4993,-25.866,-12.9722
좌초_예인선_대인호_좌초사건,좌초,좌초_예인선_대인호_좌초사건.hwpx,41.3613,5.8141,9.8972
좌초_예인선_대인호_좌초사건_1,좌초,좌초_예인선_대인호_좌초사건_1.hwpx,41.3613,5.8141,9.8972
좌초_예인선_동명11호의_피예인부선_에스디2100호_좌초사건,좌초,좌초_예인선_동명11호의_피예인부선_에스디2100호_좌초사건.hwp,1.9435,-2.3045,0.0721
좌초_예인선_성원3호_좌초사건,좌초,좌초_예인선_성원3호_좌초사건.pdf,-14.6469,24.6272,2.3372
좌초_예인선_우국티5호의_피예인부선_금오7호_좌초사건,좌초,좌초_예인선_우국티5호의_피예인부선_금오7호_좌초사건.hwp,-2.6523,-3.6968,5.9487
좌초_예인선_울산705호_좌초사건(약식),좌초,좌초_예인선_울산705호_좌초사건(약식).hwp,-7.4942,-14.5073,20.1124
좌초_예인선_해건티1호의_피예인부선_해건9001호_좌초사건,좌초,좌초_예인선_해건티1호의_피예인부선_해건9001호_좌초사건.hwpx,-22.3346,17.0665,2.8572
좌초_일반화물선_대호제주_좌초사건(약식),좌초,좌초_일반화물선_대호제주_좌초사건(약식).hwp,0.9896,11.0732,27.3824
좌초_일반화물선_오성3호_좌초사건,좌초,좌초_일반화물선_오성3호_좌초사건.hwp,-2.7985,14.7732,15.442
좌초_준설선_조원G-13호_좌초사건,좌초,좌초_준설선_조원G-13호_좌초사건.hwp,-0.6192,20.5373,6.3748
좌초_카페리여객선_섬사랑11호_좌초사건,좌초,좌초_카페리여객선_섬사랑11호_좌초사건.hwp,8.0622,14.8672,6.6242
좌초_카페리여객선_섬사랑6호_좌초사건,좌초,좌초_카페리여객선_섬사랑6호_좌초사건.hwp,21.6012,-1.3161,10.9291
좌초_컨테이너선_써니메이플호_좌초사건,좌초,좌초_컨테이너선_써니메이플호_좌초사건.hwpx,39.874,-12.3666,-14.6584
좌초_통선_산막이1호_좌초사건,좌초,좌초_통선_산막이1호_좌초사건.pdf,8.805,22.598,15.1994
추진축계손상_도선_여수경도골프앤리조트호_추진축계손상사건,추진축계손상,추진축계손상_도선_여수경도골프앤리조트호_추진축계손상사건.hwp,-14.2181,-22.7143,15.7033
추진축계손상_유선_새만금호_추친축계손상사건,추진축계손상,추진축계손상_유선_새만금호_추친축계손상사건.pdf,-2.7088,2.9282,8.424
추진축계손상_이접안용예선_대동11호_추진축계_손상사건,추진축계손상,추진축계손상_이접안용예선_대동11호_추진축계_손상사건.pdf,5.8454,14.6156,38.6694
충돌_군함_마라도함_원양어선_제718오룡호_충돌사건,충돌,충돌_군함_마라도함_원양어선_제718오룡호_충돌사건.hwp,19.104,9.5118,13.2351
충돌_군함_박동진함&어선_제808서창호_충돌사건,충돌,충돌_군함_박동진함&어선_제808서창호_충돌사건.hwp,38.5665,3.8927,-3.1912
충돌_군함_서울함_도선선_태창6호_충돌사건,충돌,충돌_군함_서울함_도선선_태창6호_충돌사건.hwp,1.1716,-23.2729,-8.6107
"충돌_급수선_대명11호,_어선_대진호_충돌사건",충돌,"충돌_급수선_대명11호,_어선_대진호_충돌사건.hwp",26.761,-14.7434,12.4509
충돌_기타선_두루미호_·_어선_제3만성호_충돌사건,충돌,충돌_기타선_두루미호_·_어선_제3만성호_충돌사건.hwp,23.3321,-32.7389,-2.8129
"충돌_기타선_코롤2호,_일반화물선_엠엠러너_충돌사건",충돌,"충돌_기타선_코롤2호,_일반화물선_엠엠러너_충돌사건.hwpx",-7.766,-8.5569,15.8656
"충돌_낚시어선_500형빈호,_모터보트_킹스마린호_충돌사건",충돌,"충돌_낚시어선_500형빈호,_모터보트_킹스마린호_충돌사건.hwp",6.1918,-4.0955,20.4104
"충돌_낚시어선_금강호,_부선_창신2002호_충돌사건",충돌,"충돌_낚시어선_금강호,_부선_창신2002호_충돌사건.hwpx",-7.7117,9.3204,19.6156
충돌_낚시어선_금성피싱호&어선_수진호_충돌사건,충돌,충돌_낚시어선_금성피싱호&어선_수진호_충돌사건.hwp,25.5009,-24.8363,2.1431
충돌_낚시어선_기림호·어선_성화호_충돌사건,충돌,충돌_낚시어선_기림호·어선_성화호_충돌사건.hwp,6.8391,-14.6849,4.5843
"충돌_낚시어선_나라2호,_무등록선박_충돌사건",충돌,"충돌_낚시어선_나라2호,_무등록선박_충돌사건.hwpx",17.6349,-12.491,18.3911
충돌_낚시어선_나라2호_무등록_선박_충돌사건,충돌,충돌_낚시어선_나라2호_무등록_선박_충돌사건.hwpx,18.2561,-14.7935,20.2657
"충돌_낚시어선_뉴청해호,_낚시어선_이프로1호_충돌사건",충돌,"충돌_낚시어선_뉴청해호,_낚시어선_이프로1호_충돌사건.hwpx",35.6859,-15.3911,-4.0156
충돌_낚시어선_뉴해랑호-고무보트_딱따구리2호_충돌사건,충돌,충돌_낚시어선_뉴해랑호-고무보트_딱따구리2호_충돌사건.pdf,30.7953,-24.1362,13.9392
충돌_낚시어선_대복호_낚시어선_덕성호_충돌사건,충돌,충돌_낚시어선_대복호_낚시어선_덕성호_충돌사건.hwp,27.0611,-32.0084,-3.8362
"충돌_낚시어선_라온호,_낚시어선_대양1호_충돌사건",충돌,"충돌_낚시어선_라온호,_낚시어선_대양1호_충돌사건.hwp",17.0539,-4.8485,34.3801
충돌_낚시어선_라온호_낚시어선_대양1호_충돌사건,충돌,충돌_낚시어선_라온호_낚시어선_대양1호_충돌사건.hwp,20.3945,-5.5507,33.0422
"충돌_낚시어선_레전드호,_어선_진양호_충돌사건",충돌,"충돌_낚시어선_레전드호,_어선_진양호_충돌사건.pdf",13.8836,-12.8792,12.9416
"충돌_낚시어선_마스터1호,_모터보트_청해호_충돌사건",충돌,"충돌_낚시어선_마스터1호,_모터보트_청해호_충돌사건.hwp",22.0375,-13.7397,-3.1014
충돌_낚시어선_만물호·낚시어선_수덕호_충돌사건,충돌,충돌_낚시어선_만물호·낚시어선_수덕호_충돌사건.hwp,21.2509,-22.4513,9.8296
충돌_낚시어선_명진2호_어선_상진호_충돌사건,충돌,충돌_낚시어선_명진2호_어선_상진호_충돌사건.hwpx,25.8614,-21.1744,-0.4131
충돌_낚시어선_몬스터호&어선_정운호_충돌사건,충돌,충돌_낚시어선_몬스터호&어선_정운호_충돌사건.hwp,28.106,-6.4333,-8.2383
충돌_낚시어선_배짱호-낚시어선_챌린지피싱호_충돌사건,충돌,충돌_낚시어선_배짱호-낚시어선_챌린지피싱호_충돌사건.pdf,32.6685,-6.7529,-7.0594
충돌_낚시어선_베스트2호_어선_어양호_충돌사건,충돌,충돌_낚시어선_베스트2호_어선_어양호_충돌사건.hwp,9.2649,1.2003,41.2182
"충돌_낚시어선_블랙이글호,_모터보트_성진호_충돌사건",충돌,"충돌_낚시어선_블랙이글호,_모터보트_성진호_충돌사건.hwpx",32.6719,-23.6024,3.4902
충돌_낚시어선_스마트2호.부선_제103백석호_충돌사건,충돌,충돌_낚시어선_스마트2호.부선_제103백석호_충돌사건.pdf,2.8386,-25.9352,3.9774
충돌_낚시어선_스텔라호_어선_동성호_충돌사건,충돌,충돌_낚시어선_스텔라호_어선_동성호_충돌사건.hwp,25.8026,-7.0273,23.2177
충돌_낚시어선_스텔라호어선_동성호_충돌사건,충돌,충돌_낚시어선_스텔라호어선_동성호_충돌사건.hwp,-0.4216,-7.0399,33.2101
"충돌_낚시어선_스피드호,_어선_풍정호_충돌사건",충돌,"충돌_낚시어선_스피드호,_어선_풍정호_충돌사건.hwpx",22.638,-17.5137,-7.6541
"충돌_낚시어선_시온호,_어선_97흥성호_충돌사건",충돌,"충돌_낚시어선_시온호,_어선_97흥성호_충돌사건.hwpx",30.381,-18.2012,-7.4424
충돌_낚시어선_아레스호·낚시어선_길성3호_충돌사건,충돌,충돌_낚시어선_아레스호·낚시어선_길성3호_충돌사건.pdf,16.5815,-8.512,37.3909
"충돌_낚시어선_여수휴리호,_어선_진영호_충돌사건",충돌,"충돌_낚시어선_여수휴리호,_어선_진영호_충돌사건.hwpx",23.1892,-18.3391,4.9522
충돌_낚시어선_오렌지호_낚시어선_포세이돈호_충돌사건,충돌,충돌_낚시어선_오렌지호_낚시어선_포세이돈호_충돌사건.hwp,11.4456,-3.3487,39.8803
충돌_낚시어선_용진호·모터보트_빛나리독수리호_충돌사건(공개용),충돌,충돌_낚시어선_용진호·모터보트_빛나리독수리호_충돌사건(공개용).hwp,13.9649,6.5598,27.7407
충돌_낚시어선_유빈호_모터보트_대양호_충돌사건,충돌,충돌_낚시어선_유빈호_모터보트_대양호_충돌사건.hwp,27.7124,-2.671,23.0527
충돌_낚시어선_인성호_모터보트_윤진호_충돌사건,충돌,충돌_낚시어선_인성호_모터보트_윤진호_충돌사건.pdf,28.1637,-10.9309,-2.3296
충돌_낚시어선_제1대영호_모터보트_여명호_충돌사건,충돌,충돌_낚시어선_제1대영호_모터보트_여명호_충돌사건.hwp,33.1879,-1.9745,17.3064
충돌_낚시어선_제우스호_어장관리선_용성호_충돌사건,충돌,충돌_낚시어선_제우스호_어장관리선_용성호_충돌사건.hwp,22.5679,-11.4217,-12.7955
"충돌_낚시어선_청광호,_낚시어선_플로렌스호_충돌사건",충돌,"충돌_낚시어선_청광호,_낚시어선_플로렌스호_충돌사건.pdf",28.0023,-4.863,1.5792
"충돌_낚시어선_킹몬스터호,_어선_행복호_충돌사건",충돌,"충돌_낚시어선_킹몬스터호,_어선_행복호_충돌사건.hwp",14.2275,-4.0349,30.6423
충돌_낚시어선_팀루비나호-고무보트_선명무_충돌사건,충돌,충돌_낚시어선_팀루비나호-고무보트_선명무_충돌사건.pdf,33.3377,-3.9915,1.4968
충돌_낚시어선_파트너호ㆍ부선_금신에스비2005호_충돌사건,충돌,충돌_낚시어선_파트너호ㆍ부선_금신에스비2005호_충돌사건.pdf,5.6227,-22.3519,19.8724
충돌_낚시어선_하나호·어선_솔섬호_충돌사건,충돌,충돌_낚시어선_하나호·어선_솔섬호_충돌사건.hwp,36.7014,-16.5982,10.8794
"충돌_낚시어선_현대호,_어선_풍차호_충돌사건",충돌,"충돌_낚시어선_현대호,_어선_풍차호_충돌사건.hwp",16.5817,-26.4597,1.2074
충돌_낚시어선_화성호_낚시어선_뉴웨이브호_충돌사건,충돌,충돌_낚시어선_화성호_낚시어선_뉴웨이브호_충돌사건.hwp,27.8727,-9.3574,5.1064
"충돌_낚시어선_희망호,_모터보트_몽돌바당_충돌사건",충돌,"충돌_낚시어선_희망호,_모터보트_몽돌바당_충돌사건.hwp",25.3805,12.7831,6.5913
충돌_도선선_포항파일럿2호.어선_일성호_충돌사건,충돌,충돌_도선선_포항파일럿2호.어선_일성호_충돌사건.hwp,-17.3675,-2.2033,-24.2785
"충돌_모래채취운반선_오션리프호,_일체형압항선_원진7호의_압항부선_ᄋ_787b3be3",충돌,"충돌_모래채취운반선_오션리프호,_일체형압항선_원진7호의_압항부선_ᄋ_787b3be3.pdf",-7.809,-28.304,-16.7619
충돌_석유제품운반선_12삼부호_어선_제8세진호_충돌사건,충돌,충돌_석유제품운반선_12삼부호_어선_제8세진호_충돌사건.hwp,5.9142,-23.1257,-3.2929
"충돌_석유제품운반선_13대양,_어선_제207윤경호_충돌사건",충돌,"충돌_석유제품운반선_13대양,_어선_제207윤경호_충돌사건.hwp",14.1781,-23.1279,0.6988
충돌_석유제품운반선_동명에이스호_어선_99흥원호_충돌사건,충돌,충돌_석유제품운반선_동명에이스호_어선_99흥원호_충돌사건.hwp,33.1497,-4.9013,-16.4583
충돌_석유제품운반선_디엘_제이드·예인선_돌핀2호_충돌사건,충돌,충돌_석유제품운반선_디엘_제이드·예인선_돌핀2호_충돌사건.pdf,34.4408,14.0715,3.0685
충돌_석유제품운반선_만수호_기타선_제1오복호_충돌사건,충돌,충돌_석유제품운반선_만수호_기타선_제1오복호_충돌사건.hwp,10.9608,3.6208,37.1053
충돌_석유제품운반선_목림부산_예인선_금오티3호의_피예인부선_금오7001_7d4518fb,충돌,충돌_석유제품운반선_목림부산_예인선_금오티3호의_피예인부선_금오7001_7d4518fb.hwp,22.1316,23.0949,2.5144
충돌_석유제품운반선_성진에이스호·_석유제품운반선_제96동방호_충ᄃ_3933e6e4,충돌,충돌_석유제품운반선_성진에이스호·_석유제품운반선_제96동방호_충ᄃ_3933e6e4.hwp,-10.8391,-2.8512,31.1098
충돌_석유제품운반선_신성호_어선_제17만구호_충돌사건,충돌,충돌_석유제품운반선_신성호_어선_제17만구호_충돌사건.hwp,8.761,-25.7685,8.9603
충돌_석유제품운반선_에이원·급수선_삼양201호_충돌사건,충돌,충돌_석유제품운반선_에이원·급수선_삼양201호_충돌사건.hwp,-20.3105,1.2693,13.0157
충돌_석유제품운반선_에이치와이_부산_어선_제319용천호_충돌사건,충돌,충돌_석유제품운반선_에이치와이_부산_어선_제319용천호_충돌사건.hwpx,-39.8433,14.3071,8.3501
충돌_석유제품운반선_유성·석유제품운반선_부광1호_충돌사건,충돌,충돌_석유제품운반선_유성·석유제품운반선_부광1호_충돌사건.hwp,9.1595,-37.1526,9.8235
충돌_석유제품운반선_유성호_낚시어선_매니아1호_충돌사건,충돌,충돌_석유제품운반선_유성호_낚시어선_매니아1호_충돌사건.hwp,21.648,7.5488,21.3467
충돌_석유제품운반선_제3남성호&어선_대왕호_충돌사건,충돌,충돌_석유제품운반선_제3남성호&어선_대왕호_충돌사건.hwp,4.703,-30.7186,11.6866
충돌_석유제품운반선_제3남성호_어선_대왕호_충돌사건,충돌,충돌_석유제품운반선_제3남성호_어선_대왕호_충돌사건.hwp,5.0739,-31.4855,15.0518
충돌_석유제품운반선_제7보광호-어선_대영호_충돌사건,충돌,충돌_석유제품운반선_제7보광호-어선_대영호_충돌사건.hwp,13.1953,-21.9436,27.7263
충돌_석유제품운반선_카리스_낚시어선_선경호_충돌사건,충돌,충돌_석유제품운반선_카리스_낚시어선_선경호_충돌사건.hwp,12.3129,11.3825,28.61
충돌_석유제품운반선_태양호_어선_제505한진호_충돌사건,충돌,충돌_석유제품운반선_태양호_어선_제505한진호_충돌사건.hwpx,3.9863,-5.8115,16.8829
"충돌_석유제품운반선_피브이티_넵튠,_석유제품운반선_글로리윈드_충_5823239d",충돌,"충돌_석유제품운반선_피브이티_넵튠,_석유제품운반선_글로리윈드_충_5823239d.hwp",-13.3873,-9.6923,36.2309
충돌_석유제품운반선·12삼부호_어선_쌍둥이호_충돌사건,충돌,충돌_석유제품운반선·12삼부호_어선_쌍둥이호_충돌사건.hwpx,-7.5527,-5.7386,27.7373
충돌_세일링요트_나바다호_낚시어선_수성호_충돌사건,충돌,충돌_세일링요트_나바다호_낚시어선_수성호_충돌사건.hwp,23.6331,-23.0718,20.4289
충돌_세일링요트_나바다호·낚시어선_수성호_충돌사건,충돌,충돌_세일링요트_나바다호·낚시어선_수성호_충돌사건.hwp,21.2227,-24.4496,16.7927
충돌_세일링요트_니모호_전복사건,충돌,충돌_세일링요트_니모호_전복사건.hwp,10.8706,29.8797,-0.6994
"충돌_시멘트운반선_근양호,_어선_제2003성재호_충돌사건",충돌,"충돌_시멘트운반선_근양호,_어선_제2003성재호_충돌사건.hwpx",3.4705,-14.4861,12.1731
충돌_시멘트운반선_수성에이스호_어선_1신창호_충돌사건,충돌,충돌_시멘트운반선_수성에이스호_어선_1신창호_충돌사건.hwp,34.5609,-1.2268,-13.9412
충돌_액화석유가스운반선_가스_유토피아_어선_샴시_충돌사건,충돌,충돌_액화석유가스운반선_가스_유토피아_어선_샴시_충돌사건.hwp,-0.886,-26.3753,11.3987
충돌_액화석유가스운반선_제9에스제이가스_케미칼운반선_케이티에스블루_89fde571,충돌,충돌_액화석유가스운반선_제9에스제이가스_케미칼운반선_케이티에스블루_89fde571.hwp,-27.5909,3.5307,12.3828
충돌_어선_103매일호-산적화물선_만다린차이나_충돌사건,충돌,충돌_어선_103매일호-산적화물선_만다린차이나_충돌사건.hwp,16.854,-29.5741,-6.7613
충돌_어선_107성보호·어선_제113웅천호_등_2척_충돌사건,충돌,충돌_어선_107성보호·어선_제113웅천호_등_2척_충돌사건.hwp,25.861,-4.0276,-11.6538
충돌_어선_1만복호&어선_금산호_충돌사건,충돌,충돌_어선_1만복호&어선_금산호_충돌사건.hwp,11.7203,9.4602,-5.5497
"충돌_어선_2007연흥호,_냉동운반선_씽_유에_충돌사건",충돌,"충돌_어선_2007연흥호,_냉동운반선_씽_유에_충돌사건.hwp",13.3444,-24.5716,-5.0267
충돌_어선_203원창호.어선_제3광림호_충돌사건,충돌,충돌_어선_203원창호.어선_제3광림호_충돌사건.hwp,-14.6499,-16.212,-24.8172
충돌_어선_203원창호_어선_제3광림호_충돌사건,충돌,충돌_어선_203원창호_어선_제3광림호_충돌사건.hwp,5.3835,-4.912,34.5544
충돌_어선_212성지호&어선_용궁호_충돌사건,충돌,충돌_어선_212성지호&어선_용궁호_충돌사건.hwp,28.4822,-7.6758,10.1336
충돌_어선_2하나호.어선_지영호_충돌사건,충돌,충돌_어선_2하나호.어선_지영호_충돌사건.hwp,-19.3029,-23.3962,-22.4541
"충돌_어선_300형빈호,_어선_동백호_충돌사건",충돌,"충돌_어선_300형빈호,_어선_동백호_충돌사건.hwp",3.7368,31.3119,28.7888
충돌_어선_77예은호·어선_제9유진호_충돌사건,충돌,충돌_어선_77예은호·어선_제9유진호_충돌사건.hwp,8.5,-16.7814,-0.9385
충돌_어선_9청진호.어선_제3천일호_충돌사건,충돌,충돌_어선_9청진호.어선_제3천일호_충돌사건.hwp,18.6605,-1.0856,-11.49
충돌_어선_강동호·예인선_샤흐트요르스크6_충돌사건,충돌,충돌_어선_강동호·예인선_샤흐트요르스크6_충돌사건.hwp,-3.4187,3.7235,23.6711
충돌_어선_건영호&어선_아시아호_충돌사건,충돌,충돌_어선_건영호&어선_아시아호_충돌사건.hwp,21.2909,-11.4904,-19.5486
"충돌_어선_경덕호,_모터보트_봄봄_충돌사건",충돌,"충돌_어선_경덕호,_모터보트_봄봄_충돌사건.hwpx",17.7879,-30.5345,7.0679
"충돌_어선_광덕호,_어선_제2황금호_충돌사건",충돌,"충돌_어선_광덕호,_어선_제2황금호_충돌사건.hwp",12.5884,-17.5812,19.5314
"충돌_어선_광영호,_낚시어선_온누리호_충돌사건",충돌,"충돌_어선_광영호,_낚시어선_온누리호_충돌사건.hwp",15.6539,4.2822,30.7739
충돌_어선_광영호_좌초사건,충돌,충돌_어선_광영호_좌초사건.hwp,18.9976,-6.6147,11.009
"충돌_어선_광정8호,_어선_광정88호_충돌사건",충돌,"충돌_어선_광정8호,_어선_광정88호_충돌사건.hwp",20.6265,7.7978,-23.3341
"충돌_어선_국한호,_어선_좋은호_충돌사건(약식)",충돌,"충돌_어선_국한호,_어선_좋은호_충돌사건(약식).pdf",21.5609,7.5099,-8.5483
충돌_어선_글로벌호_어선_해양호_충돌사건,충돌,충돌_어선_글로벌호_어선_해양호_충돌사건.hwp,17.3617,-2.8212,37.7065
충돌_어선_금천호.어선_한나루호_충돌사건,충돌,충돌_어선_금천호.어선_한나루호_충돌사건.hwpx,6.8396,-7.1899,27.255
충돌_어선_길양호·어선_해성호_충돌사건,충돌,충돌_어선_길양호·어선_해성호_충돌사건.hwpx,9.2948,9.7938,31.6401
"충돌_어선_뉴만중호,_예인선_강남티-27호의_피예인부선_강남5009호_충돌사건",충돌,"충돌_어선_뉴만중호,_예인선_강남티-27호의_피예인부선_강남5009호_충돌사건.hwpx",20.3559,1.6335,23.4222
충돌_어선_다온호.산적화물선_버러티_충돌사건,충돌,충돌_어선_다온호.산적화물선_버러티_충돌사건.hwpx,-26.3926,2.1073,-11.4102
충돌_어선_대림호_어선_한청호_충돌사건,충돌,충돌_어선_대림호_어선_한청호_충돌사건.hwp,15.9167,-31.7203,17.1292
"충돌_어선_대명호,_어선_제1승창호_충돌사건",충돌,"충돌_어선_대명호,_어선_제1승창호_충돌사건.pdf",20.788,3.7075,-9.0019
충돌_어선_대복호.어선_아진호_충돌사건,충돌,충돌_어선_대복호.어선_아진호_충돌사건.hwp,10.4727,-7.5507,19.6099
충돌_어선_대복호_어선_아진호_충돌사건,충돌,충돌_어선_대복호_어선_아진호_충돌사건.hwp,11.8599,-1.8228,25.2433
"충돌_어선_대승1호,_어선_진선7호_충돌사건",충돌,"충돌_어선_대승1호,_어선_진선7호_충돌사건.hwpx",7.4692,6.9409,42.9694
충돌_어선_대영호_선원사망사건,충돌,충돌_어선_대영호_선원사망사건.pdf,7.9352,2.5094,-22.9492
충돌_어선_대원호.어선_희주호_충돌사건,충돌,충돌_어선_대원호.어선_희주호_충돌사건.hwp,5.8595,3.2846,3.9248
충돌_어선_대일호ㆍ산적화물선_이제이_오션_충돌사건,충돌,충돌_어선_대일호ㆍ산적화물선_이제이_오션_충돌사건.pdf,32.9613,0.7845,-9.5696
"충돌_어선_대흥1호,_어선_제3승창호_충돌사건",충돌,"충돌_어선_대흥1호,_어선_제3승창호_충돌사건.pdf",17.4961,-26.9072,-25.189
충돌_어선_도진호_어선_진성호_충돌사건,충돌,충돌_어선_도진호_어선_진성호_충돌사건.pdf,17.0117,-27.6523,15.4382
충돌_어선_도청호ㆍ어선_제206동양호_충돌사건,충돌,충돌_어선_도청호ㆍ어선_제206동양호_충돌사건.pdf,10.846,-19.0028,-16.3261
충돌_어선_동우호_냉동냉장선_시에라_충돌사건,충돌,충돌_어선_동우호_냉동냉장선_시에라_충돌사건.hwp,-8.74,5.093,28.1555
충돌_어선_루이호·어선_현승호_충돌사건,충돌,충돌_어선_루이호·어선_현승호_충돌사건.hwpx,31.0698,2.6099,23.5769
충돌_어선_명윤호_어선_대양호_충돌사건,충돌,충돌_어선_명윤호_어선_대양호_충돌사건.hwp,6.3529,-8.9322,37.0559
충돌_어선_보성호_어선_진성호_충돌사건,충돌,충돌_어선_보성호_어선_진성호_충돌사건.hwp,2.3431,5.815,33.3299
충돌_어선_봉진호_·_어선_동영호_충돌사건,충돌,충돌_어선_봉진호_·_어선_동영호_충돌사건.hwp,3.1209,4.3418,27.9316
충돌_어선_부성호.어선_해성호_충돌사건,충돌,충돌_어선_부성호.어선_해성호_충돌사건.hwpx,3.7861,-19.2743,16.8419
충돌_어선_부영호.어선_복지호_충돌사건,충돌,충돌_어선_부영호.어선_복지호_충돌사건.hwp,13.5087,-11.7973,26.6687
충돌_어선_빅토리_1호-어선_해송_2호_충돌사건,충돌,충돌_어선_빅토리_1호-어선_해송_2호_충돌사건.hwp,16.3118,-4.1189,19.2595
충돌_어선_삼광호.어선_성동호_충돌사건,충돌,충돌_어선_삼광호.어선_성동호_충돌사건.hwp,13.1843,-9.0339,23.4744
충돌_어선_삼양호.낚시어선_대진호_충돌사건,충돌,충돌_어선_삼양호.낚시어선_대진호_충돌사건.hwpx,6.6311,-11.7201,9.1761
충돌_어선_삼운호.어선_제3일광호_충돌사건,충돌,충돌_어선_삼운호.어선_제3일광호_충돌사건.hwpx,2.2859,8.0628,16.9812
"충돌_어선_서양호,_어선_수만호_충돌사건",충돌,"충돌_어선_서양호,_어선_수만호_충돌사건.hwp",30.1094,4.6011,-3.6299
"충돌_어선_성광호,_어선_충남호_충돌사건",충돌,"충돌_어선_성광호,_어선_충남호_충돌사건.pdf",31.2422,11.2244,27.2683
충돌_어선_성안호-모터보트_동해호_충돌사건,충돌,충돌_어선_성안호-모터보트_동해호_충돌사건.hwp,16.8657,-22.4598,16.7006
충돌_어선_성진호_어선_남성호_충돌사건,충돌,충돌_어선_성진호_어선_남성호_충돌사건.hwp,5.9042,-3.2423,10.2384
"충돌_어선_세영7호,_낚시어선_팀슈프림호_충돌사건",충돌,"충돌_어선_세영7호,_낚시어선_팀슈프림호_충돌사건.hwpx",26.6279,-20.023,-4.9913
충돌_어선_세종호&어선_수진호_충돌사건,충돌,충돌_어선_세종호&어선_수진호_충돌사건.hwp,13.2111,-17.5531,10.8133
"충돌_어선_세종호,_어선_명진호_충돌사건",충돌,"충돌_어선_세종호,_어선_명진호_충돌사건.pdf",29.9371,-10.9749,-23.4434
충돌_어선_세진호ㆍ어선_양성호_충돌사건,충돌,충돌_어선_세진호ㆍ어선_양성호_충돌사건.pdf,11.2541,-33.1984,-13.2302
충돌_어선_수덕호&어선_영광호_충돌사건,충돌,충돌_어선_수덕호&어선_영광호_충돌사건.hwp,8.5776,-31.1177,-21.6038
"충돌_어선_수영호,_낚시어선_참사랑호_충돌사건",충돌,"충돌_어선_수영호,_낚시어선_참사랑호_충돌사건.hwp",25.0116,-23.742,6.8321
"충돌_어선_수현호,_어선_제306한일호_충돌사건",충돌,"충돌_어선_수현호,_어선_제306한일호_충돌사건.hwp",7.4526,3.5773,22.4201
충돌_어선_신성호_선원사망사건,충돌,충돌_어선_신성호_선원사망사건.pdf,11.208,16.6406,-38.2977
충돌_어선_영복호-어선_성운호_충돌사건,충돌,충돌_어선_영복호-어선_성운호_충돌사건.hwp,23.7692,-13.9278,17.0495
충돌_어선_영신호_모터보트_바다여행_충돌사건,충돌,충돌_어선_영신호_모터보트_바다여행_충돌사건.hwp,14.7907,10.8403,37.2958
충돌_어선_영용호-어선_제2한경호_충돌사건,충돌,충돌_어선_영용호-어선_제2한경호_충돌사건.hwp,24.538,6.8074,0.2976
충돌_어선_영주호ㆍ어선_일진2호_충돌사건,충돌,충돌_어선_영주호ㆍ어선_일진2호_충돌사건.pdf,-11.6495,-6.1674,27.8203
충돌_어선_영진호&어선_정윤호_충돌사건,충돌,충돌_어선_영진호&어선_정윤호_충돌사건.hwp,20.7506,12.095,-17.2317
충돌_어선_영진호_어선_금수호_충돌사건,충돌,충돌_어선_영진호_어선_금수호_충돌사건.hwp,27.8635,5.8488,-15.6081
충돌_어선_용성호·어선_범일호_충돌사건,충돌,충돌_어선_용성호·어선_범일호_충돌사건.hwp,22.8612,-30.7923,-12.0512
충돌_어선_원진호_어선_아라호_충돌사건,충돌,충돌_어선_원진호_어선_아라호_충돌사건.hwp,2.3388,-0.3251,32.6626
충돌_어선_유정호-모터보트_우리호_충돌사건,충돌,충돌_어선_유정호-모터보트_우리호_충돌사건.hwp,9.1288,0.2723,27.8525
"충돌_어선_유조호,어선_하늬호_충돌사건",충돌,"충돌_어선_유조호,어선_하늬호_충돌사건.hwp",4.8559,10.9717,19.6039
"충돌_어선_윤성호,_산적화물선_제이씨_루비_충돌사건",충돌,"충돌_어선_윤성호,_산적화물선_제이씨_루비_충돌사건.hwp",15.5701,-33.4327,-7.1626
충돌_어선_윤용3호_좌초사건,충돌,충돌_어선_윤용3호_좌초사건.pdf,31.7913,16.4528,25.9521
충돌_어선_윤정호.어선_영남호_충돌사건,충돌,충돌_어선_윤정호.어선_영남호_충돌사건.pdf,8.7935,-21.0537,-11.44
"충돌_어선_은성호,_어선_이화호_충돌사건",충돌,"충돌_어선_은성호,_어선_이화호_충돌사건.hwp",15.4669,-31.5608,1.1356
"충돌_어선_일성호,_어선_복성2호_충돌사건",충돌,"충돌_어선_일성호,_어선_복성2호_충돌사건.hwpx",20.2179,3.0639,-24.1846
충돌_어선_장광호_선원사망사건,충돌,충돌_어선_장광호_선원사망사건.pdf,-13.9312,32.2966,-17.0358
"충돌_어선_정원호,_어선_제109신광호_충돌사건",충돌,"충돌_어선_정원호,_어선_제109신광호_충돌사건.pdf",17.2958,13.3147,-4.9365
충돌_어선_제101형성호_일반화물선_트레져오션_충돌사건,충돌,충돌_어선_제101형성호_일반화물선_트레져오션_충돌사건.hwp,25.2254,-0.9231,15.0837
"충돌_어선_제102동해호,_모터보트_청양호_충돌사건",충돌,"충돌_어선_제102동해호,_모터보트_청양호_충돌사건.hwpx",12.3251,-28.2883,1.6531
충돌_어선_제102영화호_어선_광영호_충돌사건,충돌,충돌_어선_제102영화호_어선_광영호_충돌사건.hwp,25.0226,5.7882,13.6961
충돌_어선_제102일광호_일반화물선_헬렌_충돌사건,충돌,충돌_어선_제102일광호_일반화물선_헬렌_충돌사건.hwp,23.3844,10.4132,15.0616
충돌_어선_제103금진호_유조선_에스엠화이트훼일1_충돌사건,충돌,충돌_어선_제103금진호_유조선_에스엠화이트훼일1_충돌사건.hwp,-4.9082,1.3851,37.4542
충돌_어선_제103유성호_어선_제207만어호_충돌사건,충돌,충돌_어선_제103유성호_어선_제207만어호_충돌사건.hwp,27.4996,12.6789,15.6936
충돌_어선_제103청해호&낚시어선_뉴피닉스호_충돌사건,충돌,충돌_어선_제103청해호&낚시어선_뉴피닉스호_충돌사건.hwp,32.5911,-15.0619,-10.3485
"충돌_어선_제108연창호,_모터보트_야호_충돌사건",충돌,"충돌_어선_제108연창호,_모터보트_야호_충돌사건.hwp",11.0717,-31.9151,0.4362
"충돌_어선_제111금성호,_어선_선우호_충돌사건",충돌,"충돌_어선_제111금성호,_어선_선우호_충돌사건.hwpx",18.9148,-14.2009,-11.4134
충돌_어선_제133삼화호.어선_제303진영호_충돌사건,충돌,충돌_어선_제133삼화호.어선_제303진영호_충돌사건.hwp,5.459,-7.9223,4.607
충돌_어선_제153혜승호_일반화물선_헹유_충돌사건,충돌,충돌_어선_제153혜승호_일반화물선_헹유_충돌사건.hwp,19.1361,-3.4421,-22.9479
"충돌_어선_제1구진호,_유류_및_액체화학품_산적운반선_에코_조슈아_파크_추_77c7cce8",충돌,"충돌_어선_제1구진호,_유류_및_액체화학품_산적운반선_에코_조슈아_파크_추_77c7cce8.hwp",17.4759,-41.3944,-1.7554
충돌_어선_제1구진호_액화석유가스운반선_위닝로드_충돌사건,충돌,충돌_어선_제1구진호_액화석유가스운반선_위닝로드_충돌사건.hwp,20.8398,3.8996,19.4495
"충돌_어선_제1신흥호,_어선_정웅호_충돌사건",충돌,"충돌_어선_제1신흥호,_어선_정웅호_충돌사건.hwpx",18.9285,-20.6994,-5.3952
충돌_어선_제1원석호_어선_제7은수호_충돌사건,충돌,충돌_어선_제1원석호_어선_제7은수호_충돌사건.hwp,6.0676,1.8671,37.7208
충돌_어선_제2013현진호_어선_용성호_충돌사건,충돌,충돌_어선_제2013현진호_어선_용성호_충돌사건.hwp,24.6494,-28.1002,-6.9375
충돌_어선_제2017대청호&어선_경덕호_충돌사건,충돌,충돌_어선_제2017대청호&어선_경덕호_충돌사건.hwp,-3.3624,-14.5026,-7.3048
충돌_어선_제2019하람호-어선_수광호_충돌사건,충돌,충돌_어선_제2019하람호-어선_수광호_충돌사건.hwp,10.2585,8.1784,-1.5024
충돌_어선_제2019하람호ㆍ어선_만경호_충돌사건,충돌,충돌_어선_제2019하람호ㆍ어선_만경호_충돌사건.pdf,7.7856,9.4359,0.9922
"충돌_어선_제2021신영호,_일반화물선_디케이_이토니아_충돌사건",충돌,"충돌_어선_제2021신영호,_일반화물선_디케이_이토니아_충돌사건.hwpx",-2.3346,-1.1119,41.9929
충돌_어선_제202경남호_어선_경민호_충돌사건,충돌,충돌_어선_제202경남호_어선_경민호_충돌사건.hwp,7.4867,10.4607,38.0563
충돌_어선_제205광성호.일반화물선_오스트로브_아틀라소바_충돌사건,충돌,충돌_어선_제205광성호.일반화물선_오스트로브_아틀라소바_충돌사건.hwp,5.1941,1.301,6.7767
"충돌_어선_제205창남호,_예인선_창성6호의_피예인부선_사하5_충돌사건",충돌,"충돌_어선_제205창남호,_예인선_창성6호의_피예인부선_사하5_충돌사건.hwpx",-13.432,-9.4774,7.7755
충돌_어선_제207상진호_어선_동인호_충돌사건,충돌,충돌_어선_제207상진호_어선_동인호_충돌사건.hwp,-6.471,-29.5473,17.1669
충돌_어선_제211은진호.어선_제88부영호_충돌사건,충돌,충돌_어선_제211은진호.어선_제88부영호_충돌사건.hwpx,25.0311,0.734,-10.2855
충돌_어선_제21남경호-어선_제3003덕일호_충돌사건,충돌,충돌_어선_제21남경호-어선_제3003덕일호_충돌사건.hwpx,16.3405,-19.5146,-12.8494
"충돌_어선_제22성영호,_어선_포레나호_충돌사건",충돌,"충돌_어선_제22성영호,_어선_포레나호_충돌사건.hwp",26.9111,2.7382,-13.3143
충돌_어선_제27세길호_어선_풍어호_충돌사건,충돌,충돌_어선_제27세길호_어선_풍어호_충돌사건.hwp,19.638,-1.3778,26.7457
충돌_어선_제27화승호&어선_화경호_충돌사건,충돌,충돌_어선_제27화승호&어선_화경호_충돌사건.hwp,20.2625,-14.5093,-6.9625
"충돌_어선_제2영성호,_어선_성진호_등_3척_충돌사건",충돌,"충돌_어선_제2영성호,_어선_성진호_등_3척_충돌사건.hwpx",27.46,12.6282,-1.363
충돌_어선_제2정훈호_선원부상사건,충돌,충돌_어선_제2정훈호_선원부상사건.pdf,-13.7124,26.8716,-20.6867
"충돌_어선_제301동하호,_어선_광일호_충돌사건",충돌,"충돌_어선_제301동하호,_어선_광일호_충돌사건.hwp",6.64,-16.7041,-13.9472
충돌_어선_제305만석호&어선_제3한진호_충돌사건,충돌,충돌_어선_제305만석호&어선_제3한진호_충돌사건.hwp,8.3713,-32.4562,-3.4521
"충돌_어선_제307풍성호,_컨테이너운반선_에스아이티씨_얀타이_충돌사건",충돌,"충돌_어선_제307풍성호,_컨테이너운반선_에스아이티씨_얀타이_충돌사건.hwp",-3.4578,8.1118,14.3989
충돌_어선_제307한창호_어선_제203무영호_충돌사건,충돌,충돌_어선_제307한창호_어선_제203무영호_충돌사건.hwp,-6.447,4.2312,40.5593
충돌_어선_제33제성호_유조선_스완_충돌사건,충돌,충돌_어선_제33제성호_유조선_스완_충돌사건.hwp,25.4835,-19.1768,-22.0915
충돌_어선_제3공선호.어선_제5준영호_충돌사건,충돌,충돌_어선_제3공선호.어선_제5준영호_충돌사건.hwp,14.1714,9.0514,20.4215
"충돌_어선_제3대광호,_어선_영창호_충돌사건",충돌,"충돌_어선_제3대광호,_어선_영창호_충돌사건.pdf",12.8762,-21.6173,-18.3695
"충돌_어선_제3명신호,_어선_일출호_충돌사건",충돌,"충돌_어선_제3명신호,_어선_일출호_충돌사건.hwpx",4.7291,-12.0696,30.4905
충돌_어선_제3명신호.산적화물선_서던_스피릿_충돌사건,충돌,충돌_어선_제3명신호.산적화물선_서던_스피릿_충돌사건.hwp,-9.8256,-14.7986,-17.7499
충돌_어선_제5002성보호_어선_제86평진호_충돌사건,충돌,충돌_어선_제5002성보호_어선_제86평진호_충돌사건.hwp,-17.4317,-13.0411,23.5454
충돌_어선_제52금영호_어선_광명호_충돌사건,충돌,충돌_어선_제52금영호_어선_광명호_충돌사건.hwp,3.3004,0.0175,24.2142
"충돌_어선_제53삼광호,_어선_동일호_충돌사건",충돌,"충돌_어선_제53삼광호,_어선_동일호_충돌사건.hwpx",1.8754,-3.8383,39.0743
충돌_어선_제5대광호_어선_제209광진호_충돌사건,충돌,충돌_어선_제5대광호_어선_제209광진호_충돌사건.hwp,-0.5905,-16.5838,-4.5186
충돌_어선_제5삼영호_낚시어선_동해호_충돌사건,충돌,충돌_어선_제5삼영호_낚시어선_동해호_충돌사건.hwp,0.5956,-21.2697,14.3111
충돌_어선_제5정민호_어선_제710태양호_충돌사건,충돌,충돌_어선_제5정민호_어선_제710태양호_충돌사건.hwp,21.7809,4.6817,4.2034
"충돌_어선_제600만성호,_어선_재경호_충돌사건",충돌,"충돌_어선_제600만성호,_어선_재경호_충돌사건.hwpx",25.0192,3.2302,-1.3239
충돌_어선_제607명성호_일반화물선_트러윈드어코드_충돌사건,충돌,충돌_어선_제607명성호_일반화물선_트러윈드어코드_충돌사건.hwp,-1.5533,-0.0134,26.7199
충돌_어선_제608명성호-어선_5부성호_충돌사건,충돌,충돌_어선_제608명성호-어선_5부성호_충돌사건.hwp,15.9492,-23.4343,-11.4688
충돌_어선_제69해동호&산적화물선_오션레전드_충돌사건,충돌,충돌_어선_제69해동호&산적화물선_오션레전드_충돌사건.hwp,9.7452,-12.4236,0.498
충돌_어선_제6용성호&어선_한일호_충돌사건,충돌,충돌_어선_제6용성호&어선_한일호_충돌사건.hwp,4.9419,-32.8501,-22.945
충돌_어선_제703유경호_어선_세양호_충돌사건,충돌,충돌_어선_제703유경호_어선_세양호_충돌사건.pdf,8.6882,-10.8307,-19.6747
"충돌_어선_제708우리호,_어선_제909민성호_충돌사건",충돌,"충돌_어선_제708우리호,_어선_제909민성호_충돌사건.hwp",7.2857,-4.5951,31.0008
충돌_어선_제76대창호.어선_제2대부호_충돌사건,충돌,충돌_어선_제76대창호.어선_제2대부호_충돌사건.hwpx,-1.2065,-11.7181,7.5301
충돌_어선_제7덕연호ㆍ어선_서해호_충돌사건,충돌,충돌_어선_제7덕연호ㆍ어선_서해호_충돌사건.pdf,19.2192,-22.6303,-26.4391
충돌_어선_제7이성호-어선_골든_크라운_충돌사건,충돌,충돌_어선_제7이성호-어선_골든_크라운_충돌사건.hwp,25.2949,-26.6859,-11.848
"충돌_어선_제7청진호,_어선_포레나호_충돌사건",충돌,"충돌_어선_제7청진호,_어선_포레나호_충돌사건.hwp",6.6839,3.8831,-8.4592
"충돌_어선_제87조일호,_어선_제88조일호_충돌사건",충돌,"충돌_어선_제87조일호,_어선_제88조일호_충돌사건.pdf",-12.4801,-12.5233,26.3046
"충돌_어선_제902금성호,_일반화물선_순신_충돌사건",충돌,"충돌_어선_제902금성호,_일반화물선_순신_충돌사건.hwp",13.5563,-27.3902,-7.3058
"충돌_어선_제903청룡호,_어선_제2010대승호_충돌사건",충돌,"충돌_어선_제903청룡호,_어선_제2010대승호_충돌사건.hwp",15.1881,-16.9792,-23.3547
"충돌_어선_제97임수호,_액화석유가스운반선_구이페이_충돌사건",충돌,"충돌_어선_제97임수호,_액화석유가스운반선_구이페이_충돌사건.hwp",9.9781,-29.1612,-10.6206
충돌_어선_제98평진호_활어운반선_동유안_6(DONG_YUAN_6)_충돌사건,충돌,충돌_어선_제98평진호_활어운반선_동유안_6(DONG_YUAN_6)_충돌사건.hwp,-0.4821,-17.0687,2.617
충돌_어선_제9창남호_어선_제638신양호_충돌사건,충돌,충돌_어선_제9창남호_어선_제638신양호_충돌사건.hwp,10.3184,-1.4873,34.3659
충돌_어선_진영2호·낚시어선_해상2호_충돌사건,충돌,충돌_어선_진영2호·낚시어선_해상2호_충돌사건.pdf,8.0956,-17.0122,17.2562
"충돌_어선_진흥호,_어선_찬성호_충돌사건",충돌,"충돌_어선_진흥호,_어선_찬성호_충돌사건.pdf",13.1876,-28.1212,-23.6789
충돌_어선_찬영호.어선_의지3호_충돌사건,충돌,충돌_어선_찬영호.어선_의지3호_충돌사건.pdf,-17.706,-0.6304,15.9325
충돌_어선_창준2호-어선_세훈호_충돌사건,충돌,충돌_어선_창준2호-어선_세훈호_충돌사건.pdf,-19.4957,-7.8308,20.7566
충돌_어선_청일호.어선_동인1호_충돌사건,충돌,충돌_어선_청일호.어선_동인1호_충돌사건.hwpx,3.028,10.0098,13.7029
충돌_어선_청정호.어선_제3풍성호_충돌사건,충돌,충돌_어선_청정호.어선_제3풍성호_충돌사건.hwpx,15.7447,12.1518,9.0386
충돌_어선_춘심_·_모터보트_글로리_충돌사건,충돌,충돌_어선_춘심_·_모터보트_글로리_충돌사건.hwp,-9.7004,-10.0389,40.0483
충돌_어선_킹스타호_수상오토바이_2017제이에프51_충돌사건,충돌,충돌_어선_킹스타호_수상오토바이_2017제이에프51_충돌사건.hwp,18.5787,-39.3872,-6.1495
충돌_어선_태곤호_어선_주영2호_충돌사건,충돌,충돌_어선_태곤호_어선_주영2호_충돌사건.hwp,17.0451,4.1359,11.9312
충돌_어선_태성호의_계류줄_풀림으로_인한_대원호_충돌사건,충돌,충돌_어선_태성호의_계류줄_풀림으로_인한_대원호_충돌사건.pdf,33.867,14.5587,-7.777
"충돌_어선_태종호,_어선_단경호_충돌사건",충돌,"충돌_어선_태종호,_어선_단경호_충돌사건.hwpx",5.4197,9.7208,28.451
충돌_어선_풍천호-어선_삼광호_충돌사건,충돌,충돌_어선_풍천호-어선_삼광호_충돌사건.hwp,4.3107,-20.3594,8.0502
"충돌_어선_해우리호,_어선_혜은호_충돌사건",충돌,"충돌_어선_해우리호,_어선_혜은호_충돌사건.hwp",11.7062,-22.2563,4.1519
충돌_어선_혜수호-모터보트_해호_충돌사건,충돌,충돌_어선_혜수호-모터보트_해호_충돌사건.hwp,-7.3447,-9.6333,-3.0639
충돌_어선_휘동호·어선_동해26호_충돌사건,충돌,충돌_어선_휘동호·어선_동해26호_충돌사건.hwp,3.5569,-27.1918,-15.2386
충돌_어선_흥성호_어선_태성호_충돌사건,충돌,충돌_어선_흥성호_어선_태성호_충돌사건.hwp,25.5735,-19.9958,23.2082
충돌_어선경림호.압항예선_제101삼일호의_압항부선_제103삼일호_충돌사건,충돌,충돌_어선경림호.압항예선_제101삼일호의_압항부선_제103삼일호_충돌사건.hwpx,-18.7151,7.1825,-8.1096
충돌_어업지도선_무궁화14호·어선_대광호_충돌사건,충돌,충돌_어업지도선_무궁화14호·어선_대광호_충돌사건.pdf,34.6188,11.9958,24.0314
충돌_여객선_하모니플라워호_선원부상사건,충돌,충돌_여객선_하모니플라워호_선원부상사건.hwp,-42.7287,-0.3787,-2.819
충돌_예인선_101경원호의_피예인부선_동일502호·부선_해건9001호_충돌사건,충돌,충돌_예인선_101경원호의_피예인부선_동일502호·부선_해건9001호_충돌사건.pdf,-7.5188,-24.085,-9.4541
충돌_예인선_101삼우호_침수사건,충돌,충돌_예인선_101삼우호_침수사건.hwp,-5.4806,19.4129,23.8093
"충돌_예인선_29조양호의_피예인부선_해광5005호,_어선_제801금승호_충돌사건",충돌,"충돌_예인선_29조양호의_피예인부선_해광5005호,_어선_제801금승호_충돌사건.hwpx",-15.8588,1.4341,21.9654
충돌_예인선_301조양호의_피예인부선_건민17000호ㆍ어선_광해호_충돌사건,충돌,충돌_예인선_301조양호의_피예인부선_건민17000호ㆍ어선_광해호_충돌사건.pdf,-4.784,-30.0798,-4.0338
충돌_예인선_305성신호의_피예인부선_5003성신호_어선_5운반호_충돌사건,충돌,충돌_예인선_305성신호의_피예인부선_5003성신호_어선_5운반호_충돌사건.hwp,-7.9369,-24.3655,26.6227
충돌_예인선_77신정호의_피예인부선_케이제이-3001호_낚시어선_은빛호_충돌ᄉ_6691206a,충돌,충돌_예인선_77신정호의_피예인부선_케이제이-3001호_낚시어선_은빛호_충돌ᄉ_6691206a.hwp,-0.6833,2.4099,31.505
충돌_예인선_광진107호-어선_제212창성호_충돌사건,충돌,충돌_예인선_광진107호-어선_제212창성호_충돌사건.pdf,16.0009,-20.6624,-20.1516
충돌_예인선_광진107호의_피예인부선_재성101호·카페리화물부선_동서6001호_충_75ddac1e,충돌,충돌_예인선_광진107호의_피예인부선_재성101호·카페리화물부선_동서6001호_충_75ddac1e.pdf,-7.304,-21.8077,-6.2896
충돌_예인선_광진월드7호_피예인부선_광진8001호와_크루즈_여객선_퀀텀_오_3de313c0,충돌,충돌_예인선_광진월드7호_피예인부선_광진8001호와_크루즈_여객선_퀀텀_오_3de313c0.hwp,-4.7289,2.1219,31.7806
충돌_예인선_남영호의_피예인부선_장원5001호·어선_3만성호_충돌사건,충돌,충돌_예인선_남영호의_피예인부선_장원5001호·어선_3만성호_충돌사건.hwp,9.4021,17.1383,22.5617
충돌_예인선_부경103호의_피예인부선_광진1501호·어선_신성호_충돌사건,충돌,충돌_예인선_부경103호의_피예인부선_광진1501호·어선_신성호_충돌사건.hwpx,-16.8864,11.3881,7.6543
"충돌_예인선_삼표301호의_피예인부선_삼표302호,_일반화물선_창성_충돌사건",충돌,"충돌_예인선_삼표301호의_피예인부선_삼표302호,_일반화물선_창성_충돌사건.hwp",4.6525,-10.2549,20.1724
충돌_예인선_안진1호의_피예인부선_현대프린세스·기타선_삼성더블유-2호__108f14c9,충돌,충돌_예인선_안진1호의_피예인부선_현대프린세스·기타선_삼성더블유-2호__108f14c9.hwp,-1.7526,-4.9994,26.6349
충돌_예인선_에스에스_티3호의_피예인부선_에스에스_비1호_·어선_거성호_충돌ᄉ_48e1432b,충돌,충돌_예인선_에스에스_티3호의_피예인부선_에스에스_비1호_·어선_거성호_충돌ᄉ_48e1432b.hwp,-16.2859,8.7482,-4.6569
충돌_예인선_울산109호의_피예인부선_울산6003호·어선_1신창호_충돌사건,충돌,충돌_예인선_울산109호의_피예인부선_울산6003호·어선_1신창호_충돌사건.hwpx,6.3261,-21.4321,-7.7126
충돌_예인선_제305해송호&피예인부선_디씨지1호_충돌사건,충돌,충돌_예인선_제305해송호&피예인부선_디씨지1호_충돌사건.hwp,-12.4917,9.8259,-5.8482
충돌_예인선_케이-1호의_피예인부선_현대미포8001호ㆍ어선_해영3호_등_2척_충돌_d34f5078,충돌,충돌_예인선_케이-1호의_피예인부선_현대미포8001호ㆍ어선_해영3호_등_2척_충돌_d34f5078.pdf,14.0171,-17.1501,-30.0479
충돌_예인선_현대쥬베일호·어선_제311명천호_충돌사건,충돌,충돌_예인선_현대쥬베일호·어선_제311명천호_충돌사건.pdf,-17.5197,-2.314,22.1412
충돌_원양어선_제38한성호_석유제품운반선_대운호_충돌사건,충돌,충돌_원양어선_제38한성호_석유제품운반선_대운호_충돌사건.hwp,-9.7054,-2.4642,37.0708
충돌_유류_및_액체화학품산적운반선_와이엔_오션_어선_305광림호_충돌_f5c78e53,충돌,충돌_유류_및_액체화학품산적운반선_와이엔_오션_어선_305광림호_충돌_f5c78e53.hwp,-1.7001,6.0571,40.7435
충돌_유류_및_액체화학품산적운반선_우진_켈리_석유제품운반선_골_055f93f7,충돌,충돌_유류_및_액체화학품산적운반선_우진_켈리_석유제품운반선_골_055f93f7.hwp,-14.0738,4.3166,34.1041
충돌_유류_및_액체화학품산적운반선_울산_파이오니어_자동차운반선__f5b9037f,충돌,충돌_유류_및_액체화학품산적운반선_울산_파이오니어_자동차운반선__f5b9037f.hwp,-4.4058,-9.7472,30.6536
충돌_유류_및_액체화학품산적운반선_제이앤_아이리스_중국_모래운반ᄉ_a393b3f9,충돌,충돌_유류_및_액체화학품산적운반선_제이앤_아이리스_중국_모래운반ᄉ_a393b3f9.pdf,29.8425,23.7687,10.6362
충돌_유류_및_액체화학품산적운반선_케이티에스_그린호-어선_제322광덕ᄒ_08035755,충돌,충돌_유류_및_액체화학품산적운반선_케이티에스_그린호-어선_제322광덕ᄒ_08035755.pdf,11.9327,-22.5558,-23.7567
충돌_유선_충무공거북선_낚시어선_올레호_충돌사건,충돌,충돌_유선_충무공거북선_낚시어선_올레호_충돌사건.pdf,22.5661,-2.1272,18.4858
충돌_유조선_1거성_예인선_303일신호의_피예인_지질조사용_구조물_충돌사건,충돌,충돌_유조선_1거성_예인선_303일신호의_피예인_지질조사용_구조물_충돌사건.hwp,-1.0706,11.0167,6.3571
충돌_유조선_308효동케미호ㆍ어선_이화호_충돌사건,충돌,충돌_유조선_308효동케미호ㆍ어선_이화호_충돌사건.pdf,-11.7365,-6.3738,21.1847
충돌_유조선_사핀스트렝스_방파제_접촉사건,충돌,충돌_유조선_사핀스트렝스_방파제_접촉사건.hwpx,-8.3029,-4.2795,17.6838
충돌_일반화물선_광양7호_어선_해동호_충돌사건,충돌,충돌_일반화물선_광양7호_어선_해동호_충돌사건.hwp,-2.3664,-1.6566,37.4262
충돌_일반화물선_광저우스타_엘피지운반선_카시마마루8_충돌사건,충돌,충돌_일반화물선_광저우스타_엘피지운반선_카시마마루8_충돌사건.hwp,-12.04,7.0282,26.2175
충돌_일반화물선_대호제주ㆍ어선_한연호_충돌사건,충돌,충돌_일반화물선_대호제주ㆍ어선_한연호_충돌사건.pdf,-1.3798,-8.0383,19.0018
충돌_일반화물선_에스앤케이_레이디호-예인선_삼표201호의_피예인부선_삼ᄑ_387cd8ed,충돌,충돌_일반화물선_에스앤케이_레이디호-예인선_삼표201호의_피예인부선_삼ᄑ_387cd8ed.pdf,30.0684,16.2378,-5.8309
충돌_일반화물선_우현_호프·유류_및_액체화학품산적운반선_스카이케_9227fc19,충돌,충돌_일반화물선_우현_호프·유류_및_액체화학품산적운반선_스카이케_9227fc19.hwpx,4.0744,2.0271,13.3282
충돌_일반화물선_일현정호&어선_제2008성해호_충돌사건,충돌,충돌_일반화물선_일현정호&어선_제2008성해호_충돌사건.hwp,21.3633,-20.7834,-18.0395
충돌_일반화물선_일현정호_어선_제2해성호_충돌사건,충돌,충돌_일반화물선_일현정호_어선_제2해성호_충돌사건.pdf,-16.5413,-5.1478,26.1755
충돌_일반화물선_제니스_로얄호-어선_제27한일호_충돌사건,충돌,충돌_일반화물선_제니스_로얄호-어선_제27한일호_충돌사건.hwp,7.7372,-22.4488,12.4665
충돌_일반화물선_포세이돈_어선_형통호_충돌사건,충돌,충돌_일반화물선_포세이돈_어선_형통호_충돌사건.hwp,6.1254,4.2987,29.8061
"충돌_잠수함_나대용함,_자동차운반선_호그런던_충돌사건",충돌,"충돌_잠수함_나대용함,_자동차운반선_호그런던_충돌사건.hwp",11.1112,-0.3981,16.0727
충돌_잠수함_나대용함_자동차운반선_호그런던_충돌사건,충돌,충돌_잠수함_나대용함_자동차운반선_호그런던_충돌사건.hwp,12.4488,2.1793,17.3667
충돌_중앙해심_제2022-001호(낚시어선_금성피싱호.어선_수진호_충돌사건)_공_733ef807,충돌,충돌_중앙해심_제2022-001호(낚시어선_금성피싱호.어선_수진호_충돌사건)_공_733ef807.hwp,13.2002,7.4603,24.115
충돌_중앙해심_제2022-003(어선_제25일성호.냉동운반선_스바루_충돌사건)_공_0a03d2e2,충돌,충돌_중앙해심_제2022-003(어선_제25일성호.냉동운반선_스바루_충돌사건)_공_0a03d2e2.hwp,21.7441,-36.6875,-12.0372
"충돌_청항선_포항해양3호,_어선_해동호_충돌사건",충돌,"충돌_청항선_포항해양3호,_어선_해동호_충돌사건.hwp",8.0135,-6.4323,14.2468
충돌_카페리선_뉴은혜페리호_실뱀장어안강망_바지접촉사건,충돌,충돌_카페리선_뉴은혜페리호_실뱀장어안강망_바지접촉사건.hwpx,-5.6051,8.0395,11.4022
충돌_카페리선_성우제주-화물_및_카페리선_금영레드포스_충돌사건,충돌,충돌_카페리선_성우제주-화물_및_카페리선_금영레드포스_충돌사건.hwp,-12.9403,-14.0867,0.9298
충돌_카페리여객선_금오고속페리호&어선_신성호_충돌사건,충돌,충돌_카페리여객선_금오고속페리호&어선_신성호_충돌사건.hwp,23.5115,-17.4485,-16.1122
충돌_카페리여객선_비금아일랜드호·어선_영준2호_등_3척_충돌사건,충돌,충돌_카페리여객선_비금아일랜드호·어선_영준2호_등_3척_충돌사건.hwp,-11.3668,19.1013,-2.9535
충돌_카페리여객선_섬드리비금농협고속페리_기관손상사건,충돌,충돌_카페리여객선_섬드리비금농협고속페리_기관손상사건.hwp,-24.9977,15.883,13.6093
"충돌_카페리여객선_여수경도골프앤리조트_,_어선_대성호_충돌사건",충돌,"충돌_카페리여객선_여수경도골프앤리조트_,_어선_대성호_충돌사건.hwpx",8.7864,-40.5885,-6.6827
충돌_카페리여객선_오션_비스타_제주&해경함_3012함_충돌사건,충돌,충돌_카페리여객선_오션_비스타_제주&해경함_3012함_충돌사건.hwp,-5.3481,-2.8335,13.0616
충돌_카페리여객선_욕지영동골드고속호.낚시어선_제2비너스호_충돌사건,충돌,충돌_카페리여객선_욕지영동골드고속호.낚시어선_제2비너스호_충돌사건.hwpx,28.8624,-8.0606,19.13
충돌_카페리여객선_코리아익스프레스카훼리호카페리여객선_대부고속페리3호__d584002c,충돌,충돌_카페리여객선_코리아익스프레스카훼리호카페리여객선_대부고속페리3호__d584002c.pdf,-13.2174,-7.6062,32.7647
충돌_카페리여객선_태평양_3호-어선_제2입성호_충돌사건,충돌,충돌_카페리여객선_태평양_3호-어선_제2입성호_충돌사건.hwp,10.6765,-20.8992,30.6817
충돌_카페리여객선_한일골드스텔라-카페리여객선_뉴스타_충돌사건,충돌,충돌_카페리여객선_한일골드스텔라-카페리여객선_뉴스타_충돌사건.hwp,21.6568,-7.8595,-30.4715
충돌_카페리여객선_한일골드스텔라호&일반화물선_제107대양호_충돌사건,충돌,충돌_카페리여객선_한일골드스텔라호&일반화물선_제107대양호_충돌사건.hwp,17.6852,17.0788,3.0551
"충돌_카페리화물선_금광11호,_어선_제27만창호_충돌사건",충돌,"충돌_카페리화물선_금광11호,_어선_제27만창호_충돌사건.hwp",34.122,3.0658,-16.6976
충돌_카페리화물선_미래15호.도선_죽도_해바라기호_충돌사건,충돌,충돌_카페리화물선_미래15호.도선_죽도_해바라기호_충돌사건.hwpx,19.0389,21.2827,5.8655
충돌_컨테이너선_스카이챌린지_어선_제101성창호_충돌사건,충돌,충돌_컨테이너선_스카이챌린지_어선_제101성창호_충돌사건.hwp,24.1394,3.0912,16.8035
"충돌_컨테이너선_홍콩_보이저호,_컨테이너선_티엔_푸_허_충돌사건",충돌,"충돌_컨테이너선_홍콩_보이저호,_컨테이너선_티엔_푸_허_충돌사건.hwpx",-12.0863,-1.4284,39.6414
"충돌_컨테이너운반선_동진엔터프라이즈,_일반화물선_삼성2호_충돌사건",충돌,"충돌_컨테이너운반선_동진엔터프라이즈,_일반화물선_삼성2호_충돌사건.hwpx",39.1904,-1.4431,-13.652
충돌_컨테이너운반선_요코하마_트레이더_예인선_901조양의_피예인부선_세방2_d0606463,충돌,충돌_컨테이너운반선_요코하마_트레이더_예인선_901조양의_피예인부선_세방2_d0606463.pdf,28.5345,24.8407,1.2468
"충돌_케미컬운반선_포천수완,_원유운반선_프론트_더체스_충돌사건",충돌,"충돌_케미컬운반선_포천수완,_원유운반선_프론트_더체스_충돌사건.hwp",-27.7395,-1.6404,-6.1357
충돌_화물_및_카페리선_세주프런티어호&기타선_해천마린2호,충돌,충돌_화물_및_카페리선_세주프런티어호&기타선_해천마린2호.hwp,5.1319,4.2906,18.6662
"충돌_화물_및_카페리선_케이에스_헤르메스호,_액화천연가스운반선_에스엠__8b440578",충돌,"충돌_화물_및_카페리선_케이에스_헤르메스호,_액화천연가스운반선_에스엠__8b440578.hwpx",21.5149,-10.1048,-33.0224
충돌_화물선_헤세드호.어선_길영호_충돌사건,충돌,충돌_화물선_헤세드호.어선_길영호_충돌사건.hwp,2.7753,-2.7544,15.7137
침몰_기타선_대곡호_침몰사건,침몰,침몰_기타선_대곡호_침몰사건.hwp,11.8503,22.1324,-6.7022
침몰_기타선_동평호_침몰사건,침몰,침몰_기타선_동평호_침몰사건.hwp,-22.2256,11.568,6.6576
침몰_녹조제거선_무등록부선_침몰사건,침몰,침몰_녹조제거선_무등록부선_침몰사건.hwpx,-2.7627,-3.3183,19.8295
침몰_방제선_물사랑호_침몰사건,침몰,침몰_방제선_물사랑호_침몰사건.pdf,-8.5441,30.3338,10.8245
침몰_어선_고려호의_피예인어선_금강호_침몰사건,침몰,침몰_어선_고려호의_피예인어선_금강호_침몰사건.hwp,-44.1078,2.6745,8.8772
침몰_어선_유동호·어선_유동2호_침몰사건,침몰,침몰_어선_유동호·어선_유동2호_침몰사건.pdf,-2.0691,15.6724,1.6722
침몰_어선_제127대양호_침몰사건,침몰,침몰_어선_제127대양호_침몰사건.hwp,-4.6873,-26.9325,26.8273
침몰_어선_제1두두호_침몰사건,침몰,침몰_어선_제1두두호_침몰사건.hwp,-12.4782,-1.5107,-22.6879
침몰_어선_제2나일호_침몰사건,침몰,침몰_어선_제2나일호_침몰사건.pdf,12.8073,-11.8789,-12.1042
침몰_어선_제71용득호_침몰사건,침몰,침몰_어선_제71용득호_침몰사건.hwp,-9.6015,33.7144,-3.9534
침몰_예인선_707대진호의_피예인부선_제202한성호_침몰사건,침몰,침몰_예인선_707대진호의_피예인부선_제202한성호_침몰사건.hwp,-20.3963,-8.1889,-25.8366
침몰_예인선_7삼영호_침몰사건,침몰,침몰_예인선_7삼영호_침몰사건.hwp,10.8626,17.756,31.0058
침몰_예인선_금신101호_침몰사건,침몰,침몰_예인선_금신101호_침몰사건.pdf,11.8932,14.9425,-2.4387
침몰_예인선_신동2_침몰사건,침몰,침몰_예인선_신동2_침몰사건.hwp,-11.7677,17.7179,22.6629
침몰_예인선_제2종영호_침몰사건,침몰,침몰_예인선_제2종영호_침몰사건.hwpx,-18.5285,-20.1999,-19.786
침몰_예인선_제66동원호_침몰사건,침몰,침몰_예인선_제66동원호_침몰사건.hwp,-8.5491,16.6485,22.7047
침몰_일반화물선_현대_패션호_침몰사건,침몰,침몰_일반화물선_현대_패션호_침몰사건.pdf,-13.9327,13.764,17.0909
폭발_기타유조선_제3우진호_폭발사건,폭발,폭발_기타유조선_제3우진호_폭발사건.hwpx,-36.556,4.1239,10.9226
폭발_어선_209금영호_폭발사건,폭발,폭발_어선_209금영호_폭발사건.pdf,-25.8631,11.5866,-2.7612
폭발_어선_금강1호_폭발사건,폭발,폭발_어선_금강1호_폭발사건.hwpx,-35.3597,-5.815,2.9295
폭발_어선_누리호_폭발사건,폭발,폭발_어선_누리호_폭발사건.pdf,-30.8078,14.0293,-0.261
폭발_어선_청해7호_폭발사건,폭발,폭발_어선_청해7호_폭발사건.hwp,-25.1373,-8.0132,-0.5048
폭발_어선_해달수산호_폭발사건,폭발,폭발_어선_해달수산호_폭발사건.hwpx,-32.3402,-3.5261,-11.4834
폭발_컨테이너선_케이엠티씨_홍콩호_폭발사건,폭발,폭발_컨테이너선_케이엠티씨_홍콩호_폭발사건.pdf,-32.3596,7.4768,19.2446
해양오염_건설기계등록_준설선_해양오염사건,해양오염,해양오염_건설기계등록_준설선_해양오염사건.hwpx,1.2229,25.9816,18.0424
해양오염_부선_에스비1603호_해양오염사건,해양오염,해양오염_부선_에스비1603호_해양오염사건.hwpx,-20.0732,25.4691,9.3162
해양오염_부선_제108송양호_해양오염사건,해양오염,해양오염_부선_제108송양호_해양오염사건.hwp,-33.008,0.1892,5.2953
해양오염_석유제품운반선_덕성2호_해양오염사건,해양오염,해양오염_석유제품운반선_덕성2호_해양오염사건.hwpx,-25.1871,4.2343,5.0635
해양오염_석유제품운반선_미션_해양오염사건,해양오염,해양오염_석유제품운반선_미션_해양오염사건.hwp,-31.2873,4.1907,9.1375
해양오염_석유제품운반선_보광토파즈_해양오염사건,해양오염,해양오염_석유제품운반선_보광토파즈_해양오염사건.hwp,-39.2437,2.1903,2.099
해양오염_석유제품운반선_삼우7호_해양오염사건,해양오염,해양오염_석유제품운반선_삼우7호_해양오염사건.pdf,-40.1045,3.7146,7.0856
해양오염_석유제품운반선_아람_해양오염사건,해양오염,해양오염_석유제품운반선_아람_해양오염사건.hwpx,-32.9824,4.9687,3.7043
해양오염_석유제품운반선_아성호_해양오염사건,해양오염,해양오염_석유제품운반선_아성호_해양오염사건.hwp,-30.8321,8.7331,6.1635
해양오염_석유제품운반선_제9원양호_해양오염사건,해양오염,해양오염_석유제품운반선_제9원양호_해양오염사건.hwp,-24.1453,7.6154,9.5163
해양오염_액체화학품산적운반선_107효동케미_해양오염사건,해양오염,해양오염_액체화학품산적운반선_107효동케미_해양오염사건.hwp,-35.2689,5.027,-7.8184
해양오염_어선_제111대진호_해양오염사건,해양오염,해양오염_어선_제111대진호_해양오염사건.hwp,-12.8337,29.3649,26.0895
해양오염_어선_제123대양호_해양오염사건,해양오염,해양오염_어선_제123대양호_해양오염사건.hwp,-36.1479,0.4063,-6.6147
해양오염_어선_제155희영호_해양오염사건,해양오염,해양오염_어선_제155희영호_해양오염사건.hwp,-35.2806,0.3945,0.0768
해양오염_어선_제89보광호_해양오염사건,해양오염,해양오염_어선_제89보광호_해양오염사건.hwp,-2.2793,28.8362,18.4396
해양오염_예인선_303종영호_해양오염사건,해양오염,해양오염_예인선_303종영호_해양오염사건.hwp,-16.3992,19.51,10.4605
해양오염_예인선_광진107호_해양오염사건,해양오염,해양오염_예인선_광진107호_해양오염사건.pdf,-27.3624,-3.3762,1.5071
해양오염_예인선_금호스타호_해양오염사건,해양오염,해양오염_예인선_금호스타호_해양오염사건.hwp,-29.4357,7.5195,0.7926
해양오염_예인선_동아티3호_해양오염사건,해양오염,해양오염_예인선_동아티3호_해양오염사건.pdf,-34.5754,13.8488,3.9184
해양오염_예인선_창일201호_해양오염사건,해양오염,해양오염_예인선_창일201호_해양오염사건.hwpx,-25.2732,24.1798,8.1216
해양오염_예인선_태성2000호_해양오염사건,해양오염,해양오염_예인선_태성2000호_해양오염사건.hwp,-32.2454,3.4335,-1.241
해양오염_예인선_태양21호_해양오염사건,해양오염,해양오염_예인선_태양21호_해양오염사건.hwpx,-30.2264,-0.4839,0.8516
해양오염_유류_및_액체화학품산적운반선_그레이스_해양오염사건,해양오염,해양오염_유류_및_액체화학품산적운반선_그레이스_해양오염사건.hwp,-42.3874,4.7339,1.0583
해양오염_유류_및_액체화학품산적운반선_뉴하모니호_해양오염사건,해양오염,해양오염_유류_및_액체화학품산적운반선_뉴하모니호_해양오염사건.pdf,-34.41,-0.4101,12.9977
해양오염_유류_및_액체화학품산적운반선_우석호_해양오염사건,해양오염,해양오염_유류_및_액체화학품산적운반선_우석호_해양오염사건.hwp,-28.2953,2.734,3.5
해양오염_유류운반부선_5덕승호_해양오염사건,해양오염,해양오염_유류운반부선_5덕승호_해양오염사건.hwp,-37.1394,6.4928,-0.7658
해양오염_유류운반부선_은성_해양오염사건,해양오염,해양오염_유류운반부선_은성_해양오염사건.hwpx,-37.5736,2.9813,-4.5159
해양오염_인천해심_제2025-013호_유류_및_액체화학품운반선_범영_해양오염_56318a7f,해양오염,해양오염_인천해심_제2025-013호_유류_및_액체화학품운반선_범영_해양오염_56318a7f.pdf,-35.2008,10.5495,-2.9163
해양오염_일반화물선_포스_해양오염사건,해양오염,해양오염_일반화물선_포스_해양오염사건.hwp,-27.9865,3.9803,-2.6058
해양오염_카페리선_씨월드_마린_해양오염사건,해양오염,해양오염_카페리선_씨월드_마린_해양오염사건.hwp,-37.8719,11.2768,4.9648
해양오염_카페리여객선_슬로아일랜드_해양오염사건,해양오염,해양오염_카페리여객선_슬로아일랜드_해양오염사건.hwpx,-40.3127,7.6299,5.3997
해양오염_컨테이너선_스카이_티아라_해양오염사건,해양오염,해양오염_컨테이너선_스카이_티아라_해양오염사건.hwp,-41.1342,11.5194,0.0858
행방불명_어선_대금호_선원실종사건,행방불명,행방불명_어선_대금호_선원실종사건.hwp,24.081,15.1504,-21.1382
행방불명_어선_제2020유진호_선원실종사건,행방불명,행방불명_어선_제2020유진호_선원실종사건.hwp,1.8157,30.5605,-16.2947
행방불명_어선_제3입성호_선원실종사건,행방불명,행방불명_어선_제3입성호_선원실종사건.hwpx,4.8864,1.3158,-28.6334
행방불명_어선_제8088해정호_선원실종사건,행방불명,행방불명_어선_제8088해정호_선원실종사건.hwpx,12.2794,-1.4782,-13.6412
행방불명_어선_태건호_선원실종사건,행방불명,행방불명_어선_태건호_선원실종사건.hwp,-2.2089,25.6741,-35.748
행방불명_어선_해금호_선원실종사건,행방불명,행방불명_어선_해금호_선원실종사건.hwp,11.7419,19.164,-23.6571
화재_기타선_리스폰더_화재사건,화재,화재_기타선_리스폰더_화재사건.hwp,-18.7476,-22.9704,1.6943
화재_낚시어선_그랜드호_화재사건,화재,화재_낚시어선_그랜드호_화재사건.hwp,-35.4387,-11.9487,-3.8052
화재_낚시어선_금까마귀호_화재사건,화재,화재_낚시어선_금까마귀호_화재사건.pdf,-33.3734,-31.7945,-1.3575
화재_낚시어선_영석호_화재사건,화재,화재_낚시어선_영석호_화재사건.pdf,-27.5534,-12.6842,-19.5166
화재_낚시어선_오션파티호_폭발사건,화재,화재_낚시어선_오션파티호_폭발사건.pdf,-38.931,-4.1157,1.7138
화재_낚시어선_트레비스호_화재사건,화재,화재_낚시어선_트레비스호_화재사건.hwp,-21.5989,15.6453,30.2009
화재_낚시어선_파워호_화재사건,화재,화재_낚시어선_파워호_화재사건.pdf,-31.3476,-31.3924,2.2129
화재_모터보트_사라토카_화재사건,화재,화재_모터보트_사라토카_화재사건.hwpx,-19.84,-17.3598,0.6984
화재_석유제품운반선_태화1호_화재사건,화재,화재_석유제품운반선_태화1호_화재사건.hwpx,-38.6129,-13.838,4.1076
화재_어선_201태창호_화재사건,화재,화재_어선_201태창호_화재사건.hwp,-23.611,-18.2434,-0.4896
화재_어선_경일호_화재사건,화재,화재_어선_경일호_화재사건.pdf,-7.3602,23.6199,13.6628
화재_어선_기원호_등_4척_화재사건,화재,화재_어선_기원호_등_4척_화재사건.hwpx,-31.7718,-11.9527,3.6407
화재_어선_길창호_화재사건,화재,화재_어선_길창호_화재사건.pdf,-36.6315,-30.0669,1.3818
화재_어선_대성호_화재사건,화재,화재_어선_대성호_화재사건.hwp,7.9621,-10.1173,-25.6887
화재_어선_만금호_화재사건,화재,화재_어선_만금호_화재사건.hwp,-29.5074,-21.2272,-1.4628
화재_어선_방주호_화재사건,화재,화재_어선_방주호_화재사건.pdf,-30.0011,-24.2047,-6.2458
화재_어선_배양호_화재사건,화재,화재_어선_배양호_화재사건.hwp,3.793,-30.4631,-14.5985
화재_어선_벽강호_화재사건,화재,화재_어선_벽강호_화재사건.hwp,-31.9153,-19.8783,9.8974
화재_어선_서윤호_화재사건,화재,화재_어선_서윤호_화재사건.hwp,-20.8434,-22.9079,6.5
화재_어선_수정호_화재사건,화재,화재_어선_수정호_화재사건.hwpx,-12.6946,25.3982,15.4785
화재_어선_수진호_등_7척_화재사건,화재,화재_어선_수진호_등_7척_화재사건.hwp,-20.7166,12.7986,31.6057
화재_어선_신금영호_등_35척_화재사건,화재,화재_어선_신금영호_등_35척_화재사건.pdf,-36.1207,-21.3856,2.5412
화재_어선_안진호_화재사건,화재,화재_어선_안진호_화재사건.hwpx,-27.5717,-22.6173,7.9148
화재_어선_영남호_화재사건,화재,화재_어선_영남호_화재사건.pdf,-33.4124,-27.2838,-1.6641
화재_어선_영진호_화재사건,화재,화재_어선_영진호_화재사건.hwpx,-27.8885,-17.3706,2.374
화재_어선_용성호_화재사건(약식),화재,화재_어선_용성호_화재사건(약식).hwpx,-32.0452,-16.992,3.9148
화재_어선_유조호_화재사건,화재,화재_어선_유조호_화재사건.hwp,-26.7833,-19.5357,-11.7361
화재_어선_제102동해호_화재사건,화재,화재_어선_제102동해호_화재사건.hwpx,-22.5695,-18.5841,5.8715
화재_어선_제103수복호_화재사건,화재,화재_어선_제103수복호_화재사건.hwp,-28.5014,-29.535,-4.367
화재_어선_제105대승호_화재사건,화재,화재_어선_제105대승호_화재사건.pdf,-19.8073,-26.6784,7.6258
화재_어선_제107부창호_화재사건,화재,화재_어선_제107부창호_화재사건.hwp,-27.8419,-18.8649,7.3393
화재_어선_제153대복호_등_3척_화재사건,화재,화재_어선_제153대복호_등_3척_화재사건.hwpx,-29.7589,-11.6133,8.3264
화재_어선_제1금강호_화재사건,화재,화재_어선_제1금강호_화재사건.pdf,-32.4855,-20.7943,-4.2317
화재_어선_제212창성호_화재사건,화재,화재_어선_제212창성호_화재사건.hwpx,5.8151,-12.3376,-6.4503
화재_어선_제2구봉호_등_7척_화재사건,화재,화재_어선_제2구봉호_등_7척_화재사건.hwpx,-28.5013,-15.1071,-4.1773
화재_어선_제301한창호_화재사건,화재,화재_어선_제301한창호_화재사건.pdf,-27.4785,15.2258,1.8603
화재_어선_제307해양호_화재사건,화재,화재_어선_제307해양호_화재사건.hwp,-26.1732,-25.8952,2.3721
화재_어선_제365청신호_화재사건,화재,화재_어선_제365청신호_화재사건.hwp,-27.0479,-26.285,-3.5752
화재_어선_제3문성호_화재사건,화재,화재_어선_제3문성호_화재사건.hwpx,-20.7027,-14.7294,8.0629
화재_어선_제509유일호_화재사건,화재,화재_어선_제509유일호_화재사건.hwpx,-24.5746,-13.486,-0.0405
화재_어선_제7성현호_화재사건,화재,화재_어선_제7성현호_화재사건.pdf,-32.5214,-26.6374,3.2108
화재_어선_제927영창호_화재사건,화재,화재_어선_제927영창호_화재사건.hwp,-24.2513,-22.1329,-3.3271
화재_어선_채민호_화재사건,화재,화재_어선_채민호_화재사건.hwpx,-25.266,-14.8512,7.3987
화재_어선_태양호_화재사건,화재,화재_어선_태양호_화재사건.hwpx,0.444,-32.7486,-19.4303
화재_어선_평안2호_화재사건,화재,화재_어선_평안2호_화재사건.hwp,-38.6036,-26.7804,1.9262
화재_어선_한림호_화재사건,화재,화재_어선_한림호_화재사건.hwp,-21.4349,-30.5708,0.5242
화재_어선_해덕호_화재사건,화재,화재_어선_해덕호_화재사건.hwpx,-34.2999,-27.8446,6.9365
화재_어선_해안호_등_3척_화재사건,화재,화재_어선_해안호_등_3척_화재사건.hwp,-36.3653,-17.6815,-4.8464
화재_어선_효성호_등_6척_화재사건,화재,화재_어선_효성호_등_6척_화재사건.hwp,-35.261,-12.0098,0.0992
화재_예인선_88경영호_화재사건,화재,화재_예인선_88경영호_화재사건.hwp,-34.6873,-18.0914,-13.052
화재_예인선_서진호_화재사건,화재,화재_예인선_서진호_화재사건.hwp,-17.9443,-9.4629,-22.16
화재_예인선_에스에스_티3_화재사건,화재,화재_예인선_에스에스_티3_화재사건.hwpx,-32.261,-2.3372,-4.673
화재_예인선_태양21호의_피예인부선_태양5001호_화재사건,화재,화재_예인선_태양21호의_피예인부선_태양5001호_화재사건.hwp,-42.0765,-12.1116,1.2992
화재_원양어선_슐_에스테709호_화재사건,화재,화재_원양어선_슐_에스테709호_화재사건.hwp,-33.7648,-7.2006,-3.0892
화재_원양어선_아드리아_화재사건,화재,화재_원양어선_아드리아_화재사건.hwp,-21.7675,-14.3842,-4.8884
화재_유류_및_액체화학품운반선_뉴_브라이트_폭발사건,화재,화재_유류_및_액체화학품운반선_뉴_브라이트_폭발사건.pdf,-28.2683,-11.2859,15.3782
화재_유류_및_액체화학품운반선_팔콘케미스트호_화재사건,화재,화재_유류_및_액체화학품운반선_팔콘케미스트호_화재사건.pdf,-35.0802,-13.3808,-11.1921
화재_일반화물선_한진그린호_화재사건,화재,화재_일반화물선_한진그린호_화재사건.hwpx,-27.7203,-14.4525,-11.1691
화재_일체형압항선_적봉호의_압항부선_대봉_화재사건,화재,화재_일체형압항선_적봉호의_압항부선_대봉_화재사건.hwp,-29.8213,-11.8737,-9.6189
화재_제2017국제호_화재사건,화재,화재_제2017국제호_화재사건.hwp,8.6133,-9.6786,-8.6987
화재_카페리선_골드카페리호_화재사건,화재,화재_카페리선_골드카페리호_화재사건.pdf,-28.0193,-9.4238,-7.4127
화재_카페리여객선_비금아일랜드호_화재사건,화재,화재_카페리여객선_비금아일랜드호_화재사건.hwpx,-28.9483,-23.163,-11.1039
화재_카페리여객선_실버클라우드_화재사건,화재,화재_카페리여객선_실버클라우드_화재사건.hwp,-22.6712,-27.2596,-6.1182
화재_컨테이너선_시노코_요코하마호_화재사건,화재,화재_컨테이너선_시노코_요코하마호_화재사건.hwp,-37.8949,-4.8638,-6.0465
